enrollee_id,training_hours
8949,36
29725,47
11561,83
33241,52
666,8
21651,24
28806,24
402,18
27107,46
699,123
29452,32
23853,108
25619,23
5826,24
8722,26
6588,18
4167,106
5764,7
2156,23
11399,132
31972,68
19061,50
6491,48
7041,65
22767,13
14505,22
17139,148
28476,72
21538,8
10408,68
14928,40
22293,141
4324,24
26966,82
26494,145
4866,206
12726,152
10164,42
8612,50
24659,106
2547,14
13854,36
31654,112
13643,108
5590,7
22452,26
9006,87
25987,52
4476,20
25103,21
5568,92
2195,102
30533,26
28512,7
1023,43
12253,45
25296,52
13238,19
13478,32
18578,26
29975,90
26516,25
24690,15
8433,48
9572,98
5878,142
25695,13
9645,47
12730,28
4830,228
20970,22
17271,18
12731,29
10908,46
29117,12
3686,17
22683,65
22134,35
31765,14
31449,4
5987,12
21762,108
22070,136
25413,27
5902,74
28403,86
30937,83
28751,75
29290,42
32401,332
19128,140
29036,182
16869,13
10497,172
18099,48
12081,33
7364,142
11184,34
7016,14
8695,27
6172,24
14672,150
18257,20
24493,140
1180,52
28627,160
8168,3
10473,2
25349,28
5220,46
4789,210
11338,36
27963,160
8571,101
16303,46
20576,19
32966,26
21199,90
18819,59
14199,260
7666,74
13915,20
10555,8
16040,131
32826,45
13253,109
15637,70
28074,17
23012,51
16110,60
3921,4
24530,7
1924,164
32776,290
1907,145
23947,70
3116,24
24829,133
30488,20
1265,76
22098,21
13342,34
24608,15
20081,156
24796,15
7777,120
22718,47
1261,100
3396,102
4283,52
18998,39
2003,112
31786,14
8241,4
12154,55
23455,49
19882,72
28817,141
4656,28
7280,6
16903,125
13333,326
26241,33
12381,40
4064,198
32092,55
3766,32
30496,11
7189,41
29497,87
31593,114
12384,33
11986,15
31033,8
14835,22
3728,13
3024,246
23508,22
29457,81
12297,11
27708,24
3065,50
29226,15
5493,31
2891,84
32509,42
31841,105
907,72
29526,42
10956,152
26099,60
26163,8
4120,17
7335,33
706,38
9890,178
32683,11
27104,87
7731,84
31943,32
22899,31
33339,39
20866,12
21634,50
29529,55
4478,7
32095,104
18272,90
30098,8
23825,102
7672,202
5633,22
30695,42
5573,50
24936,88
397,81
31602,7
5278,218
16814,62
19249,83
9475,11
4865,10
20881,114
21563,36
25114,17
26002,80
8528,108
6141,45
27667,77
2821,8
21216,28
25495,37
20791,108
28015,162
10685,41
405,4
13891,41
33050,12
399,190
8202,29
8751,11
20744,30
25380,39
24617,16
12509,5
25473,39
13083,29
12454,210
3500,54
15922,44
6685,47
28838,74
24082,8
24846,20
1020,162
6189,110
16994,262
13135,6
14578,19
20732,23
16496,107
16537,134
17358,40
21933,11
7342,102
5630,100
24152,30
17762,20
4310,4
5142,15
22319,14
30912,103
20976,40
13150,27
12206,46
9407,110
13152,96
1069,57
25418,240
22689,42
5104,16
13994,40
27064,94
14598,160
9571,25
30854,11
25290,29
29640,23
17519,113
12111,56
6085,39
27277,20
31692,40
6052,56
18161,106
12934,64
30400,51
26419,41
4188,150
12117,320
28847,20
30472,9
32534,74
22395,129
4876,42
25182,58
26135,126
7517,45
2793,166
25174,110
5593,37
14003,95
33057,29
30484,31
14688,97
25459,16
23657,14
20322,206
22194,204
31401,116
14914,161
20376,25
27530,94
24701,16
6790,100
10102,107
10338,17
15701,140
21218,75
1586,59
9189,146
13788,302
10752,42
28406,131
26320,74
17460,22
18657,53
9384,143
4269,72
14935,7
28033,182
1568,50
15465,82
26233,58
24729,94
29440,60
32652,124
28556,46
12875,57
21078,17
30331,101
5899,31
22787,36
27435,198
2855,31
18385,12
27866,31
7328,26
24807,55
27113,8
6008,38
760,8
2990,32
28229,51
4162,22
27326,17
604,24
2194,19
21564,46
17432,15
13952,23
1988,38
23691,46
10481,214
8540,52
8806,22
15468,65
32747,64
1297,86
4075,52
12772,21
22517,86
26388,288
30676,53
18376,60
10970,178
29961,166
5136,62
20369,35
23505,106
11751,58
12038,44
28590,72
32699,80
10370,166
4095,25
5340,109
9217,37
15294,55
23901,32
5673,51
25421,84
20698,72
41,47
23636,47
9387,20
21466,198
9515,64
20743,23
25766,96
4626,306
4642,8
16178,48
1829,98
2377,46
8287,53
10529,102
30608,76
27546,43
32324,32
8442,54
8151,7
15796,322
9420,96
17083,7
16414,53
32340,161
18462,11
7996,6
30636,72
29982,182
29217,67
18454,50
22508,16
25969,38
28080,98
21134,7
30925,88
29000,112
26925,30
7696,9
25525,36
21989,24
10984,28
26543,166
32043,61
15343,24
30967,8
30191,133
13537,143
23185,29
1434,53
9600,11
25963,7
5141,87
657,18
29991,76
18759,114
23081,56
5731,30
20135,80
18620,52
24226,13
10092,42
1950,56
7909,12
11966,36
10017,67
28391,13
361,100
20797,58
25041,18
18476,90
26668,59
18586,35
17783,11
13256,15
6283,206
2586,130
15279,30
28468,88
17941,18
23384,41
4978,16
28641,95
28915,53
33367,220
14999,21
3999,94
9860,20
31153,47
26616,60
24366,78
19986,5
17786,20
1396,2
22954,206
14775,90
1563,25
29612,8
23856,22
30441,90
22742,56
30265,81
11545,120
2404,18
7243,19
19555,314
20486,15
17400,10
22005,39
10612,25
23365,146
13288,26
23430,25
30404,50
8930,30
3920,39
29841,56
16289,82
19889,32
11780,43
8489,15
32581,21
22420,226
28415,60
32260,9
21603,50
19702,280
17665,91
19612,15
18905,14
824,74
27275,43
14217,52
13209,75
9414,54
33242,50
24224,100
9684,42
8584,11
27003,74
17840,17
29723,90
33181,234
29288,11
3004,163
5828,9
22211,36
28193,6
26291,72
11739,84
20878,24
31156,77
21878,56
7009,22
31013,8
7145,8
2690,55
28829,74
28477,57
17107,36
17125,146
5911,151
24069,4
20803,102
3752,29
32925,78
27494,84
19818,141
22581,41
2629,13
20143,30
2478,104
25957,108
24981,62
27624,21
32355,98
12140,57
9743,44
3827,9
9338,4
10386,53
14901,108
6909,98
20751,112
13597,107
4498,28
29508,24
5205,28
32947,15
4766,76
428,80
16219,32
21843,96
17162,11
15259,46
14487,20
8055,46
4922,14
20653,44
707,27
1131,34
22219,17
10454,40
14740,20
12183,31
22052,45
8677,32
29432,85
6812,110
14890,35
9569,6
6389,11
14622,61
24586,91
9463,28
6379,18
30514,50
12349,204
6995,256
13311,26
26275,168
30814,26
20823,37
18810,17
79,42
16177,67
16141,40
5417,14
24280,218
9393,22
22112,8
11003,38
12631,29
6326,26
24870,22
18170,50
33254,120
11821,100
24937,198
15837,18
31083,80
15436,144
13102,41
30277,54
4475,28
4072,20
11085,45
3878,55
33104,28
17304,96
23719,18
22348,42
18320,31
27959,47
11655,66
26713,8
3248,94
32877,40
25363,15
22573,53
440,42
27697,8
10792,182
30509,128
28149,25
24708,37
32836,85
16372,88
33292,21
32619,90
29606,10
11430,70
10967,106
17375,35
26025,73
19795,41
10554,22
8311,82
5801,20
6010,44
31210,107
24714,19
5203,116
7193,55
1695,42
16625,78
23714,114
21967,56
33342,6
29737,15
9846,54
3965,114
15430,29
20911,33
6724,23
21442,206
12716,76
18,24
26402,101
26214,56
21033,21
19073,77
6775,14
26126,326
28673,20
15012,34
10930,17
7610,31
12931,52
6502,326
29945,19
14523,124
15470,18
2485,4
24355,122
6407,82
14425,24
20116,11
27786,37
15868,116
26755,27
10285,42
18289,33
13687,28
27535,42
25850,17
12830,163
17967,58
12217,206
19215,57
27139,40
32862,28
24887,30
19378,34
29769,44
18907,28
23572,154
7991,26
6448,6
30878,32
4606,96
4367,70
27114,4
8023,86
3708,290
25403,168
20140,55
26455,42
19618,34
18497,16
31798,8
30076,63
32953,8
4302,21
4980,123
7951,292
15106,7
15211,23
4635,24
17529,48
8852,188
1794,42
13720,73
11292,156
24062,103
33188,15
22896,74
17781,39
10602,92
28433,96
27490,70
31489,4
15297,34
21585,51
11651,21
26674,6
13870,68
24222,90
24054,71
15241,4
14204,145
18130,9
28603,26
23984,42
26129,45
16438,53
18892,166
3498,72
32720,135
4828,138
29201,31
33126,25
11950,28
24127,8
13149,12
23157,32
18791,77
2181,162
23931,53
16466,12
33358,6
17268,31
31935,5
24091,66
6060,184
9337,4
15998,182
21129,113
3223,94
28211,39
18999,61
21176,103
32958,7
23835,28
25327,80
27678,11
23741,89
28820,32
17500,19
14295,157
32617,110
893,90
17725,80
28991,17
10175,20
1783,56
14496,109
9147,118
17370,72
22997,9
31011,15
20828,28
2991,48
30340,9
7160,111
9448,28
12062,17
18498,109
9485,35
25817,3
25834,192
22816,136
27753,34
15597,48
23247,94
4124,18
9598,12
19454,172
14642,166
3438,28
12474,42
10669,18
23609,18
32614,9
4568,62
12469,20
13864,51
365,16
6525,16
26682,108
19560,326
33255,10
32882,53
21225,17
18441,56
33049,20
7710,14
11323,16
32733,61
25690,57
12503,22
12310,10
15250,127
13277,26
30041,30
22238,27
9180,34
2015,48
3758,10
31014,62
2311,17
16796,54
26094,9
13138,144
32165,42
13547,44
10756,28
13583,46
23623,25
9001,18
16787,154
5775,25
20785,30
28699,48
24337,68
22966,84
3133,19
32482,166
29879,19
10209,145
1926,44
28490,35
8093,22
7452,45
17465,21
30817,4
23295,216
12104,14
5989,50
11542,139
30339,11
11696,77
6449,8
18824,52
23056,39
299,32
26304,83
31586,4
28453,18
18859,49
23001,166
16784,32
22595,14
730,140
12757,20
32758,23
5306,14
23328,45
28336,52
6304,142
32427,131
31368,314
13273,196
31023,27
16948,61
1161,82
27629,21
21443,94
13383,78
10293,77
11265,105
1973,22
14800,12
32820,99
30794,76
32341,9
9499,162
23511,54
20167,78
16791,140
22494,5
31405,110
29916,13
12101,37
12770,3
22723,85
6025,14
21276,94
1943,9
26974,167
30205,14
10668,4
7515,87
27419,17
1102,23
23981,19
6277,10
13345,92
23325,43
31769,68
18478,33
20302,154
16067,51
6426,45
1343,56
28531,23
13173,30
12256,50
7612,14
28866,12
33128,163
20747,17
10240,29
15160,52
12284,120
25888,44
1427,67
22403,151
21667,256
25916,14
12121,14
28320,81
14522,37
28500,22
10371,28
10028,42
29671,50
4482,105
23392,162
5879,6
8861,43
21196,41
10724,40
12657,50
2150,21
24763,83
21813,14
6480,26
29174,90
8007,122
8388,37
32631,5
10116,78
1708,36
13487,156
24199,14
14341,24
16990,97
24834,19
16105,57
10758,3
17702,24
3144,34
20359,18
30558,53
32546,40
20555,84
12190,154
30511,35
16333,14
19605,110
14171,97
10933,75
14379,39
11388,109
28042,58
23013,35
30970,22
9052,85
5832,50
26270,127
29151,276
7545,47
28589,16
1709,14
21227,26
10205,64
17483,10
5710,88
30916,46
2832,29
25810,31
33068,9
16735,28
9930,121
24345,83
700,23
29600,28
19438,47
19266,141
18670,162
12660,45
12129,47
13955,32
18667,12
33153,84
14151,69
4046,24
25432,3
5978,58
32799,28
273,18
10238,17
264,80
17510,124
24901,47
33318,91
12800,46
17237,13
13992,136
15125,3
15213,94
889,70
28843,60
25273,65
29598,65
21642,37
25912,57
29086,10
6021,29
25285,18
5180,11
19649,46
31008,20
9412,70
4133,144
5875,152
4536,13
27046,42
16041,55
19718,162
4118,44
3867,24
27539,188
7765,18
32605,155
20048,316
29460,55
15004,130
18404,7
4318,10
674,46
32802,38
11248,22
13649,156
17132,28
8836,99
1101,72
8606,20
14793,178
10938,12
31862,50
33330,32
28774,6
31370,6
31628,125
11275,150
1866,47
23958,48
17281,55
7739,28
7155,20
6482,10
21474,22
628,4
28931,104
24975,148
14107,15
1471,166
24191,163
18127,12
15336,113
1742,12
21691,242
15753,3
12402,50
30354,73
16447,6
11933,46
28214,12
26261,7
22946,63
23366,54
23311,50
11964,43
20012,70
2549,140
11673,47
22196,8
21236,98
9385,27
31873,88
24850,43
27373,88
25179,145
7786,48
29672,24
2108,78
5991,94
27153,196
32082,218
15222,155
31579,61
32485,12
26551,101
7726,202
22372,15
20065,90
26582,9
23831,136
3052,26
16437,54
14361,21
3060,11
22797,109
9067,57
18803,146
24456,88
14203,21
31211,104
26423,4
14582,60
6511,304
8978,78
9634,162
2780,3
3048,15
15051,116
17357,166
12504,83
29357,74
15818,82
26132,21
3918,99
19030,45
5734,3
14847,34
11713,111
3846,70
29556,82
8667,48
11045,284
9739,24
16711,6
29918,8
31713,2
29486,9
15264,278
1075,76
328,22
29628,36
27370,56
18754,123
12225,36
30653,43
9162,24
27115,94
3932,20
25102,22
15912,166
33340,48
27462,85
4505,15
32415,24
28509,34
1641,17
33245,25
10406,42
1613,54
20608,24
27880,60
26398,72
7159,26
18281,28
31967,102
26955,13
19290,18
6838,284
2353,31
26351,28
31075,13
10002,82
12048,30
19068,30
2501,38
20741,76
10893,7
31767,77
27709,21
31782,52
28653,29
867,56
29820,39
31248,11
32697,11
26854,98
14848,71
9503,22
33304,23
10653,332
9094,81
23715,62
10885,31
28459,26
6593,21
14381,19
13010,19
6990,44
21696,20
18572,98
9110,178
2800,62
5366,81
15705,71
13484,72
11347,45
24895,17
13858,146
10611,27
19645,23
17585,8
32241,36
12794,72
21596,44
6665,50
7194,16
2929,31
33054,9
8585,14
15942,310
16470,94
21956,9
21692,88
32945,26
11530,11
21105,36
17639,44
22181,112
5176,46
17931,28
10923,22
18686,44
16404,32
3353,23
24107,47
3029,78
24377,57
11709,69
6278,69
6157,51
4487,84
8111,42
19832,9
30630,6
18835,33
23987,55
24671,35
17679,222
21192,212
4029,250
28907,36
7826,4
20728,80
15217,44
19737,33
10333,46
31422,39
5763,154
10648,111
1922,88
8237,20
26505,8
4198,42
12512,74
6866,154
19120,116
13759,57
3436,12
9290,23
10515,7
20766,5
10364,107
8906,11
4182,85
28141,72
12943,50
26762,73
22100,156
5549,172
8001,74
14176,4
20988,24
10096,99
18688,2
32990,132
18908,37
8739,94
29900,14
6372,44
15178,80
9226,24
819,27
6014,154
7537,55
30685,156
31595,58
23812,180
16712,27
7174,246
28081,4
1218,128
8899,53
5181,40
840,102
2935,55
5107,143
4822,34
31920,83
29220,9
21501,81
13500,62
5210,12
10443,41
11068,100
27205,75
9921,86
10186,54
28508,145
24021,21
31611,44
16681,23
12895,72
19356,65
27663,24
25779,20
24349,8
25613,104
27310,44
16109,74
30452,8
9378,45
2688,7
21183,68
8221,24
4266,65
15775,31
6604,4
31510,86
19544,258
10321,42
5464,112
17611,47
11664,27
15407,6
21266,55
25555,107
32348,48
3858,4
29955,50
19583,33
12785,11
21361,34
11823,37
28681,23
5030,11
17170,57
16653,140
16347,16
25439,32
12595,39
11985,88
20813,20
24516,18
17887,28
18968,28
13347,2
3163,116
22439,24
1323,26
32115,24
28992,330
5703,44
382,107
2075,11
32708,107
5562,102
24662,158
8887,59
8769,74
15599,60
23446,12
21751,88
15579,78
31529,50
10730,16
29811,111
22534,62
11435,108
9305,91
14761,71
20683,102
3205,141
10501,167
11015,17
20928,148
20583,60
31675,12
23684,166
933,32
33144,74
3126,13
9108,12
18726,41
7772,11
27493,5
31691,32
21156,78
7968,18
9973,156
18189,15
12362,28
8547,82
2691,222
13824,22
9370,36
24630,30
28165,168
25301,156
7828,29
26339,37
20296,41
6355,146
22609,37
4730,24
28200,7
20806,15
16667,21
24034,216
27659,114
28881,41
22113,220
2021,4
16586,34
14728,26
7713,126
32980,28
26251,135
21255,26
26830,80
6529,113
9884,30
8238,48
13251,110
8086,149
10607,39
1719,7
12133,18
25630,16
6079,50
28767,30
11164,47
6849,31
16729,43
23197,69
31519,37
19450,20
29499,42
3716,23
23519,45
29485,48
25346,14
28853,76
9687,140
14943,36
3746,55
8270,326
24427,7
28474,19
28418,33
26477,240
32559,21
20681,15
26015,45
30569,50
1735,63
27272,39
19059,18
9111,165
12477,62
1616,27
24564,72
13922,62
2029,4
17030,3
20529,100
25583,79
6958,139
20341,47
15199,9
25388,22
2602,222
3729,34
28089,24
21471,43
8251,194
28157,7
1294,40
31964,57
33081,105
13016,61
15949,18
26687,4
4653,22
6800,73
21215,43
11037,96
9597,26
17642,33
7590,176
10631,20
19448,314
21608,5
31953,74
3961,103
7451,33
2384,108
24511,72
31932,56
10365,118
26853,72
19495,84
15017,25
28860,90
20171,29
2975,13
31553,64
16892,94
26849,97
26067,14
14073,90
5250,94
2994,6
7167,8
30284,15
18309,56
18951,100
14133,22
32615,85
29968,75
27421,43
17508,2
19407,43
7721,35
11577,29
11498,48
7278,21
27202,50
4016,78
24248,86
7412,39
1874,9
3145,104
2939,100
14043,97
26891,68
23391,31
12375,36
23903,83
10615,29
31171,5
23083,108
33131,143
3674,202
17093,53
31987,4
6696,83
20301,102
24874,210
29819,34
11499,76
30715,4
18813,140
20220,136
3581,79
28587,8
1671,105
28977,33
16222,96
15399,9
14830,17
16330,63
33380,168
977,54
681,13
7495,110
30418,71
16969,12
18480,43
22044,35
9203,43
15897,30
13624,150
20062,124
9855,57
26006,5
8782,50
19931,122
13007,28
10219,111
27783,66
19131,6
7956,174
3845,106
28624,14
19669,28
27715,35
7190,168
28075,112
32502,312
28517,14
2572,95
8634,50
24281,103
16479,4
29705,200
5311,12
32590,56
13575,53
19782,59
14336,14
4335,142
26182,17
31612,14
23175,80
15041,13
26416,3
26048,73
3162,48
4880,50
23144,14
10996,96
22619,156
15968,3
33150,4
33056,12
9264,17
28291,63
4392,22
3300,52
30825,34
30500,79
22662,107
10417,92
6777,14
12333,46
11021,16
241,196
30935,42
29164,60
19711,138
4775,68
26429,6
8464,62
21021,107
29504,55
898,32
10524,174
22051,34
28245,3
28221,20
9917,94
24567,20
14526,6
32662,112
9853,45
20176,12
29611,134
27473,9
5237,48
1331,92
19844,160
6700,40
21080,105
10257,160
26844,103
31093,78
15688,9
24563,40
26780,14
25317,198
33374,3
5396,17
23642,37
2283,16
29822,13
5555,14
29851,155
20294,77
24562,36
1485,42
7471,10
10243,14
1051,16
27955,116
5490,310
16583,53
32032,70
5454,22
3058,41
4705,66
14732,13
26569,47
33256,106
5789,24
28019,11
21908,146
16494,40
21446,19
12707,34
14283,16
15959,51
29154,142
11379,88
9401,76
22256,59
12452,43
7723,22
20075,131
8999,3
28690,16
16770,59
3329,110
1553,34
8773,16
1162,100
32989,19
30888,34
27188,43
20136,48
2836,12
861,262
31506,21
21960,190
6385,41
26170,222
32328,91
27935,14
13265,98
27763,19
18895,18
8661,3
5139,80
9801,87
19670,56
13713,328
22355,17
20277,74
17076,37
11496,52
20258,21
21784,300
16644,92
14396,13
29130,161
11557,34
23230,8
24420,226
32391,65
3301,146
22944,34
8776,21
26043,84
32512,45
9168,36
27993,113
5061,150
19716,6
32221,4
13378,198
24146,135
10170,40
19805,6
7542,58
7256,88
19374,29
30694,168
12107,16
6608,192
27482,36
9366,35
24172,53
25410,74
32351,88
23481,43
6494,41
14572,33
6220,2
23388,25
18543,22
31280,8
12671,42
11676,72
33238,149
32215,49
2904,82
17398,50
1338,62
7580,212
19749,176
28748,8
17073,24
17226,31
32846,8
16388,99
27875,89
32968,32
1652,156
20060,35
10992,26
18654,218
6627,6
15800,54
30730,14
19049,27
21403,19
25998,47
23807,98
30378,40
11092,39
4657,52
9316,28
31771,182
17742,44
26947,35
4708,29
30391,78
16095,125
21031,35
24770,69
11892,52
15315,90
31497,56
18134,153
21701,40
3742,47
2198,17
31698,51
364,23
5815,80
24632,19
31830,7
19277,100
9394,15
14380,9
28067,36
28108,72
27662,6
24805,25
27079,41
15813,42
30499,190
22287,51
1912,162
16545,46
18973,35
3692,70
16292,50
19090,16
32807,6
2713,9
21486,34
27986,48
27288,98
32562,61
33235,74
25059,17
10154,156
28567,8
27480,45
33013,43
14763,78
15612,28
15052,44
15045,100
1606,116
19973,48
12198,30
27791,17
23321,53
14129,34
11302,21
26669,148
2482,54
32974,26
19833,44
22626,86
30349,32
27738,35
5666,23
27821,7
4277,6
16130,83
19635,24
32223,96
9092,90
12485,89
19536,10
8777,3
1902,155
17774,16
15078,35
11176,131
25455,160
25053,47
16781,30
25922,68
6607,57
29062,47
10203,32
24835,108
31237,151
28398,53
6007,8
3479,15
9099,77
15756,74
29971,14
3702,62
26024,164
20706,26
2905,29
18076,73
30287,12
11450,48
29675,138
4779,73
14765,64
28791,54
30634,78
2052,52
13577,18
10087,67
24915,232
33069,13
9300,29
32572,38
31287,12
33360,65
25971,14
62,49
31051,25
5620,82
8608,77
9034,6
6655,81
21468,6
27374,53
20325,15
2953,28
11343,11
27137,24
27485,39
26540,53
20225,84
29843,29
20182,14
19948,28
17369,75
22369,30
25641,154
16539,85
21754,54
24201,11
24320,8
6428,11
19315,162
25018,63
14865,29
25927,64
7406,8
29698,280
27355,18
33192,32
17819,69
6410,336
3465,13
1780,41
1034,20
10058,33
814,60
14058,14
29673,22
23711,24
3536,40
13541,64
10059,56
758,46
7819,12
12564,12
19483,45
8365,144
32018,50
31631,29
10888,112
9864,86
29349,22
32326,148
15604,92
12900,5
4964,112
27449,94
16938,114
19735,17
7221,11
29512,55
24656,26
6513,30
11160,192
14608,30
569,24
7068,17
32792,28
21708,82
14490,30
22182,43
12571,70
19531,50
6858,125
24041,17
27333,34
23591,83
27556,6
15328,3
5740,45
14472,46
22585,17
9738,77
27567,67
19292,25
17419,174
23754,308
22927,9
26797,42
30503,100
21294,98
4853,168
13121,90
26112,143
3813,74
8223,89
964,64
16182,16
1548,61
20748,27
15151,33
269,31
2078,107
12714,134
783,84
31474,91
29382,112
29386,44
26906,59
16582,161
14417,72
23690,39
13146,103
23848,39
30741,84
13912,27
5901,33
20124,28
10937,33
24764,92
13463,17
14878,51
19192,35
4156,28
12153,23
31239,41
23902,21
4893,35
21179,52
11911,68
12615,228
19040,50
10183,122
30042,58
14370,176
5792,3
8720,147
17042,39
23696,47
19443,49
15676,13
24351,298
751,37
2577,40
3538,86
22590,36
3887,11
12122,53
16535,84
17916,15
32811,104
31539,19
19507,96
20061,54
7244,116
2720,4
6066,96
9662,67
4179,59
29249,214
13391,63
14834,33
32114,55
14580,17
26803,34
8415,101
3794,50
30176,96
14303,61
25708,51
252,26
33197,22
4344,14
3759,18
2731,38
12575,99
20879,7
9541,154
22654,8
24068,7
18671,6
19581,242
1975,109
26169,50
30426,106
25707,9
20351,48
4468,22
9657,22
9033,43
25396,23
30079,92
32292,57
16121,163
19861,48
13328,78
543,11
10295,46
24561,91
27461,59
31399,51
12032,63
10031,90
21660,77
3155,126
27038,56
5431,34
13433,34
16929,43
12499,70
31842,6
15547,42
20398,150
12821,102
3853,39
12556,196
26177,316
8067,27
9403,8
13112,18
12486,29
8796,21
7687,86
6559,74
3352,11
17940,6
32321,13
14165,52
27889,3
28017,128
30377,88
9748,52
29692,79
25448,24
28345,292
16375,4
607,42
5952,54
25604,78
18993,316
9984,13
142,106
4747,75
33244,85
32209,128
3005,20
24322,135
26705,21
12487,3
19175,224
33357,18
22119,83
29990,74
15370,112
17937,165
23613,78
4216,28
25530,112
7235,19
14976,9
15502,23
2069,66
33139,46
9468,54
25820,145
18401,29
28970,106
50,79
21591,55
7715,83
26617,43
936,81
8894,21
22180,18
3120,77
11906,27
7222,9
6111,15
29172,94
18229,18
22239,105
19129,15
17040,3
24259,57
19834,7
23101,104
21628,2
10679,17
20845,44
31429,94
23841,210
32378,121
20618,86
13231,254
4379,90
16015,56
5954,18
26134,52
29814,43
27621,43
3755,27
14521,43
29642,19
17778,160
8812,15
5277,15
2762,156
4259,18
23721,61
33130,258
21508,96
29733,14
22146,62
8936,12
25520,42
30301,92
4792,20
15864,34
14235,47
6074,61
5565,168
22567,50
22197,23
23633,3
5983,30
9985,73
14351,37
28359,8
6774,70
5384,5
16762,7
13784,86
8409,12
9512,56
1640,30
7089,34
3989,86
2756,232
28672,90
110,6
31114,32
22981,22
18468,66
10672,48
25954,130
28980,100
19517,64
15613,28
5149,64
4065,21
16509,24
18360,94
19695,50
6765,92
20041,40
18313,15
30926,18
30328,94
9177,44
31020,105
2009,12
3188,9
28914,79
1199,70
10538,105
1792,78
25276,6
4907,27
19759,174
294,212
28153,13
28338,41
19327,4
6069,112
25306,88
12113,13
4592,18
14104,85
446,102
23452,42
12043,35
2135,42
33127,2
24439,5
33113,130
30128,47
31322,332
4366,85
21890,68
14160,113
16126,24
27616,107
24307,26
18147,30
4145,21
29837,248
24744,64
1710,47
31119,155
19160,78
23343,18
9323,44
744,80
9916,55
5307,9
30874,91
32300,80
25901,43
9376,109
18978,111
6988,75
19762,7
28270,88
4900,140
10269,23
6854,26
19252,20
26642,45
33071,76
18148,43
6852,42
14507,6
23327,134
6104,67
29309,6
28537,68
754,33
27015,107
30434,8
26028,52
9804,10
6387,34
11158,31
7552,128
1562,23
9583,67
15600,43
28097,320
27633,81
15066,19
1564,56
19767,66
1355,127
9022,42
5125,31
29495,65
4717,28
16720,68
6137,62
1285,3
24839,112
4359,13
13734,11
17219,260
2096,54
16112,42
23913,44
11507,65
15321,16
23678,50
27950,101
15295,64
18537,15
6863,320
28047,11
26708,36
17990,10
9035,81
10801,48
17320,12
624,26
22000,51
30555,18
16862,106
25649,58
1384,236
10605,113
10887,80
28870,47
17270,153
5816,28
23568,61
25042,48
15662,96
3551,54
20595,34
17776,190
1551,6
27183,114
32503,37
1761,64
30920,17
15655,222
30238,226
3394,101
3464,22
13189,170
18056,276
15047,51
32870,95
26065,74
25989,96
107,17
8395,81
23353,46
26225,102
22258,70
26916,89
24430,58
1585,104
3797,45
23050,109
5409,109
8405,12
8838,20
28659,3
17865,44
7331,7
9405,12
27404,96
20288,62
18472,84
22448,36
23068,21
9603,48
1984,11
3247,104
5778,36
27741,70
30601,18
1223,134
5535,53
5481,34
32175,38
20979,18
20957,69
20981,3
25519,55
22649,143
29482,40
7309,100
20854,11
29842,86
26834,11
10980,114
6128,19
1270,100
21492,112
27023,85
27085,74
31071,31
22838,15
30811,163
24774,56
29620,141
1982,12
19572,20
22382,31
5537,30
13612,109
1535,160
27061,31
16163,70
26787,68
15761,43
16009,118
4020,54
20522,8
22918,140
13377,66
6107,148
16143,10
10599,108
19360,134
8496,63
22440,58
23363,8
12781,122
24106,72
30487,50
19330,20
2355,4
2909,280
18037,140
12962,204
23350,38
32262,210
28421,114
9054,167
17244,56
31069,21
25324,6
7682,9
20368,316
18371,37
6896,88
8975,2
1883,102
31394,33
26123,25
2770,77
25139,18
26140,206
746,7
24695,4
33265,45
1495,188
22950,56
14579,99
24631,16
32490,64
27936,102
5338,54
15303,53
30678,29
156,56
26038,47
21916,108
1999,28
757,79
10268,26
6420,96
14230,29
18349,13
17238,24
6675,58
7628,25
24181,24
2114,166
2664,8
2290,5
23546,14
5682,328
6171,52
11396,190
21043,116
19797,8
3350,7
27620,69
13441,31
22538,39
14098,45
12776,76
5494,59
19098,33
8355,254
14758,17
3379,56
32791,82
20941,30
6623,15
22147,28
32539,160
17525,17
9241,10
25368,166
8171,78
12102,68
5713,23
28969,64
19382,3
29790,21
3509,64
2573,69
29125,96
14431,62
7251,246
31559,44
4040,154
31189,42
11199,56
10963,20
3288,222
4797,18
12177,81
18600,25
24494,138
18181,43
638,52
31623,69
32199,48
23882,67
12434,74
25976,246
15444,278
6869,51
11592,50
21831,72
10300,52
19420,79
17812,56
14315,122
14076,80
11797,18
3909,48
13877,42
29549,113
433,12
10753,22
11509,26
17591,174
14965,70
14722,95
1469,28
5853,48
4675,23
23985,3
22717,19
27817,73
19397,168
24903,50
30872,17
16376,31
1895,38
20848,94
1993,7
18768,55
22006,54
18323,105
32661,10
33258,111
24296,16
21781,10
20248,50
3506,15
7061,100
12272,20
32542,76
18834,49
6744,12
13339,10
20712,98
25805,25
19387,34
28471,36
17306,34
692,2
7493,84
30723,15
32470,15
22164,113
12331,28
31165,114
30395,64
5500,15
12611,24
2244,64
3986,10
29198,52
23080,46
30412,264
28378,28
6475,204
663,212
5591,14
15552,8
13313,110
30832,116
31166,31
7695,66
4395,20
8245,17
10452,308
3640,26
27673,19
30356,17
20701,20
18307,44
13799,212
12369,87
14279,12
29761,13
27320,102
17687,30
18685,94
18224,25
15972,24
30585,10
16884,40
28688,116
16068,28
10634,166
4933,152
12622,10
22001,83
22882,61
17364,17
8254,41
23966,17
12771,46
29007,131
11107,55
7294,12
23085,84
6945,94
12710,20
6340,76
29985,124
20889,68
13885,22
30927,54
22249,12
2138,23
6318,15
2391,32
30848,17
12892,10
24030,162
4394,46
262,328
25550,20
21515,4
12435,2
2395,46
31395,26
30802,88
22895,20
18087,83
3007,8
1644,40
15175,37
899,44
13489,49
25265,8
13034,72
14818,102
6782,30
455,52
21694,99
28208,91
23534,111
16891,9
30677,41
24875,41
4418,77
29425,63
29893,262
910,17
19529,10
671,20
324,78
6131,37
9374,55
15270,41
21539,88
26308,73
14106,31
12263,2
31455,76
19445,8
9260,25
5955,24
12876,57
295,66
27013,33
32208,78
27152,90
9986,34
1660,58
6629,50
24282,10
30394,9
28743,51
23692,45
22470,126
28559,22
31082,90
20636,45
14584,20
27871,108
29770,206
26620,28
18424,22
24161,52
2342,65
28805,21
13329,4
18995,112
2869,58
24574,312
5316,202
22614,68
12549,70
438,77
15908,2
15170,13
13556,69
16429,42
9025,10
27720,83
21646,56
11962,31
2157,82
7815,87
28986,220
4753,198
22453,119
24154,103
11418,28
25589,48
11439,184
8729,21
18828,248
19552,14
6520,74
1930,13
11306,3
18837,86
28678,292
189,40
5642,31
13320,174
24312,105
17879,25
23960,70
10671,17
4338,103
6313,109
25482,48
26022,26
28481,116
27611,22
31931,57
7465,62
14121,109
10567,89
21921,146
10020,53
7755,114
26835,21
20172,52
23107,216
26378,34
5358,30
22496,43
8203,107
29559,55
25151,112
2957,42
182,28
22578,27
5379,5
18274,70
32824,48
21804,76
24426,164
33090,77
15453,109
24436,3
11252,18
27747,13
31084,24
13711,79
23429,19
8247,22
23573,94
12327,18
15514,6
8266,166
22204,40
18334,12
10826,83
5746,27
6806,154
25445,47
18732,54
16108,26
25158,26
16313,206
23297,138
24946,168
31048,48
20490,15
28560,54
18980,59
29039,32
15786,9
19439,37
21298,52
21161,152
32128,136
6245,29
14163,45
26726,16
27941,36
33350,7
18617,33
10939,44
15423,22
27562,7
19664,30
20727,125
30594,30
16211,82
7592,117
14298,15
16022,84
3337,52
25548,28
27560,53
23929,18
22315,6
8508,18
31752,158
14548,36
4412,74
5495,25
8452,113
12430,74
5373,26
451,308
23099,72
14317,22
31225,35
26877,184
11281,11
31573,19
15026,50
9018,91
18022,46
3737,54
1445,45
7847,24
9151,18
21769,70
12031,21
31056,52
19386,29
19366,92
12877,88
28342,17
12675,51
29087,16
30281,34
10077,48
21915,23
11662,2
1426,72
17313,76
21525,30
32933,34
5097,30
31140,31
19268,113
5920,196
25795,75
8867,58
4624,54
17757,16
6259,26
20915,302
9008,77
13516,50
23234,29
29796,109
28454,33
29450,43
24557,39
13615,4
16642,112
19706,62
3653,52
29987,70
20542,30
2236,52
13965,106
18308,22
31060,58
23783,145
12350,9
22871,32
4985,184
23395,4
24733,298
5515,57
7191,14
5023,55
22827,46
8920,43
28611,61
21749,26
29359,37
17355,60
14706,96
5707,53
24866,41
21329,242
32367,102
32657,18
15737,50
11378,51
20705,28
5598,11
13926,33
2701,70
33016,51
4570,10
5884,8
24182,24
31755,20
22499,36
14519,56
10697,17
28006,59
23054,56
20290,13
8657,42
20181,10
4550,130
581,108
18561,21
16334,26
1805,81
9347,26
9062,46
2639,24
18922,7
32363,23
25487,57
28297,77
14455,24
18342,8
24336,48
30851,46
30182,8
2601,152
2314,19
16919,21
19497,210
19884,28
26789,10
6029,170
1428,72
20601,44
16949,69
17511,22
24623,36
1804,22
5201,89
27705,57
8675,332
9647,88
16967,22
8760,29
4433,23
6011,51
25161,22
30896,35
4590,15
25045,27
4022,314
28769,54
7978,14
33095,25
21799,28
31781,57
31256,334
27696,56
2385,114
8954,20
9325,32
16469,7
15377,25
30183,86
33199,99
30855,20
29273,188
27891,110
13445,57
31912,38
8786,18
17063,28
17946,8
13496,100
29415,8
25804,26
20077,55
32402,163
27668,51
25565,106
17058,45
16323,15
26860,28
15624,19
24788,86
7457,140
8152,26
2828,141
4385,46
24912,17
23351,48
8888,324
31653,60
1648,89
17984,134
5470,84
8910,9
49,36
24794,31
8712,26
27580,10
16982,210
13551,136
8853,9
31137,20
24188,86
19632,118
5887,52
23000,66
7175,5
14709,56
7513,57
23431,85
972,10
845,86
22126,3
32220,44
8230,34
7067,84
11941,91
3634,56
13326,15
7245,44
10292,9
18987,104
12897,81
8240,118
16337,94
859,14
615,141
24537,334
19283,148
32905,81
16209,14
11103,62
9627,25
5053,26
29219,12
9581,84
16263,20
8697,332
15099,97
7130,130
24239,124
14352,258
2460,26
8229,21
3222,190
1997,5
17025,3
12441,192
26329,53
8412,4
14857,101
14146,198
31289,66
28682,224
9912,45
16445,206
13310,264
9723,23
516,48
21008,66
5114,52
14846,35
20995,22
7625,22
28352,21
14055,89
6005,109
12625,91
18278,61
17202,146
9447,202
23194,39
8851,72
26602,60
16243,134
7035,24
28906,220
8386,50
20617,14
27956,12
16980,66
1767,41
6932,80
809,90
9697,142
12637,151
15878,82
4874,28
30799,51
5835,59
24572,155
75,14
12344,26
13270,23
5686,107
9900,40
5446,111
12224,59
3657,17
9439,16
3431,89
17459,48
11062,75
26136,42
31443,75
19891,42
21624,28
3857,32
7662,224
2834,78
18621,86
24301,111
27322,86
4898,18
18714,300
16546,6
8783,18
27387,38
7725,56
11636,18
14820,112
18872,17
33377,27
31344,39
22968,24
22171,4
20927,10
11820,136
6195,73
30129,34
13654,42
2523,73
23979,11
30080,25
9620,102
32665,53
16716,20
4237,20
23117,47
17317,102
18708,178
9969,1
9141,6
3958,166
12783,204
7850,98
19392,9
7073,67
33118,43
7274,11
4221,28
9474,39
22331,42
3384,17
21095,12
11749,54
2849,17
32436,26
19399,10
11175,148
12743,5
7594,13
26012,151
4553,15
26884,35
4117,130
32785,46
30661,119
27047,43
30116,39
23942,21
30610,238
27364,21
18017,53
1920,38
7166,32
5022,38
20835,17
18025,20
15758,81
31748,82
31005,54
20858,170
27548,7
21132,113
2169,39
21693,36
11354,25
13566,14
14102,40
21574,15
33046,57
12859,129
3508,98
4469,11
8503,158
202,78
32926,81
5234,11
5221,146
25382,45
19960,6
14527,5
21069,26
20193,32
11980,46
30243,43
14986,69
17222,20
13731,99
13439,4
22923,21
1356,15
23551,48
6110,74
11738,78
2102,44
12176,114
32124,26
1516,56
9631,62
3522,106
15084,67
32528,34
11337,37
28301,161
4229,30
8541,77
23178,100
20643,22
10666,18
6336,23
19510,52
2733,30
27264,80
7676,84
12466,64
8301,32
10991,15
7252,42
18303,22
7675,96
8898,31
22735,44
3093,157
11259,23
733,12
27932,52
7153,19
10870,25
16114,7
32158,81
22048,105
14707,18
4678,28
10070,12
18571,12
16340,64
18026,50
10541,43
10036,112
2792,44
162,28
5070,15
10530,88
22378,94
20865,56
7344,314
6789,44
12839,7
30306,9
16274,88
13694,105
12232,32
5154,29
1272,50
26890,20
15515,114
11301,98
16516,94
32632,83
16778,218
7423,34
2649,50
8063,11
3936,32
17750,48
29305,14
4190,80
8775,328
29702,7
23171,52
32035,38
11765,14
22347,44
19548,21
21037,76
3201,54
17150,56
23683,51
27331,10
21562,40
6960,33
21720,30
24059,39
19226,25
4083,46
32154,14
14600,141
2636,70
10987,62
9286,43
31724,135
27742,30
29059,104
25451,134
32644,85
16755,39
23051,158
26905,102
3290,67
10409,84
24679,43
7290,94
622,59
5468,47
19809,23
15492,12
19828,96
15389,74
16133,22
26522,151
25240,59
28899,40
8,12
15273,34
1005,47
19199,6
18623,35
11436,46
12679,57
8046,24
240,86
31302,10
5860,30
32707,28
9293,224
5122,46
24520,192
21184,9
5310,34
7241,18
8664,43
24686,256
28612,59
31754,33
22415,66
10797,82
10926,246
3934,50
13331,85
25666,2
17280,18
32569,17
26081,152
16958,22
31667,24
27671,68
890,57
25500,266
29697,48
6397,43
4081,5
17682,47
29774,65
10018,44
28242,31
22447,15
26880,105
20839,50
20626,19
2764,6
26362,14
17628,132
21040,69
5689,41
12313,88
20729,32
23143,91
31770,58
22651,166
3779,52
21926,16
1544,83
30323,88
23285,282
5905,94
5752,8
32724,21
4831,102
25424,55
23415,26
505,16
8841,314
24354,58
23502,42
32138,36
10085,104
9307,158
13973,78
25284,21
28520,5
12582,31
30863,43
12393,4
16127,114
15703,35
668,41
20613,36
28455,52
214,170
14087,204
14134,157
10784,7
26641,192
24274,39
28463,39
24902,4
22699,74
28369,51
24038,58
8577,102
13195,81
13387,39
32781,100
26476,178
10857,101
24407,65
28935,44
19048,59
235,35
19363,46
8987,10
7717,46
14941,21
19465,91
6729,111
22861,104
3572,10
1486,48
6594,64
32118,24
28299,23
21573,10
12945,26
1099,29
20428,11
24032,50
31439,49
6446,13
9704,83
32677,148
13428,44
5434,67
12324,110
31532,41
28212,90
15362,56
21111,37
14458,11
9386,99
31138,28
31143,28
11203,298
32412,33
17745,64
11080,122
10472,24
11657,4
3298,184
21991,100
24896,22
33266,58
10368,8
7732,103
5721,35
31939,86
27262,17
1722,44
13063,23
25031,21
5499,316
13385,94
19002,18
19784,90
23485,29
13773,17
27112,24
26396,290
14476,39
23797,21
29387,21
31942,45
21990,14
8469,63
26115,65
20850,23
24444,19
19770,102
31057,21
11215,43
32159,12
20354,39
31999,25
25437,46
6163,37
28804,84
12623,28
30870,36
10375,55
7007,7
7404,11
11851,26
24370,44
11202,7
25910,41
6546,18
12508,146
28634,14
2192,116
7135,92
21042,24
15592,22
26185,48
9883,44
20919,87
4030,114
29932,304
12169,150
12566,36
29167,96
18838,13
10382,50
9691,94
13315,102
32003,101
13766,9
30560,11
9924,21
17893,13
11647,37
25733,152
29336,27
18078,16
2145,96
2984,60
32030,47
10871,100
3613,42
26253,94
2440,32
1772,17
4711,192
15513,96
30827,84
21090,23
30390,19
2946,50
23444,38
13718,7
15603,140
14570,36
23094,32
315,276
21512,67
24680,6
32798,95
2249,25
17343,28
4408,65
32076,40
28137,30
22387,184
2706,166
11373,46
18656,121
5846,92
24716,136
30142,77
18390,32
2252,162
29859,13
13495,45
29967,32
11335,32
16533,50
14760,27
24056,43
17326,75
7814,34
32084,51
30207,100
20905,29
1061,34
14502,30
31746,44
2059,76
15039,146
24954,88
20423,40
30989,47
20953,84
26013,149
21761,73
6723,82
506,154
23504,288
11508,35
14726,83
17033,31
23652,100
33264,28
1860,56
6324,96
32246,7
28932,13
24913,58
28385,16
15000,50
27553,47
14995,5
23165,48
21982,19
17766,27
22019,3
30032,25
18251,45
30318,102
4521,22
23724,94
22596,79
17586,10
562,300
18585,46
5292,63
18613,13
1068,4
6219,88
22020,10
30545,32
12537,52
21,90
24278,66
9932,9
17671,46
4458,110
26528,10
15736,83
9223,89
10402,134
30662,28
24313,66
18938,54
15354,85
25320,9
28796,36
28186,200
12784,103
15415,53
2974,38
33331,28
17741,48
16241,112
27284,7
27856,168
11910,25
31121,26
8970,62
30249,40
24698,3
11604,23
9188,70
11249,17
10896,18
19045,34
20901,57
7970,65
5262,192
8265,34
13989,268
23160,33
17156,2
27448,6
2769,7
22935,92
25835,44
24175,36
23368,38
12497,6
5748,41
2868,50
13111,180
30588,24
8478,163
25499,54
17559,31
1991,44
22361,86
24873,51
10735,106
28226,167
24333,85
31737,84
27391,256
18085,20
6974,51
26239,202
5352,50
15274,160
30711,22
7981,69
30659,12
12063,178
27219,62
27149,6
18761,16
18230,41
25974,28
31509,111
5268,43
22332,49
15412,36
26328,2
11798,19
2947,10
27565,27
18587,30
15067,12
14919,41
534,124
30792,20
9171,276
18562,192
29319,29
25683,38
4121,97
11700,131
4520,47
17239,127
785,94
29646,66
29034,163
17475,44
18255,182
173,45
29599,18
21304,166
13178,29
6403,15
6577,30
25238,108
6589,40
23868,48
30733,55
7838,43
4651,158
4212,94
13469,167
33187,68
8601,114
27511,108
9949,35
28020,36
22589,6
16736,103
12145,182
9538,320
810,128
13368,86
16275,39
10376,4
30596,44
5700,12
5732,18
7587,17
28414,262
22304,34
18869,66
16392,40
3044,10
21030,44
26555,56
10537,108
27594,28
11222,42
11740,6
17053,206
7670,28
18739,106
26967,51
5719,10
25959,129
19691,52
2540,23
6232,84
17148,11
25428,4
30127,326
21197,70
3142,122
7192,12
15244,131
32398,6
31970,9
29028,98
27757,20
15112,47
13653,92
23526,136
18812,112
21314,145
25401,96
7681,70
16956,121
31906,78
4569,6
16304,56
1519,66
2162,4
25842,62
21013,50
2178,12
9346,244
24580,156
3957,21
15209,66
33138,60
10763,94
3340,72
1607,143
11,20
7292,2
12181,82
27515,47
5256,13
14956,12
8945,282
25268,72
15127,30
3015,91
14632,7
28228,89
8206,86
25091,26
30353,21
20312,31
32103,17
27230,54
26424,23
17704,90
23617,37
30603,41
28623,160
15082,84
15393,12
21716,182
10747,18
10430,3
511,85
18526,21
884,101
13252,32
29287,38
23821,44
16173,17
32187,51
20562,68
21458,133
2879,52
24624,212
10318,46
27470,16
27467,14
1226,8
15986,21
6371,37
3100,47
9567,94
14332,336
31835,7
26478,168
4399,56
3776,46
19914,17
31062,82
18075,44
21074,50
23049,39
5822,41
13384,16
29788,91
16569,42
25058,80
14414,95
32604,42
5337,89
7040,28
29145,136
31503,2
19161,10
28323,45
30006,23
17278,166
14424,34
24219,8
15402,6
12034,21
19456,48
514,131
26321,45
29708,52
11782,39
16279,71
5577,52
9200,27
28717,12
17618,124
31106,130
8792,62
17752,210
4595,90
29094,30
6943,126
5692,6
18033,91
6121,116
20222,82
7146,64
7150,17
9326,51
25736,62
19769,28
22515,44
24126,66
14528,11
31788,18
19859,3
6009,35
3809,35
32214,85
12367,2
26040,148
4349,99
13670,4
1117,28
25332,15
15866,96
7352,16
7143,17
23239,18
30075,74
3650,17
23397,17
2218,105
5321,12
16696,9
21354,9
17770,41
27356,48
23342,56
447,101
6042,83
22862,130
26242,91
32481,25
28129,150
6059,60
28205,80
9306,96
3285,69
7651,11
16191,40
12614,70
1686,42
22551,5
26356,79
17897,36
9371,26
12411,145
13190,84
23372,129
6811,25
25405,35
23266,121
22562,92
2450,107
20652,74
8976,58
23148,53
29014,33
17229,3
29657,15
31599,49
636,10
25477,17
31933,300
2229,7
10794,57
14387,92
12260,216
32467,45
31390,266
32178,73
16709,151
12457,102
1014,166
16190,38
12907,52
24374,30
13186,89
4164,100
30552,56
2603,28
16846,31
1662,34
6228,188
26307,111
27055,27
28580,41
12655,108
21385,10
6345,16
21893,26
16341,158
30105,48
30008,2
4617,92
17314,29
29756,99
32879,48
24072,55
23597,50
15847,70
20664,48
23559,76
5735,170
4313,52
31729,33
26776,58
23520,12
31657,40
9761,51
9721,50
30895,160
6819,52
29372,15
27132,8
11005,40
1707,42
25034,9
22541,34
27052,96
24454,32
24014,103
9555,55
17816,55
10916,15
9458,34
11987,27
19959,14
28284,76
11464,13
13459,98
5926,12
7975,206
7882,58
494,24
12146,28
5787,45
14704,42
3540,69
27651,196
9253,128
16218,18
16062,46
15245,22
13109,40
16620,32
5687,20
27725,33
7566,3
10303,139
15810,29
30548,62
21509,72
5460,52
19998,31
28273,25
30257,107
31241,158
20378,152
29402,10
23474,21
22548,174
98,40
6105,43
23869,13
17123,32
28409,87
25618,102
25048,67
32459,16
16534,46
33223,20
19824,21
11893,52
28778,6
4051,20
16523,51
1165,37
10090,82
14711,58
18366,74
8293,149
21164,52
6430,81
32463,10
30477,25
2707,50
9167,68
25083,96
503,53
27607,25
25915,40
30308,28
29607,43
21938,57
15076,88
25278,35
3531,161
13796,86
28272,77
26345,163
5679,248
4435,31
19920,38
28644,83
8481,28
29166,69
8040,57
19085,9
14948,19
20158,63
10068,77
15093,18
16381,46
24435,39
3824,26
15858,82
7249,29
6596,43
27630,8
31058,34
12408,81
32560,180
12987,8
25022,50
20547,47
27795,336
29088,51
14212,312
5538,67
20713,88
23877,41
9693,17
18146,79
22883,89
1461,43
24448,56
31735,222
8080,28
26930,55
11372,17
13937,69
24522,10
6670,70
25159,4
3263,22
10035,155
7390,18
26544,28
32322,5
21083,42
13254,4
29267,90
8129,18
18631,7
23833,45
30841,63
6656,21
14602,156
11891,77
30379,122
3136,84
13747,40
29271,70
21325,88
8357,153
30948,160
22531,16
5656,224
21085,45
20649,69
19534,6
25393,119
2878,53
24347,9
32192,54
13058,116
10613,26
20265,9
24897,78
29152,50
21321,20
21411,47
32170,56
24678,125
29895,50
5827,28
18608,130
9048,58
2083,19
3002,47
29856,46
22061,78
2916,32
23069,62
19057,96
12885,20
20052,34
10264,30
32430,38
348,26
6130,156
8636,162
3045,29
32763,32
27509,52
20330,21
15077,160
25511,68
6170,31
18044,50
5733,13
11571,55
20129,109
22416,6
9724,54
12813,152
15764,182
6003,45
11934,101
14957,68
12658,52
4181,16
30192,4
25068,45
22356,53
19170,45
18778,66
14242,160
21856,138
8222,31
17517,149
6934,15
24762,31
20934,2
25066,72
15567,14
9784,9
26517,58
21598,97
4489,135
2788,24
18069,31
17531,116
22385,44
13705,102
32064,48
29865,36
28622,122
99,56
27549,62
31170,143
21626,30
30861,25
16019,10
11840,9
8902,25
5747,79
16204,73
5602,258
18970,28
7938,19
24019,216
10001,6
1979,5
25994,24
11017,106
9284,54
1060,24
6763,116
1964,64
6293,106
4710,51
31323,40
2807,26
32255,28
19092,178
26193,102
4639,124
12853,34
7247,46
7,18
15575,16
11163,158
2527,102
17797,37
8892,33
5163,3
28889,80
1011,31
4923,59
21447,4
31357,50
12118,56
33133,82
6306,90
15204,88
23532,46
16300,28
15428,56
7407,50
2204,29
17455,36
26090,19
23124,54
1413,35
30757,44
4684,28
18772,55
19902,148
16301,19
32428,16
25853,112
19592,65
1187,10
27645,76
23530,68
7010,4
24963,39
14902,18
28953,7
12719,45
8383,106
28677,2
30954,87
14148,92
6766,25
16338,88
13760,26
19481,8
17544,39
19984,157
21776,72
19910,290
13290,122
9074,48
28793,214
19113,19
21437,50
6543,28
17507,49
11843,107
22782,35
21875,4
22664,16
28553,8
17362,26
2963,23
22543,31
17201,2
33228,43
32050,100
843,57
31780,198
3457,50
16636,24
20131,8
27346,8
1282,21
33282,272
17401,20
5193,144
11737,80
1545,55
4554,55
12200,37
7830,31
19409,154
24136,134
4014,22
24999,14
18168,30
28241,77
1901,40
9477,218
5407,117
21171,11
27048,41
23517,21
13752,15
6214,35
13636,16
19206,15
14747,30
24342,60
4772,14
584,168
21676,8
18807,65
10101,105
14535,43
29235,16
22687,131
23621,55
15142,33
1505,30
30988,28
7870,19
14020,59
16443,106
17431,39
29542,26
32715,2
15647,46
13493,19
8957,54
12938,64
968,35
33149,25
19126,14
16305,74
28162,72
2310,62
13935,5
19379,26
10157,74
8143,66
28417,157
12001,112
3257,88
28046,96
1534,19
31961,63
1337,53
9096,28
32904,54
19115,106
29998,16
6120,45
12727,2
18066,166
30193,96
16159,112
14930,94
4885,56
32111,15
9686,15
5207,76
32310,37
31607,11
9128,31
19778,30
10965,56
15606,130
22383,64
29988,62
22370,104
15347,60
4700,130
1889,48
1306,68
13820,13
24028,12
6879,18
30955,39
11801,109
29464,57
3025,166
21846,188
32594,152
3158,86
19402,162
24499,134
29441,99
29017,194
10519,121
3310,9
18662,56
10985,2
29348,56
5452,46
31397,12
2560,32
30985,43
6487,42
21414,6
32613,35
29001,117
4864,52
23772,6
109,80
26456,74
23152,8
25154,109
15289,28
33379,81
3820,190
21733,51
13122,68
25331,42
18762,6
25727,13
787,30
19608,85
28049,6
1853,51
18055,13
26898,26
5167,69
21001,4
11556,22
32851,83
15283,77
8624,106
16374,50
29119,27
26390,165
19707,20
5013,288
769,34
5951,42
32086,43
17347,7
21721,78
11894,15
2256,139
27901,8
14078,80
7271,300
10942,92
30300,33
19845,3
30040,21
28975,336
8974,30
10216,50
4875,42
27927,17
20969,46
20898,19
27649,4
24200,48
24687,24
391,194
24778,130
26080,20
32837,4
10140,80
22868,72
16085,11
308,89
27252,112
33370,264
29782,19
13637,122
6470,34
19070,122
19368,10
29696,22
22841,10
32307,80
5942,16
20191,94
9363,166
25744,111
14951,24
14543,182
748,218
13427,103
32886,50
15104,72
20100,57
18858,19
24464,166
12082,28
13783,13
9492,12
14072,4
13700,46
17036,112
321,79
17681,26
32023,108
19193,70
15814,134
26837,89
28294,88
13816,37
8406,60
375,26
22435,49
2890,308
16144,94
26998,11
30034,196
7043,44
2117,46
7624,47
23075,7
9553,220
23348,58
8134,140
30420,17
7895,79
18751,120
24487,50
130,54
1896,69
16779,45
1831,43
24441,37
21062,117
13026,86
19042,14
1755,32
30224,80
14213,60
22128,70
21305,32
20177,16
25262,105
9146,300
31116,28
24449,74
27126,100
13287,45
3405,17
18458,67
24343,39
11742,106
9836,78
13532,73
19871,34
26665,15
19076,83
12009,11
23495,12
6512,34
8148,28
6553,79
22755,74
1340,218
24383,65
4527,109
32671,42
10807,15
25532,25
15040,23
24348,55
2154,78
5414,74
32730,122
1948,22
15365,143
24500,103
14982,22
25911,50
27313,280
18466,14
11537,20
29134,43
14141,18
13835,70
9568,30
23201,174
2843,55
26987,90
24365,85
11052,80
3552,66
24651,80
4644,26
3082,37
3886,212
15821,45
10670,78
20377,29
791,77
11351,22
1460,20
15778,15
6870,36
32593,102
21055,20
24090,15
17690,73
13053,45
12229,22
4485,166
12791,23
6013,55
27263,54
13442,166
10793,55
30581,18
23525,63
9421,62
14714,109
1725,60
3154,98
6688,82
17332,19
15730,48
7099,282
8183,4
21524,102
1524,23
27737,110
27790,7
11146,17
31520,7
12188,103
31178,79
4712,48
23483,52
30227,99
8907,9
15721,52
25015,13
1990,24
30515,90
26949,174
31589,54
31374,44
7705,21
17146,30
558,88
1961,51
26675,21
33065,102
16281,18
16036,12
20620,70
4196,67
7892,114
19768,64
33180,89
13215,20
2386,16
18582,170
25222,107
5697,9
5172,38
1815,17
18347,72
3907,58
372,24
10580,28
33376,74
27970,73
20568,160
9059,26
27233,3
30763,17
12383,278
16428,14
3074,20
18577,62
26667,17
16761,60
953,14
22702,40
20533,65
26444,56
6617,8
1664,141
13312,9
5051,18
27122,128
13663,51
30803,18
29610,45
24856,39
27478,64
24844,15
13444,139
20446,244
4296,58
23167,147
33297,19
32407,242
32501,11
18350,20
26286,124
2526,72
26269,47
8862,162
19713,59
4104,96
30230,258
14437,17
396,12
21730,64
9720,96
26319,47
11921,36
12918,31
13234,25
20788,24
19380,44
5852,114
26206,70
8417,18
4780,8
12186,122
29233,5
18321,18
25771,134
6514,19
7763,56
901,11
10267,72
2474,81
10054,52
16767,124
17256,19
20557,29
18784,90
21160,77
24527,130
16927,24
19549,56
15987,4
30597,4
17580,61
2206,200
10901,162
6286,58
33168,29
28497,46
931,6
5579,35
22350,210
25365,64
27270,21
30250,154
6004,10
9675,154
11141,49
12143,24
33190,10
2129,105
4673,18
2728,29
18736,37
19772,21
29911,106
18353,37
26857,46
11590,40
8262,146
14668,48
17104,84
764,56
32234,36
7149,61
6119,35
17974,15
29411,36
17089,320
4096,124
29066,19
15456,75
16139,11
18243,78
3935,65
18954,165
20256,34
30850,65
19893,98
27518,6
26297,54
1160,45
27014,57
8824,13
29439,121
5068,55
30554,118
12255,40
14554,100
24931,83
23149,19
23158,94
8156,8
22015,36
16237,138
23067,41
16502,36
31714,51
7260,113
15333,10
2289,28
19025,6
22223,12
4860,61
7556,330
11501,29
23920,46
17844,97
1448,13
7302,15
6659,24
33278,236
26167,83
17057,4
12195,77
380,110
30615,6
10920,106
21542,59
13298,140
22627,140
9185,42
1149,83
9349,8
2267,172
10490,26
14475,123
30465,174
29532,33
31327,130
13522,78
10531,184
13013,65
27849,134
21743,45
17530,72
5959,172
16402,112
16615,43
31134,278
27600,130
13594,112
10383,66
30363,94
12004,108
8094,214
5215,130
10405,35
25798,12
19855,116
20316,9
8282,11
14430,118
19993,100
10236,5
23720,90
30818,122
30163,25
10094,24
20008,146
9604,10
32500,80
21879,72
5869,54
28110,57
25514,75
3008,16
21289,6
8069,39
11538,29
21472,48
26001,18
1844,100
29775,50
9951,152
5336,57
14514,111
26983,78
4833,19
24731,75
21114,99
4406,51
19539,9
6535,100
29993,56
11665,25
32410,86
6634,78
21068,30
5975,7
18211,69
9336,18
989,25
30931,192
21561,24
23580,92
31411,42
18783,102
30364,62
8984,25
169,62
17768,41
29839,42
29020,72
26326,65
25080,320
12125,22
16446,38
21906,7
14423,70
25667,28
27510,25
596,60
31194,86
8847,66
7660,27
23048,22
10983,214
5690,109
9192,94
7690,36
3992,204
6391,15
4442,210
17095,21
19589,222
6190,16
7868,48
436,4
2982,61
4378,113
7403,31
27940,148
118,111
27057,112
568,55
27729,172
30482,32
31207,39
2088,34
26044,89
9802,4
23023,20
23625,2
6176,326
25624,161
15780,46
3983,168
24242,266
6825,19
6247,18
27207,30
4960,69
13181,70
5613,8
29715,47
9788,26
32069,102
20389,48
28389,23
6567,56
24841,3
29847,106
31745,36
28499,38
1681,105
8790,46
11244,15
8599,11
101,12
16561,56
18902,9
10702,152
213,22
5420,8
18125,20
12421,48
3489,43
20972,37
6848,22
1415,26
14645,6
20686,56
31127,228
28045,20
22840,8
24473,182
15646,102
1743,133
26355,47
27231,246
4915,40
25407,30
30894,108
27218,166
26194,256
20971,30
25826,54
5467,52
25594,80
16827,94
32109,36
7371,15
7920,96
6223,8
3810,152
21867,68
19369,13
28094,50
19511,72
5117,13
27852,21
6840,145
24907,66
14061,79
17121,40
15706,136
14196,25
13319,50
30368,3
20311,42
6148,78
5241,4
10998,146
25412,196
14805,50
30623,84
5347,50
21026,7
29466,37
32723,3
19851,67
5024,44
15631,50
1147,16
10415,56
24593,39
6370,117
25935,57
6532,44
5398,50
12788,6
280,34
4643,150
2328,114
23615,43
4611,33
6780,77
2363,302
6810,6
27328,55
24750,55
14486,294
597,39
19879,272
15894,57
30806,310
28407,92
31124,19
17344,34
158,92
2554,86
30876,7
24616,4
20560,149
8021,45
15632,58
15087,57
11951,50
11747,88
22586,37
12822,29
28442,157
27997,162
20252,28
14130,150
4143,29
16078,45
8572,222
17155,90
3466,4
25961,95
10425,12
4126,90
28558,54
29516,14
14461,290
30217,6
1506,176
29943,70
23005,50
4941,21
9355,156
27147,18
32863,23
8725,51
11122,17
2264,108
24046,22
4661,66
25044,166
7982,44
27734,134
8294,24
29520,92
3869,111
19217,38
22339,47
5335,31
6979,85
17646,120
6542,13
26970,77
23369,75
5308,25
26258,20
13558,82
19262,178
10891,15
26375,15
20651,6
20247,4
6658,51
33307,45
18691,100
5614,28
20232,86
10934,134
6062,22
12720,200
23912,59
8915,43
12805,25
28604,39
8303,130
29214,168
24745,8
16686,9
14269,22
3157,198
25032,214
2452,72
25009,40
11172,138
24640,328
20417,26
17616,55
7919,260
15053,334
27274,96
3626,148
12715,220
7932,17
4444,102
18599,40
33213,37
1120,65
5558,9
22471,26
15033,41
8037,109
27721,34
14653,18
178,106
22049,79
17934,58
13081,122
10122,168
11389,118
29169,56
11944,72
12798,94
2942,48
24532,97
14239,132
13806,14
32999,328
30471,170
28339,34
5502,12
32895,66
11881,45
26889,244
747,57
4735,170
2955,25
25280,141
31290,18
11996,36
1799,92
18738,20
21930,79
26840,18
10786,52
1207,118
16707,17
23750,64
17890,50
18636,107
20704,26
14506,38
14386,102
19041,22
9870,142
6068,49
8242,144
15458,20
4109,30
5915,26
28076,64
8449,8
9931,234
21205,43
18845,40
6248,242
598,18
21400,28
18984,8
1380,34
28982,28
18640,12
11428,322
33336,43
12084,204
8705,52
12044,19
12160,11
5003,9
19492,33
22114,100
2711,288
717,41
25152,91
12464,24
10974,8
22798,91
4904,15
9194,123
20896,84
31288,15
31731,12
17722,57
17142,105
9037,48
21597,50
14142,7
2202,29
716,122
19435,36
14082,73
14188,110
22111,130
12686,58
22344,61
7039,79
9036,17
32184,29
8077,57
2121,42
17261,14
9390,89
30223,17
26696,23
4308,25
2502,154
14359,135
25738,11
28120,20
29818,48
12955,91
30074,36
18763,46
26851,36
18467,25
28114,40
13886,30
5844,64
29850,15
18399,96
29679,76
17381,39
32405,72
11931,112
25458,105
28525,3
15100,110
21448,84
929,22
28154,17
21412,42
27505,100
1225,32
29121,49
10751,324
32884,21
9576,29
4826,25
9133,96
23649,13
26485,34
1728,44
3735,36
30480,45
32291,50
31821,21
6477,41
4163,83
10373,43
24602,17
4058,32
6828,60
30154,67
15519,15
11714,42
11303,54
17594,36
22633,22
8973,25
7907,27
14467,47
12175,30
32361,83
20355,106
2341,190
4246,7
13691,26
26702,86
16070,163
4396,256
3179,32
23361,7
659,178
3570,28
13618,198
24326,24
1720,35
23611,74
23811,17
29177,13
19148,41
28918,88
32284,57
18269,3
9735,12
8482,22
15896,52
33136,15
28038,18
309,26
22959,102
16737,4
23382,20
16396,40
3194,22
24498,8
32774,98
15437,54
9829,154
25757,182
30272,69
32939,85
943,83
7049,50
22888,12
7945,146
13506,18
20145,40
11773,56
1056,134
4423,109
8531,28
6476,194
2381,89
13024,114
32750,134
24111,3
10323,40
2674,47
27280,66
2961,102
28325,96
19524,26
20054,306
6417,192
14473,54
21767,92
18525,155
31641,4
386,178
3241,15
4149,34
13519,30
10146,46
431,166
8692,37
12863,108
1012,58
16704,16
24619,60
122,102
23256,64
1917,182
2561,75
21665,18
29409,8
19989,64
23722,210
7467,48
11285,10
18054,11
20214,47
9428,47
28708,68
6622,80
9777,74
24229,13
6920,81
24232,36
9891,128
31954,58
7337,51
8681,104
18190,43
4070,4
12085,50
10476,184
17811,258
18042,18
26920,21
11877,41
25670,20
12132,17
32242,128
23334,24
1596,180
6493,68
25788,51
16795,282
1987,22
20013,81
10505,80
23777,23
19415,79
4165,83
31214,14
11968,50
32338,68
16923,112
17852,128
24117,11
31664,67
23052,62
31117,268
10851,26
18953,44
4055,86
21828,46
11731,178
1672,49
15710,15
14524,3
16228,29
16448,8
9369,44
13629,27
4434,32
20002,23
30749,2
905,9
11771,87
5552,13
26133,76
5369,18
18259,53
4034,11
30110,45
32526,5
23937,90
313,4
3714,10
17798,82
12583,26
7086,21
19588,107
9042,29
26881,66
27010,42
12035,64
29860,61
23922,11
7648,222
1673,83
12431,19
19178,97
15421,36
32305,69
27431,57
1342,166
21363,226
3788,46
21130,42
11177,70
10546,102
9063,67
30691,194
22743,14
1521,12
4754,100
24644,41
9523,56
30423,151
12795,43
23533,40
15839,42
4693,70
25858,35
9959,46
24773,149
14872,10
25723,88
10057,1
19930,8
3206,23
12588,72
8035,50
6115,116
6705,14
17451,55
58,53
3402,32
6639,94
15544,166
28573,56
12506,31
12496,12
7652,28
28858,62
19395,126
11192,165
24767,79
1819,26
13943,14
2865,144
11805,116
9815,14
3533,46
20305,29
21497,11
27628,57
28744,102
9086,43
14382,25
5671,38
32972,180
28875,13
26666,24
4888,42
7896,24
3308,60
15037,226
18680,66
15290,5
28828,56
27223,17
26125,66
21313,31
19050,14
13005,28
21760,19
23827,222
16248,66
15759,6
16794,46
24747,62
2755,6
3993,80
4419,48
12608,28
11732,133
10510,78
28014,48
7989,7
16117,80
20717,45
16739,19
21829,110
8034,57
23648,21
444,30
29072,58
13070,104
33031,61
28124,14
17404,124
9543,17
14882,50
3159,48
5581,56
25631,232
18806,150
18382,31
21251,88
1529,18
12844,10
22704,39
30638,106
2977,214
14262,4
20738,46
29861,55
13756,20
2387,27
10846,76
23394,57
15249,34
17820,33
32600,23
10314,106
15346,86
9663,47
22851,56
18839,146
25997,72
7799,35
13017,30
22750,150
22784,32
18713,23
15404,4
17054,40
22018,60
21836,13
11417,20
22498,10
6957,60
19258,5
16321,134
12977,148
25189,70
10673,44
8144,51
20517,37
26823,32
29855,4
25271,21
1721,80
4421,28
16792,41
3224,158
21931,84
23278,28
22553,135
25467,56
2543,12
23890,112
17151,87
15335,102
22377,136
14488,34
3618,90
31495,38
17330,19
4820,20
11750,13
8158,192
23375,78
32148,51
1557,31
26384,54
22811,56
6164,112
3289,37
47,14
20952,30
12541,54
11147,114
22915,102
28697,33
20892,10
1278,306
22796,64
13521,149
31820,10
31985,34
20138,55
17913,62
7929,5
22466,334
1903,158
27528,8
20439,17
19512,182
8857,110
8453,47
7197,22
29534,57
3740,15
1823,57
72,8
2134,29
29320,147
20022,100
16529,63
20584,53
29838,125
1830,58
5158,13
32842,82
22872,56
641,154
15003,51
16383,78
22503,72
2839,8
2948,52
18743,58
23264,78
2571,11
7746,20
29170,22
15260,15
30714,64
32332,98
3199,16
4887,56
10475,114
22059,43
11979,104
14007,17
1156,25
422,18
29972,69
20452,10
3860,31
12519,44
1801,65
8017,26
17889,42
16610,260
28473,77
18646,155
14954,47
26306,9
4548,40
29459,23
10674,26
26793,106
25043,95
13746,88
29573,13
6770,20
24592,167
28263,147
33018,131
14990,56
27585,112
33183,62
16878,90
12429,110
13079,154
19433,79
6497,13
23378,36
14839,9
21752,92
22411,190
18157,15
26409,244
24450,96
27101,82
1655,22
4534,32
19740,18
14390,80
17635,43
18564,32
29462,15
15563,84
29150,104
25385,24
26836,154
512,3
15114,21
16384,14
20875,11
3378,31
17252,24
7593,25
14221,22
11309,84
33286,75
5618,51
21536,10
23558,25
7418,94
11370,10
32583,23
22592,48
2143,77
31299,36
24872,21
3870,59
26994,126
27532,29
14013,20
9750,16
19563,11
17216,92
26538,89
30473,48
28516,34
31638,44
8845,14
19698,34
1820,142
15811,156
24097,14
7279,89
21086,55
3523,12
8088,9
384,102
6483,24
14367,66
24052,30
6526,33
30115,13
29742,39
6022,60
3781,50
12522,105
23413,110
7454,16
22075,8
28988,172
19198,42
32901,6
27377,6
14318,19
28771,144
10957,52
27080,104
54,34
27224,9
3956,46
13073,37
28134,20
19329,90
23028,29
9172,18
28638,6
20156,118
18886,126
13390,55
20396,11
21739,9
32493,18
21274,145
4340,68
3654,51
24627,82
28894,128
16513,10
3645,8
12057,107
19287,55
22431,6
22136,26
17830,42
8581,24
24479,142
4598,4
29216,61
29755,16
31204,30
22764,73
27260,95
8925,15
24035,10
25563,69
1044,42
10514,100
4952,10
32634,61
18900,11
2307,18
11407,42
28679,36
4347,109
19640,55
29519,77
5426,35
15583,32
7604,81
21994,81
24935,123
9246,72
10165,19
10492,25
19683,108
10061,29
30302,163
14854,50
13879,16
32869,92
15719,135
30664,7
14234,14
20271,72
32174,70
32213,90
13923,166
11096,66
26504,11
16777,47
29627,87
13098,132
9350,33
32206,43
3017,17
13336,21
19623,196
12410,6
18964,56
27251,7
22919,10
15183,36
19142,78
12382,174
17875,17
26912,138
25992,19
18198,116
7506,18
8436,68
21455,55
28207,32
21811,145
17428,44
19875,88
29930,58
2704,67
30234,98
5314,74
10875,88
28781,70
13196,31
31427,174
7037,64
7368,39
12099,6
6096,132
30017,78
32080,46
7867,48
26796,58
4694,32
10563,12
1592,48
11162,39
18944,130
19614,36
1450,56
11484,111
32592,100
3417,45
20574,22
11905,40
31365,82
31459,74
32554,336
10118,48
17982,40
14838,133
31089,21
9873,180
13798,147
19196,38
5389,89
28410,36
31092,111
28739,9
8082,40
21286,135
19373,35
5791,30
19179,23
2030,26
17691,13
11652,56
15405,51
11284,19
30923,11
811,9
17959,50
21857,53
1127,8
16063,192
14971,4
29903,51
9077,29
11965,31
12078,130
31974,162
4048,13
32874,86
13839,45
4303,43
16721,13
27828,30
13474,56
20757,8
20534,26
24949,1
13770,25
4275,218
8195,84
3537,98
14537,32
7316,30
2617,28
14145,116
11777,34
10043,314
11960,24
19633,28
4341,51
20974,24
19375,34
29471,13
18051,46
14356,56
32067,107
11547,15
16071,20
19912,134
7757,198
17784,204
32872,102
4733,96
26879,150
17640,46
20740,64
25588,54
12986,16
2051,41
6646,26
27157,36
33172,65
7460,56
8830,30
1877,45
27315,68
2874,49
5287,6
28909,76
14947,21
3599,80
7172,25
17003,78
10687,14
6091,152
786,94
21180,28
20458,15
21622,107
31719,100
10838,57
18246,89
11685,40
28480,56
4031,66
25120,12
20149,78
3789,55
27092,28
25299,64
1659,32
117,117
1752,28
726,35
9653,66
7326,8
27197,210
25078,39
11683,12
23586,37
1958,114
28104,82
1665,110
17649,28
9220,188
6472,109
4140,156
8870,96
32903,15
18548,98
17569,38
19255,18
23147,90
26037,25
2920,153
21551,41
1700,54
17296,23
31087,9
16136,43
7372,82
16701,29
30011,48
3229,10
5322,158
28217,107
14149,32
1954,218
4400,43
27803,40
18765,72
28445,31
4537,250
17436,34
29306,14
15512,17
8678,35
16600,106
17907,90
15143,18
1277,43
14135,28
26027,27
20818,145
484,22
3108,43
27020,43
13581,52
10849,167
17273,18
29602,128
26833,47
21431,39
14416,58
27599,62
6101,42
19886,98
31436,72
28780,17
15186,218
17242,55
23093,4
33154,148
2369,61
27168,71
9658,122
7992,24
3777,52
27324,52
11318,8
25692,6
20703,80
27452,21
11034,73
17828,55
29651,7
3955,108
31029,34
9817,21
15163,28
11718,72
15526,74
20015,21
24203,6
26567,31
18435,80
190,38
14006,56
26156,102
7607,50
13849,78
1773,35
30897,104
1475,184
6750,120
17577,59
28062,20
12187,47
23137,24
30747,32
19345,7
31829,77
23531,190
15690,62
19362,26
30822,64
16776,111
3387,36
20908,6
26091,184
5948,214
32755,59
29229,61
231,52
28357,28
17799,64
14338,110
26428,20
23479,132
2414,45
8340,91
26814,86
13881,37
18943,64
4276,92
6082,52
10876,67
13389,17
30990,104
16069,38
13634,86
30144,158
6423,42
8518,39
19429,6
19250,50
27408,43
5305,104
5554,22
22505,47
14822,35
8060,112
3600,39
458,214
24047,314
2105,101
13990,125
25131,68
10684,48
23916,268
30649,95
17660,132
22475,13
30312,12
3107,33
13133,90
28527,46
3235,68
32188,107
8135,57
8008,54
18651,16
26951,38
27759,56
24717,94
23242,152
9341,22
22703,56
24266,36
13862,53
21326,110
69,23
26684,152
13560,80
11197,41
29881,46
31091,101
22790,38
7277,17
26267,112
2779,53
1555,39
18311,70
24314,23
9767,106
23571,55
17337,48
5617,78
15001,11
29650,36
7472,178
6070,89
8065,28
13638,60
14407,101
13614,160
33083,27
14483,31
1048,48
27323,43
84,92
18420,111
6976,84
29688,23
3997,11
13372,17
886,32
3244,116
12131,10
29133,55
16397,6
7219,112
30106,12
12652,33
4512,19
29302,157
24287,31
11262,42
21320,9
10225,180
8716,77
2893,47
4382,180
26546,34
31332,31
5716,167
25705,118
21764,51
23417,23
3494,47
27121,80
29815,65
33163,15
5744,43
16519,39
24932,112
28676,126
15070,152
12360,7
29472,105
20676,15
32854,110
27994,64
14510,50
9418,27
13857,9
2766,107
15678,58
15424,63
19143,57
15938,84
25046,8
3146,26
3919,9
27583,46
7833,50
15028,97
31227,298
8688,44
15740,332
2513,12
1181,12
18436,130
14400,17
20864,45
11142,104
24115,149
30309,103
27271,80
31792,206
14513,29
942,84
18749,2
22965,52
25360,10
19522,8
23549,56
11224,3
18144,44
7318,22
15855,198
509,8
2405,4
491,33
27882,14
25839,47
25791,79
25156,132
9129,82
11098,170
19317,91
2,128
13243,298
33230,37
3412,105
28174,109
20658,38
10918,48
20699,48
5695,152
20346,78
22949,182
6649,15
77,78
32434,25
20095,48
29463,9
8527,198
27711,21
28037,72
25956,91
332,46
6554,23
16682,34
8828,96
15827,102
25781,77
8446,41
14311,27
28658,83
21537,62
33328,97
15446,108
1610,99
2104,32
21602,91
10755,268
31889,17
22145,11
12651,42
24509,8
27082,72
27527,22
26410,112
20632,120
18826,3
592,43
20397,62
1194,39
12629,153
5330,46
26365,160
8630,9
11242,48
28929,110
15406,91
30722,108
14466,43
29709,113
26205,72
2173,60
14401,37
27138,28
17365,45
30940,31
24994,24
2818,25
32173,140
33066,12
16698,149
64,188
25187,20
13631,146
3949,80
13523,88
3258,77
4000,26
25267,23
12495,87
28438,68
11185,21
32026,64
31077,50
25626,112
24113,16
18957,147
378,18
16200,27
555,32
31833,18
32191,68
22719,100
26212,124
30146,130
26926,6
8525,17
4526,77
11321,244
13255,46
21590,46
12995,12
13455,98
26847,28
23501,84
33259,133
12281,135
6434,45
15520,12
24811,45
18121,10
26102,194
11761,39
23851,5
11826,48
616,16
26272,33
8882,42
8916,87
31917,57
24782,103
15670,102
10836,28
3736,48
5143,124
24469,88
25249,10
28501,81
5195,74
24705,22
18724,149
570,36
7724,38
30998,55
13394,79
23063,109
29275,63
19405,42
33156,22
1528,81
20532,31
30016,107
590,12
18319,13
5688,14
7927,38
563,9
13673,56
15181,18
17813,52
32204,32
16646,36
1035,101
8715,52
9783,33
13410,5
13129,51
14040,56
16367,44
31066,126
23587,55
28615,145
4634,38
17765,246
12873,10
15058,322
3565,56
18508,7
20183,80
20548,9
1573,22
28976,76
19822,21
16575,71
31505,80
1025,18
27395,145
14734,132
7798,43
27601,112
12304,26
15846,29
8913,53
28056,92
16932,67
27414,9
9101,50
6468,48
7261,20
31665,46
6489,264
26761,65
9605,26
30232,108
9823,39
21238,147
31125,22
17633,88
2305,23
10961,20
20826,78
2703,102
265,36
26295,86
24042,64
538,45
30439,28
4535,56
9065,188
21384,15
23644,28
16879,5
32390,61
18860,54
8117,13
16960,97
23475,50
1067,28
31416,85
33373,34
30396,17
32529,7
9232,8
10609,24
23895,55
16549,47
30812,94
23222,109
16859,15
22160,18
26427,52
1190,44
4778,85
26619,56
14823,46
20463,12
15013,56
16940,12
17262,300
13491,157
29410,82
6406,61
24089,16
14254,112
19638,94
8410,32
24458,107
32789,42
25235,136
10190,104
9415,70
3769,5
22376,24
16185,156
9182,92
25711,28
31216,22
12371,94
28361,10
3669,44
1318,25
23252,200
14681,76
20777,88
13940,46
12397,51
792,5
30451,113
26691,34
28296,82
11258,45
16137,95
1262,12
29574,48
31531,108
13841,196
14759,160
1145,6
30513,71
16080,37
10863,12
1221,32
10910,320
14544,26
17324,37
20726,232
19724,18
2739,105
18603,102
21953,11
15955,74
22358,42
23778,58
13966,124
3687,43
32182,31
3837,53
19306,28
32737,9
15943,8
381,92
18661,39
1625,32
23953,63
23240,7
8467,6
2392,116
19280,280
22552,49
16930,294
7972,22
20395,23
6874,9
2319,72
33222,35
26360,29
3129,8
27613,156
17992,62
373,24
1052,12
2966,50
31847,87
14856,4
3616,9
29232,72
27445,102
18249,11
4178,22
12280,25
869,51
16465,23
9794,48
7891,23
18328,37
23676,39
17091,45
16906,16
7578,83
10445,14
27788,62
17566,77
9935,56
3792,24
2017,6
15319,15
24083,50
8306,22
30924,4
27758,19
23850,24
10656,75
19819,29
5771,89
31438,48
16915,34
8579,36
23658,107
198,66
14560,288
27655,116
33232,51
15464,284
26155,20
30081,48
9298,56
25945,123
31983,134
13668,33
11812,150
4265,51
5647,79
4589,30
10627,102
30288,8
12511,46
21137,110
745,306
134,174
21330,21
27402,96
6321,46
8345,157
24404,21
2348,28
20642,17
26749,200
21272,22
1972,162
7374,77
12991,3
31067,22
5102,21
10041,336
6779,21
31524,21
565,100
3661,90
31887,22
27573,4
33221,47
29184,10
21482,118
3771,38
8690,64
15659,108
27045,62
14912,258
4111,95
2081,62
8682,65
16364,36
14446,55
29631,21
6369,54
28639,42
26547,60
8802,42
23729,35
32461,135
27056,48
23762,58
13976,63
8062,100
10781,12
28119,55
12268,23
14305,16
4816,82
23066,99
24360,40
15501,39
27566,14
31105,222
21941,47
17383,9
7026,23
6802,98
8855,106
18077,3
18395,57
2997,74
14960,95
11819,33
30147,10
8338,19
22467,111
425,12
4584,58
4903,13
2480,41
15445,41
18906,54
26054,58
29718,6
24814,34
31919,89
2338,3
19728,52
26878,9
7898,20
6756,156
32372,42
14405,12
26635,11
29050,64
16358,123
21145,85
22563,63
30786,88
31097,19
4918,27
19598,24
30804,258
31901,104
33314,28
16551,9
5906,14
11930,67
29239,206
28698,182
27040,97
26484,57
28204,76
6926,58
14984,80
18373,166
26262,22
32704,15
17288,34
25815,146
15390,13
14753,210
27474,120
21186,85
22910,21
18522,100
8313,40
23578,29
31787,61
30494,82
19241,106
11250,68
20646,97
15020,70
15605,5
23552,50
11387,23
8774,304
29451,50
25960,74
8591,306
31118,35
11239,35
21190,20
26374,15
16511,86
8071,10
20466,108
11505,80
15675,102
22176,20
22203,5
13130,27
4033,32
23179,32
3796,91
26627,6
29266,28
15783,27
24652,46
26990,134
26594,43
15666,22
679,24
8210,16
14569,68
15110,111
587,32
20657,96
16952,48
11438,12
24589,18
9259,36
12287,28
18655,2
7858,61
28431,36
5098,21
19180,78
19943,32
4867,134
32794,16
32640,168
18355,102
28159,48
15671,38
31468,35
28863,326
21378,42
8027,87
5161,107
13774,17
26341,24
21045,65
15733,14
10344,38
30901,6
8848,14
2351,22
12754,48
1230,105
7514,58
14464,166
25863,50
10073,7
30646,23
24943,160
12352,127
24519,31
11088,38
31688,150
31462,270
33205,86
28857,25
356,20
7669,226
16627,13
3424,8
6910,15
5357,14
22240,46
31763,133
2933,47
14829,50
30139,52
518,56
27691,312
12468,97
10657,3
6551,24
29992,35
8368,68
16694,100
20434,145
4576,240
32293,14
27823,25
21996,55
14091,26
6255,16
20218,11
16262,65
30155,53
27926,34
20842,133
26147,50
25088,7
17782,39
7178,146
25049,24
30522,76
27730,30
14060,57
6481,95
8670,20
28942,34
10305,46
6905,22
23891,29
22234,37
21115,41
868,330
30527,139
11839,21
15641,51
4247,118
28003,222
23138,23
23447,19
22153,52
8871,58
28569,54
11572,27
24689,46
31021,20
17555,50
32383,23
19320,22
25996,109
25582,60
30179,5
2486,29
30669,76
21945,72
33252,42
15463,162
12245,47
2589,46
20673,8
26063,9
24335,51
19674,3
18402,11
11717,44
12659,9
6914,12
6097,129
29753,46
17849,26
32965,13
10973,108
26230,12
11234,144
19825,31
22492,70
14996,39
26313,97
5351,30
17713,48
25710,34
9762,39
30380,58
6457,49
32256,82
4321,66
2047,44
22461,30
11887,42
987,6
2042,125
8185,156
15571,4
6234,112
7562,12
22245,23
11804,116
5717,82
2971,98
31309,32
9775,39
30089,26
6390,24
5597,154
15743,48
11449,164
9928,64
8780,38
16271,23
33356,51
18653,10
5737,35
14675,18
29148,292
6235,8
761,61
19854,61
9122,48
8937,7
17044,97
17310,14
11815,31
14389,25
2842,86
15687,330
5834,114
22090,47
13894,176
30256,39
27069,18
9179,23
26305,14
16049,41
5779,34
18262,72
11909,37
12385,35
9881,72
12740,29
31867,57
23268,100
32506,68
5508,29
11198,41
25150,163
15248,264
22260,28
29199,20
25274,9
21036,13
6288,12
19426,105
32538,90
6947,69
31192,97
225,19
22604,59
11648,28
32,180
26652,122
21419,56
21282,56
20239,128
7914,10
5965,11
24920,72
21621,130
10227,44
32801,5
3942,212
13022,36
31354,39
11526,7
17186,212
6762,26
6384,156
22443,16
27363,57
1508,214
31315,37
13415,190
18370,27
13450,41
27203,21
16310,44
3269,111
14994,70
8353,162
16086,67
31043,52
30858,16
18368,11
33096,45
25069,57
23556,37
10988,55
15243,66
19731,128
33352,91
31678,149
4501,42
3036,41
33348,9
21151,16
3113,94
33231,64
12138,114
33261,44
30751,50
4459,162
8312,78
20101,94
9187,35
31880,9
30964,114
19091,6
21554,36
17728,61
26160,106
519,90
27357,60
8015,222
9755,14
5469,290
32014,69
16599,61
19434,11
8321,44
31947,27
21067,66
8317,86
11211,24
11030,200
31642,56
19571,8
12424,17
1314,33
15715,69
3367,240
18829,91
27211,12
32832,21
140,4
25452,94
3124,91
24727,182
8844,20
1252,35
23875,15
20897,12
10848,53
21658,96
29605,12
29750,76
13266,32
23955,89
23357,57
21873,82
17203,63
2429,111
12014,21
28506,17
28401,43
13617,190
7531,102
6241,56
22917,61
32203,45
32433,82
10188,18
17869,12
23236,29
2533,48
24573,42
1635,15
2323,38
4649,50
22579,66
30222,27
17668,58
2978,91
30485,11
7272,42
4494,20
22243,248
24121,34
4242,87
11763,322
19174,100
7490,40
18528,54
17354,50
10906,91
18861,17
17378,95
31090,48
5759,15
103,20
21449,90
5971,36
385,156
4697,96
17613,10
7217,166
21418,114
17190,13
5491,12
18317,194
2778,214
27886,92
24559,4
26248,96
18744,45
442,24
13531,88
25226,174
27885,8
25453,72
20400,50
13361,123
4971,95
32494,166
17071,2
31710,44
22272,11
21725,184
24546,40
11550,31
13593,12
6276,28
15545,59
22101,4
30991,168
12922,124
16640,46
15473,20
8592,54
23087,24
24118,48
18088,5
22186,28
1063,82
9411,17
9015,34
27589,12
32909,41
4824,41
12204,57
24020,20
17575,48
28029,50
1077,153
15751,19
26904,36
16503,102
7611,13
22693,6
17871,49
25481,160
4326,30
25923,95
23687,45
29329,24
21510,95
16060,56
13302,156
12306,38
32298,64
23307,9
31581,100
25183,210
30094,18
29952,112
17895,204
8087,38
32462,196
1001,36
2608,116
6267,63
15596,8
26464,11
21810,50
30953,15
14194,146
23123,18
14853,46
24130,18
5383,22
21627,17
26359,78
32231,61
3694,114
5011,67
682,24
27923,24
22373,108
31179,28
8374,56
27050,27
13074,24
27249,19
13343,82
17726,112
17560,100
28710,56
18627,28
32004,34
28685,53
30283,129
28823,292
18918,130
29699,136
9643,40
19935,21
7980,67
3811,69
8302,127
8228,73
20575,98
14186,74
30285,28
31843,108
11680,38
11492,54
20468,14
3601,8
11591,63
1470,20
11127,4
16872,11
27177,30
7080,48
20448,36
14252,81
9803,9
19431,8
18682,12
7890,94
12334,12
21229,23
11766,54
31558,74
24104,10
4180,11
17406,27
29368,52
32822,51
5419,6
17598,56
1849,79
26770,99
12579,34
9903,51
4664,182
3042,64
23177,6
31813,6
18532,45
3819,8
7854,56
9016,85
19400,36
15360,214
5876,256
31432,43
3814,23
4007,119
18001,38
18233,141
19235,4
29351,36
16411,46
16939,43
31076,23
19427,48
23996,43
30049,122
14649,35
13689,74
9046,104
14432,306
16555,105
20780,34
19201,21
21285,78
29747,53
16332,40
3370,56
28855,14
30457,82
2940,54
6439,40
24568,46
571,53
1501,20
14375,35
26867,21
14447,48
14862,50
17705,192
29026,160
1313,6
14108,113
21787,31
3905,2
13322,42
1482,52
25561,17
8554,51
13669,31
14657,12
8200,88
617,55
9457,59
12433,36
32218,222
29950,28
30797,96
2623,23
18397,55
29947,24
17126,113
3472,54
14185,64
24518,22
2234,81
12849,51
12864,136
23650,6
33102,23
22850,18
13325,107
27109,26
28826,28
3984,276
27352,34
26838,74
25577,54
20549,83
27174,97
16468,56
31522,134
22335,34
11697,40
10153,77
2871,11
12530,47
4411,26
19514,110
5584,10
9297,42
36,4
16031,42
21928,4
16868,7
15146,158
30798,88
14550,50
23619,33
10644,26
14442,91
17345,26
2334,10
11938,87
8948,19
6454,17
24036,78
11587,14
23118,2
16572,42
21880,138
25625,54
8804,10
24207,16
28213,50
27250,52
26901,16
18011,64
9285,35
32588,216
18634,50
8569,14
29935,17
31500,31
32217,206
26475,105
31989,36
14374,16
29107,107
26729,14
29060,163
11376,52
30416,61
28135,224
4966,97
10622,21
11854,25
21175,129
32253,129
24541,12
5248,53
21678,154
32121,52
22242,56
16946,105
27397,111
11978,90
16730,62
10785,56
15888,82
5223,136
24150,54
32721,11
891,26
2899,114
18297,56
3801,69
31235,46
25,126
20030,48
12544,212
30325,32
10533,11
11543,36
12746,99
19578,2
1579,102
9210,21
420,108
19613,76
27273,104
30062,33
1900,70
7003,78
30425,108
21357,30
27477,75
24713,43
29144,36
31168,77
6676,4
27948,7
10459,40
27666,45
11993,54
7634,145
8516,46
7841,21
2910,72
6047,76
18755,53
31647,28
14088,46
7694,39
7444,19
24752,6
16771,48
23944,18
20230,39
19712,24
7878,90
23897,10
11873,188
31080,10
24578,43
325,29
316,56
26293,88
25874,13
13069,117
18221,158
16147,74
16315,25
11880,15
13260,18
13613,14
27680,188
23312,52
31085,18
15068,7
10148,74
27992,22
27256,12
1259,35
13262,104
24408,9
25662,113
10385,16
16665,53
11157,110
8030,50
25221,110
1287,6
7940,86
17060,160
29555,118
473,178
26124,4
7083,157
30246,88
27911,168
11255,29
30528,31
25988,7
24409,49
27111,64
12449,24
17051,34
12518,81
17266,114
6558,58
9882,35
5214,45
17260,70
14415,14
21745,145
9547,65
33333,20
27349,19
23522,130
26369,32
9880,19
11775,94
26774,45
21832,47
17467,61
3166,36
10361,172
838,91
25772,62
460,99
2831,304
29751,168
13692,79
14959,84
1369,232
12286,68
25674,14
30210,149
31160,13
15489,7
11375,50
17135,37
19029,7
25040,13
10091,9
5071,77
12418,55
16754,57
27012,47
28750,126
26371,136
19835,62
4647,12
4724,10
25219,109
16235,26
22621,31
6142,38
32760,59
15503,174
5055,6
2981,26
16543,154
13179,122
32628,87
33250,34
4127,101
22454,23
3265,45
773,37
5382,45
7509,36
22821,37
32991,47
33296,39
19414,17
22771,250
10491,56
14559,10
16151,99
28023,157
9632,3
31817,53
22419,29
8006,142
16647,55
31041,202
2996,12
26772,22
3895,54
22030,128
164,56
6229,139
11298,118
25813,31
4738,94
26330,40
4662,149
16581,14
7658,80
17349,55
20488,43
18609,63
7254,108
15795,38
24879,110
24620,86
12753,44
13380,21
32729,23
20234,86
30289,102
32317,31
1357,48
30069,139
27755,15
8640,136
29179,286
17411,106
2632,98
20998,156
6571,47
19789,2
31885,86
15784,68
8928,110
19185,28
21131,24
13376,57
19304,144
32408,25
29721,41
14084,88
15919,110
2254,42
4873,27
28868,17
29980,23
18641,26
14313,134
19106,68
28519,34
21895,113
22908,16
14117,24
21393,35
4094,54
16976,28
11715,114
23939,46
31864,63
2261,17
17371,131
16650,20
27129,84
12247,21
26945,41
606,10
17119,9
23645,58
18173,51
15387,113
29905,35
27359,10
23482,56
29523,67
28164,11
25765,34
188,68
897,102
22397,70
20947,42
22434,58
32858,178
6254,94
1128,12
29315,78
11716,8
6395,56
23898,128
6498,20
18729,45
23717,72
30226,25
662,188
26707,54
17468,56
30068,70
12761,141
7664,17
2587,46
26079,135
7574,34
19561,26
8621,46
4557,34
19573,20
272,30
20238,30
32702,200
1793,11
10878,20
18875,4
7134,180
30928,102
11254,74
12942,200
13802,28
32686,68
16450,50
9769,82
23695,22
4254,25
16003,72
23061,52
16352,20
31242,141
26685,8
13417,11
2647,62
27807,77
28566,180
2967,7
21997,72
20667,40
27656,200
32753,49
15845,33
6584,44
12948,157
22276,51
21612,38
27007,13
27070,15
14825,6
32053,80
18447,28
2856,108
10520,61
2203,50
13890,50
30693,60
11336,138
18836,37
12650,105
3332,109
12222,43
14167,16
17408,12
9946,112
19771,92
19736,144
11061,17
2347,99
8461,100
13465,178
19838,22
7795,7
5054,240
16638,30
5513,194
15138,97
2541,68
1244,72
28967,92
21426,3
22622,12
413,10
26739,157
14573,10
5045,113
7336,26
31231,124
29080,34
24267,25
19933,12
32952,36
22645,28
2638,91
20859,26
9472,100
25691,21
1106,33
22365,25
14251,21
2497,79
31423,107
3067,28
4087,51
8360,31
10543,11
4023,85
306,84
11290,48
4238,60
23191,48
11981,79
13661,26
1353,150
4668,34
26597,89
27767,26
22832,24
15979,13
10511,26
28256,28
14993,4
15985,45
23161,36
17522,9
5830,116
24749,50
17857,51
14459,113
15852,8
18924,81
18605,28
24863,66
26813,29
21098,107
16505,62
9507,35
12294,12
11424,10
18704,288
23092,3
12902,33
12547,17
31164,84
19265,41
29397,17
26064,132
11320,148
3864,6
22173,141
32368,63
12803,146
11402,11
23205,58
17149,8
7995,66
13120,210
31784,62
5315,94
23065,24
23753,52
14097,51
9898,52
29258,73
19593,9
28052,238
28947,139
17024,55
8753,50
3217,111
21116,160
13554,96
766,92
12683,36
690,24
5394,42
12172,86
13810,58
17867,7
25192,123
7671,69
21495,40
6783,53
148,52
30754,312
18576,25
10986,56
29926,41
1760,31
25067,68
13055,108
7824,78
16410,48
2504,172
12494,112
19088,20
17749,10
23174,61
9427,11
2822,32
17868,2
32277,48
15002,78
21858,66
1715,58
22738,13
14463,69
19906,31
15435,135
29887,18
19720,202
26678,264
29412,156
14017,15
23324,106
26725,40
10111,50
9060,14
5533,32
12422,18
25111,60
18639,122
20110,29
7127,22
23509,26
19748,17
19837,11
25873,62
23276,152
16356,9
24501,8
19513,53
10812,32
20353,9
9963,156
25929,102
27081,5
20195,136
3362,158
8470,11
30460,42
14509,78
4010,64
25780,68
12267,78
9126,18
27812,39
16296,11
27341,78
28022,24
1980,92
27618,45
26480,110
18876,82
452,80
28227,21
30637,31
26413,20
21292,22
6843,149
649,236
26442,140
11067,68
22761,111
31172,19
12010,18
32195,9
2927,67
16926,264
13268,78
9774,84
23440,96
33312,160
21674,57
11524,27
25591,44
6035,2
28392,48
8988,22
3481,38
20004,84
2804,9
13393,13
10388,40
14395,26
11784,42
20525,13
10542,7
26657,204
19579,15
10181,107
30681,111
7455,128
28635,163
20586,29
7262,13
3649,43
21271,64
24276,216
17443,110
481,60
29505,48
18137,12
20990,18
6820,7
8090,163
24339,23
21382,92
11727,131
32751,14
4843,15
33344,53
5072,107
25425,13
21222,36
30058,122
4961,17
13033,77
28760,50
10880,59
22648,2
22788,14
13360,161
5812,121
9440,30
6977,22
12346,18
16473,21
18331,28
23159,150
4466,13
10262,21
27888,70
32489,4
29821,54
493,8
20581,48
24905,96
20226,47
32196,60
8714,29
26098,10
17624,72
28636,36
24885,52
6186,151
8120,160
19472,95
15932,126
712,25
22093,57
6906,151
6279,46
28013,36
11117,111
19401,78
4846,42
8662,50
10458,4
2945,67
7905,21
16278,12
25539,112
5253,119
27928,61
10643,18
25505,29
7022,29
1468,20
11333,80
4529,14
10178,84
30689,31
13947,32
7569,5
940,9
10000,3
15815,42
26738,172
26220,26
28756,180
5170,13
20203,76
28544,29
12797,6
28079,18
285,17
5216,9
8258,180
24984,134
1649,91
30384,99
10244,108
13341,33
27727,33
8633,67
13715,24
6034,55
28315,24
31426,34
9263,30
19500,24
14162,108
7571,80
9365,36
5218,96
6185,133
31139,7
9904,154
19950,8
33003,7
9218,50
10291,20
25392,102
27178,12
15886,21
31016,23
8022,34
10494,28
32782,26
2449,14
27195,26
29301,24
13263,11
12733,145
2035,51
7042,50
5667,30
32458,72
3778,80
15996,9
14877,50
23420,41
23263,22
10084,156
11947,36
19801,23
15475,322
12870,42
14391,37
11896,40
7310,21
15523,92
25938,61
20630,21
9942,48
10736,35
3200,29
4695,23
7415,8
19047,36
27555,47
11214,106
900,75
4175,164
31113,4
12285,28
32226,47
2655,68
4565,31
16427,161
6323,27
1656,97
13977,45
19515,6
25932,90
31924,75
33257,54
23151,52
10294,4
25130,61
31716,62
28892,92
15642,124
12326,10
26292,20
25913,54
10745,160
5760,220
3937,45
26831,57
12929,112
31523,25
10962,11
16406,78
31424,82
414,47
1740,26
24802,7
24890,26
693,18
26434,53
25830,36
14265,108
12329,24
27170,23
19627,32
11513,21
31895,70
11695,32
25387,2
19757,42
15322,7
9536,47
7307,51
22768,66
5121,196
16750,72
25337,154
1759,153
20638,40
25470,11
26173,51
9773,94
10513,9
22916,27
4496,74
31176,57
2426,7
24302,11
23805,19
4827,78
33141,140
20531,41
3178,78
33349,20
9589,19
489,5
26973,100
8671,8
2214,89
6681,80
14154,66
19054,46
8520,51
30772,24
19823,37
18705,100
25534,140
6192,43
12451,67
11967,74
10023,6
725,47
25333,15
2986,36
24461,81
18545,7
6490,176
9613,81
12602,68
23251,42
32621,44
8199,158
24269,7
30463,22
19150,6
25379,30
19101,140
23370,17
26701,106
28300,117
4413,31
24300,20
25633,7
22317,5
32006,52
5798,6
31761,145
17199,151
13754,69
1824,100
1487,15
12098,10
3953,42
32900,55
17567,172
11838,16
689,27
26864,34
4499,70
27811,136
1636,72
29944,52
7072,167
1872,46
28420,98
18339,80
31567,22
21317,41
8691,4
8683,62
28400,166
1841,61
23507,9
8307,21
29934,23
31027,19
9939,56
8543,23
3416,112
25770,82
30121,94
27826,36
26052,7
9155,6
14795,162
32722,42
9698,143
10105,8
15301,192
16500,84
20604,142
29237,78
33317,258
5774,11
8005,35
26437,139
5293,151
21595,98
24950,103
30305,68
26150,1
12480,170
11409,21
32772,61
755,25
32496,45
33368,154
19335,35
11174,78
28444,15
20999,106
27287,35
527,32
2053,51
24958,139
27664,18
13749,26
24545,96
6030,17
24900,55
6450,68
17677,55
17131,144
18753,72
31446,98
12523,111
25194,20
10179,14
29793,48
19031,11
1228,91
32864,90
12969,37
70,36
30591,152
14743,19
11920,24
5302,23
15193,147
12779,34
5240,25
26431,90
32249,18
10401,51
2357,64
11971,41
3121,40
20920,216
10690,28
8981,96
29854,75
13679,206
27972,90
21020,134
28005,134
32522,24
23284,60
29419,244
4080,10
17707,44
28727,28
22062,94
15916,88
12889,67
1833,131
11674,12
13381,95
6429,105
2361,140
22739,53
17084,32
25518,24
27371,87
31478,63
12456,50
27824,29
12236,21
31018,47
27617,90
32288,56
10892,28
9821,22
25466,22
32788,97
25169,136
7433,198
19055,78
9563,8
4135,117
2751,44
27043,33
2354,210
21029,22
6719,27
2595,16
23775,142
11382,7
2260,222
6845,64
20795,52
22246,37
25233,118
35,15
16348,54
26639,13
30145,37
12246,7
28262,37
20340,10
32748,28
33158,31
21741,322
7157,110
7158,91
27867,66
12705,182
345,15
25731,15
1326,39
21557,109
26592,56
9373,85
14399,14
24924,59
13805,236
23545,52
28661,64
6886,29
2660,6
4464,74
14826,22
33289,18
8215,20
24457,15
978,24
13192,165
19394,6
17663,65
17209,157
23653,35
28908,250
13697,55
22122,12
10176,18
6797,98
9007,167
227,45
2880,2
4172,22
16590,290
2333,106
22564,90
3510,22
29957,107
5594,3
7673,17
3062,57
12047,106
21800,7
116,30
14906,38
20510,38
18280,11
17446,30
23173,100
5325,3
24197,26
16924,21
14803,18
24517,3
24399,107
13559,17
5442,180
21535,25
15997,110
26096,9
22486,210
15401,204
15739,45
21556,51
45,26
13451,19
10135,314
22647,26
191,48
25789,19
11808,22
19087,61
12774,12
32685,61
4345,11
126,163
10596,30
13200,148
7861,26
1615,72
31372,15
6205,8
10595,25
6966,12
5995,84
26141,100
17738,18
4965,48
30405,126
10989,110
32025,24
3071,23
26515,28
1086,122
22632,11
334,45
3176,7
12993,17
11100,20
18192,35
21723,22
21616,25
17427,102
27426,184
1231,51
15610,272
22328,110
16687,18
4339,6
577,29
27643,29
1394,22
5406,34
14798,21
17678,198
24432,26
19870,268
7354,8
30914,21
28066,116
13161,52
20465,30
31552,8
32804,84
6903,18
22831,59
27198,112
27301,49
17947,23
26659,70
27075,9
14335,100
10738,5
27827,19
22951,20
15313,19
32469,30
1782,20
13408,26
14454,64
32349,61
26566,9
33070,78
21654,87
5327,17
2959,76
23377,24
22386,72
31718,40
9661,51
16006,250
15035,66
4456,32
32754,160
10125,7
5423,25
7093,78
18989,62
9539,37
22327,46
9071,17
1037,14
24985,154
17462,20
1758,30
13184,54
1383,96
15573,13
12368,106
18430,316
19305,11
29173,92
33203,40
14228,4
17986,86
17602,65
10218,12
20645,52
23818,48
26586,10
53,33
12838,44
4858,23
16380,18
468,100
8033,126
21950,45
16055,127
2988,8
30440,24
8382,6
24790,42
32814,22
6466,39
12080,11
28954,39
722,157
23282,9
19337,46
1996,96
18890,78
16643,82
31825,34
21695,86
22041,22
8912,73
13540,100
19569,6
25147,84
15069,7
16726,84
21519,55
3462,7
2475,4
19708,157
17848,61
30082,43
28720,332
11928,34
13815,68
19388,24
26846,25
24346,25
32287,61
7017,28
14617,17
3629,66
4604,20
13585,35
28919,66
11546,40
6807,47
28649,95
11493,6
10358,10
23195,124
29470,210
30654,10
15933,77
32185,168
20364,9
30929,88
2680,56
6791,155
17458,46
7206,32
20122,23
24257,67
4389,11
22384,73
13134,46
33092,84
12244,51
297,135
6202,138
5919,139
14744,77
15509,46
9299,36
31490,101
5331,22
9294,7
27292,23
25782,58
26944,102
31185,79
23114,92
28105,19
20284,54
14656,11
16012,28
26007,19
3930,24
32849,35
15007,12
23506,57
22334,4
488,32
31491,94
21863,97
10133,74
10346,32
11908,110
9529,98
11586,104
6287,23
22847,160
12930,83
27325,34
18809,20
16538,32
18930,17
23181,25
11366,124
17727,48
21109,152
3321,8
30422,44
7818,78
18567,41
30762,182
6683,8
15386,43
4220,23
12046,102
4467,91
28922,7
14746,56
28896,8
5435,113
29802,95
30059,155
27316,2
19874,61
31866,216
4795,52
32532,35
14304,72
33287,64
26618,69
13765,26
7889,18
25071,150
20973,57
9511,8
32040,79
28809,64
20588,12
29487,91
33152,11
30322,29
30097,26
20246,36
23115,104
24526,17
1144,15
6187,22
24438,126
21254,52
27185,78
1623,204
24906,18
4342,202
18324,16
8096,69
7649,92
12103,25
5723,85
21212,81
11551,268
16800,55
32127,48
30030,50
29720,48
24588,77
2193,78
15357,25
14489,72
23011,58
13029,117
17815,163
19877,28
24603,24
20209,151
4043,26
32063,18
23743,94
25335,102
5264,96
12618,10
16066,35
12911,61
27378,48
20049,106
5848,248
9225,31
20982,35
15854,118
564,111
26610,104
33,24
28424,158
29443,32
12950,11
14498,2
20590,58
26820,33
28428,37
6565,56
26331,67
15792,92
245,18
20087,7
27919,46
15568,105
13850,49
24460,180
14915,33
4457,40
1848,36
28239,28
21306,17
24151,64
1322,28
23419,12
25184,31
17955,262
30274,156
22800,18
25809,23
21264,10
13927,9
23399,11
23600,56
11461,26
27968,16
27499,20
6266,152
11628,18
5474,192
21569,192
12448,38
28142,12
1939,51
1949,119
1288,40
5445,81
9856,10
21883,96
2999,121
9919,70
17382,202
22004,12
22574,16
20518,17
32189,66
11010,29
6540,3
33101,32
30753,60
5892,24
14911,10
32275,86
2553,11
13553,7
5356,144
11799,55
14450,96
29522,103
9709,10
14010,50
9481,12
9516,44
27329,30
30055,35
30890,46
26208,41
30952,84
29280,108
33274,43
9334,37
17022,7
13351,226
1913,20
14385,80
20609,19
15126,62
3013,16
17627,55
30304,42
23017,70
1619,12
16412,5
23436,50
16662,100
18228,100
29834,204
20749,68
21053,11
26234,28
24824,41
11056,40
32009,37
12717,130
6500,108
13099,26
4540,152
22670,87
8994,33
20127,28
18887,62
1462,27
15935,41
27087,42
23293,42
27900,28
29207,51
17207,84
25513,161
29362,90
3261,31
19447,76
22228,102
22092,142
13970,109
5896,11
17101,23
7502,22
15197,184
31074,46
459,12
6348,298
11050,56
8186,163
73,53
12144,65
11446,25
22172,12
4101,41
30157,79
16021,121
11769,27
26189,50
32252,4
10675,15
22388,48
18619,92
1398,12
9660,8
30307,31
16120,96
28382,218
29447,46
26412,76
9193,32
13632,37
5184,16
1065,34
9988,30
15966,20
26777,76
1881,44
9612,5
19228,25
27766,10
21576,11
26023,94
32890,53
21123,32
18093,58
27774,63
7952,15
27243,97
21051,224
30241,18
29898,74
24227,45
12149,48
25968,57
31213,52
6285,133
30060,126
28689,39
33246,30
33239,48
30984,34
33041,28
13778,117
29685,22
13165,22
8952,23
19775,76
14093,15
26572,67
5399,4
3985,13
28840,9
23104,5
1008,7
26910,24
1561,79
3209,62
16617,20
10960,35
24542,16
13494,33
32135,298
2032,117
18392,304
204,23
24007,76
31621,41
29958,86
1590,25
28790,158
500,33
10929,37
2758,60
5863,9
29227,26
4409,11
7561,70
30616,127
30823,23
25640,11
20257,39
11943,18
21680,57
7857,23
4483,68
13490,12
9947,42
28087,63
10768,44
12708,4
25759,40
12427,23
6275,200
16403,24
28768,29
19622,2
13367,33
22598,6
14927,88
31480,56
930,19
21413,17
25887,254
17514,6
6907,55
13584,57
27845,66
22544,13
12012,110
16436,78
5378,126
3187,16
6761,168
32171,47
24665,24
28983,67
5036,138
31671,30
7434,44
8535,31
28777,134
8950,163
16813,37
32575,45
4193,218
5198,52
13229,72
2786,28
12985,17
26785,28
7930,6
30292,8
15034,44
14047,48
5903,67
27947,17
3105,47
26323,130
29517,30
27358,85
21374,124
8476,33
24323,61
19519,56
12179,80
28429,35
16186,50
22667,64
30919,65
3682,85
16056,119
19565,84
24338,74
7180,46
13652,6
23612,53
23248,90
1580,4
14613,56
17552,18
24148,52
27162,65
28926,12
18048,67
11525,20
8604,43
8757,26
23889,72
9080,65
19484,30
5627,10
832,22
6240,61
44,145
13527,48
27660,30
25643,96
26913,108
6284,28
15969,91
32081,20
17972,54
5169,16
30203,22
30978,150
23298,35
7479,32
16452,87
9901,19
11411,44
7790,9
10733,3
8438,41
3748,116
1947,49
7480,64
10399,67
23315,95
28880,42
21571,70
16025,87
17257,43
26204,9
26699,107
5993,74
11656,56
24939,56
3040,17
18674,47
16350,6
17739,22
24758,52
20491,16
28749,82
16837,162
2881,90
2514,39
31605,31
3608,40
8850,51
11790,110
336,96
7338,82
28107,155
30734,26
9524,10
26392,24
31766,34
29670,28
27254,40
30225,167
1835,26
31695,81
30704,30
17000,101
14378,22
20289,7
11194,314
390,28
11863,30
22002,110
18687,182
9088,144
23977,13
32738,114
22299,70
25200,118
1389,55
23738,34
30160,168
14813,21
26558,68
32237,31
31778,32
15044,14
3705,36
25652,157
31680,90
29674,27
2142,44
14745,29
6887,24
11834,73
2037,166
29029,31
29032,10
23323,37
4916,92
12871,60
7047,70
31619,81
26734,23
22833,95
26507,6
10744,80
4854,24
13950,30
30716,36
3545,31
28034,8
6053,98
23661,31
28746,45
29384,94
21262,158
31104,48
20161,54
768,22
29840,42
26111,21
29292,16
25831,8
1458,6
17112,60
20197,83
8025,46
13411,12
20264,59
25878,94
430,46
22953,150
10841,54
12861,31
31610,78
5297,96
24859,28
1785,20
11690,13
2568,98
12796,58
17,38
5773,55
21178,15
7667,68
20025,23
3246,43
1435,4
9960,34
3343,76
28152,278
18554,86
30402,20
13285,118
4510,9
6860,70
15782,23
7414,39
11822,153
21824,91
14322,105
33327,70
8611,188
22463,104
9435,22
694,29
14095,14
27285,12
14652,103
1432,54
10286,4
16634,32
24070,33
24247,63
17874,68
2841,55
337,16
3625,30
1789,83
22166,87
12968,80
12237,27
31971,16
9398,56
7737,24
18771,53
15190,57
17143,130
10610,43
574,198
11998,29
23788,46
21284,109
2447,2
6954,103
17716,94
29591,6
5711,162
28830,21
3496,48
32048,118
10056,37
22012,70
3355,12
1301,117
2753,78
13528,51
22389,20
29048,55
3816,21
19609,9
26775,114
21070,96
27128,166
8296,99
18595,3
31346,214
16847,37
25087,60
33176,74
16899,25
24506,26
27454,145
25832,70
1472,102
12178,168
13828,83
11341,28
4402,7
1300,108
5680,9
20106,37
5730,37
4200,170
33315,18
3855,147
4837,9
24159,157
28184,284
17861,34
16172,109
30882,56
11326,92
24006,180
22459,3
11180,104
7169,23
33191,8
6682,86
3495,34
6210,42
32073,74
21365,23
19528,18
26826,7
3667,10
24291,328
5957,6
25564,53
12357,60
6243,77
276,51
8951,37
14291,21
26403,146
18802,24
327,78
11515,40
7997,56
28091,57
16442,102
15334,68
18167,20
31341,94
30518,50
22549,38
26766,42
6702,34
2584,8
10306,28
5755,10
13457,74
22291,15
736,7
24085,11
24043,28
2237,25
32759,70
6753,18
16327,23
7429,86
24964,34
24832,50
11736,46
71,35
21954,104
5404,69
16672,47
21295,26
18073,162
8394,45
19600,7
25163,12
200,11
32068,62
16047,37
15828,50
8246,224
5986,62
27785,20
18969,23
9893,26
28160,58
14735,108
12763,28
7963,57
30431,39
18176,13
13896,83
25441,90
15344,32
10312,55
21877,83
10725,92
19181,74
15275,46
18091,11
4813,13
16308,216
5269,50
19105,59
30415,15
31036,7
14663,22
30540,56
221,12
22333,75
13212,12
26201,182
28004,75
10180,29
13769,21
5998,5
20474,4
15516,46
30780,17
4567,65
10761,52
3026,75
27017,7
7559,42
12332,12
3974,2
13267,40
23427,63
17605,10
20912,46
13948,18
15205,55
15140,4
21736,324
19800,26
23755,140
12148,158
16451,6
27190,80
19370,260
20207,7
4749,64
21338,22
18506,22
19715,34
10550,44
32681,50
12075,78
10828,12
17948,28
22514,222
4,13
18446,7
27469,33
32443,61
14208,78
28786,50
16053,49
9847,51
114,82
19839,74
12455,36
26933,7
1370,65
20539,196
8224,39
10221,34
6888,106
10821,15
24952,86
17227,9
24801,84
29285,25
7399,4
13647,140
17212,14
30152,22
2232,83
28813,194
19526,12
7264,110
31261,70
14686,105
29065,9
20440,108
10832,26
19219,70
25732,52
13091,55
17922,55
19479,27
32238,162
8104,15
27077,80
4093,48
7325,139
11467,70
15611,56
24160,59
22381,63
24452,106
10592,16
18103,64
13304,51
10773,83
17772,21
20991,19
7365,53
13076,146
32852,59
16749,101
1414,141
18453,22
11443,68
29925,78
25486,10
23126,28
13681,21
20147,34
21198,24
17048,34
4351,37
8809,33
6970,12
22603,114
28169,69
6113,139
20966,156
4671,16
12899,15
9318,25
19318,34
31978,6
11167,27
19244,83
25784,26
15247,90
29090,7
23664,56
17562,80
14485,23
31383,11
19326,11
28923,48
12833,10
13724,2
3338,11
26843,96
32951,6
19273,10
28206,36
24075,56
25829,56
7330,32
23490,18
3174,324
21559,184
20274,36
9759,49
10617,56
5028,98
25245,6
31747,18
10547,32
30087,58
25201,73
27210,21
5231,20
13797,56
24828,6
25254,4
7843,54
20208,57
31032,1
31960,50
30247,10
19036,46
18408,4
32658,94
27073,106
1811,96
26975,89
8059,18
8176,64
3272,39
10484,15
22820,50
21640,89
32986,45
7538,122
19084,87
15716,40
23733,13
15499,130
23355,72
25195,48
3643,3
31670,20
111,25
5895,50
14435,182
20393,23
20836,65
18592,44
22583,9
4984,42
2930,155
8106,12
28704,73
24001,54
2884,33
8347,22
3480,21
31651,29
21427,242
21395,30
11959,19
20994,162
3514,8
33125,24
5148,29
7831,51
2951,34
1951,89
10067,86
872,18
11348,88
33338,98
24657,42
20441,67
28196,51
19312,46
4840,157
19007,31
30845,102
17421,9
27931,69
4977,48
28706,118
19212,118
7941,206
30279,42
17050,26
25742,14
14179,78
1597,29
17255,87
11772,15
18386,95
4580,79
29376,19
30266,15
15495,62
1854,14
27631,50
21910,37
16616,82
3315,31
2785,30
16221,168
15749,130
23759,28
24692,48
32011,84
20674,116
22852,14
7934,76
30625,4
4233,50
13038,68
16378,58
15308,214
26380,64
8642,45
3988,72
24186,128
11455,53
1875,30
11286,20
8165,22
17951,334
27782,69
7507,36
12562,136
5783,50
1932,126
13565,74
2407,20
14049,50
20394,42
25646,37
21641,106
15664,109
26316,87
25527,26
8704,54
11110,20
31913,47
3724,70
22898,19
27839,62
8194,24
19936,10
914,87
19506,22
1766,294
26472,91
5638,131
9360,124
9550,21
20190,73
6350,46
19308,65
30140,7
18624,286
7744,31
14723,87
2200,88
18923,21
31088,7
13401,141
19440,97
22897,8
12603,46
19628,12
10088,84
3873,84
15941,28
24840,4
7917,13
24719,42
2901,12
20414,39
3719,12
31846,22
7170,39
17420,106
2288,72
6386,80
1359,308
10194,52
7984,42
11074,36
6437,6
14256,52
9869,53
30278,117
30778,28
24406,28
9480,172
11989,43
25055,14
6973,31
23744,102
31350,77
27428,80
19940,20
9995,43
6075,50
24137,36
22011,59
16259,54
2873,94
30211,42
13271,39
27918,22
4861,51
23062,19
30599,45
22321,88
32993,52
15872,26
4239,22
17410,48
7362,39
10972,57
13169,100
1834,15
411,25
2233,104
17473,96
26952,6
26745,9
28235,118
13625,144
9452,28
8227,57
18675,43
27954,178
26459,35
9118,4
29286,39
13510,2
5385,10
10914,39
31120,4
30828,46
8717,106
10638,79
23681,3
16476,78
28557,23
14079,34
3946,2
11534,104
7586,150
12573,5
5451,160
19562,84
17187,56
20399,13
5159,108
8275,161
21424,68
1109,72
32358,60
11487,262
5914,33
23946,220
20442,20
16674,80
1919,334
3990,50
13588,10
13620,146
2276,94
18380,28
29106,150
19463,36
6614,132
1587,62
28637,42
24636,38
5629,111
33220,288
20350,134
20420,158
24002,52
23022,6
856,36
21521,59
19663,64
7760,7
15149,107
25381,98
17505,46
7735,222
25307,162
29377,22
26521,73
33078,22
9779,18
5657,16
29407,6
17196,13
22960,77
9117,28
16456,10
12269,65
12161,50
4235,212
19469,17
23975,161
28402,53
417,150
19254,22
28310,108
6856,210
9454,278
33332,176
26935,27
10904,43
23731,92
26811,109
23496,15
29405,15
12959,218
18919,28
20937,53
17298,47
3638,36
12673,110
4895,42
7655,42
22285,11
20040,19
1364,39
27466,50
21150,25
30943,18
29666,15
2918,70
11504,48
21964,33
20251,91
293,15
22931,16
4665,61
9669,52
31002,69
30275,63
33184,75
27369,16
11871,2
15673,7
6539,142
8789,48
24792,200
30413,58
5233,101
2992,26
16889,84
33032,48
20868,11
5776,12
31101,10
29986,94
10502,278
12973,51
1594,89
23155,40
23145,52
4585,24
18096,17
6754,127
25356,198
30516,94
15614,17
9215,19
28761,52
28667,55
3104,18
19808,29
21806,30
2559,135
27780,45
20123,33
2239,6
5990,5
30172,11
1311,78
18279,14
3856,32
3393,47
25907,40
12377,66
32806,78
8118,128
29936,33
14565,105
31890,28
21980,41
15090,6
26529,90
12964,134
32940,43
5360,13
23945,224
18045,47
21834,86
19107,4
19594,44
13355,17
11209,17
17391,89
1084,222
18644,84
33079,44
600,292
16842,52
6198,222
24205,109
31442,43
27907,20
7546,178
805,78
7886,120
13413,4
22198,22
19675,17
13242,56
5229,182
22729,24
9981,8
23004,125
31221,92
7943,4
28430,55
20655,51
11575,12
9615,188
22252,74
17906,3
11832,34
27258,180
25975,74
29901,42
10249,4
31312,21
14974,50
29503,158
4990,65
9342,62
28264,110
29380,7
33076,60
20606,78
32927,166
13725,51
9432,165
10713,22
4812,128
609,43
4625,18
14195,9
806,38
10378,9
6184,23
5450,47
19270,64
4982,46
6125,22
25734,130
13115,14
28725,19
5761,109
15643,61
19733,204
20528,134
18520,20
28232,45
24877,53
18065,20
10545,112
4612,29
5271,67
13860,154
17880,12
20512,58
32992,74
12984,154
7389,155
19074,13
13675,22
11884,139
13077,268
17441,104
7944,48
17014,14
31408,26
11711,50
29428,70
20223,10
4640,58
13701,66
2265,5
29188,50
24285,16
8490,70
17116,14
1925,12
15875,4
9825,19
1909,114
28448,20
16693,33
29178,51
28994,152
3861,98
9391,2
18840,80
31783,38
20259,53
10477,82
29524,88
1409,84
2710,12
2109,8
11875,86
12768,11
8052,40
2783,78
22710,140
443,6
11220,80
23923,37
29852,42
20055,10
13127,56
19033,35
28747,46
8187,7
10601,92
5155,37
20293,35
19858,84
7246,136
20481,24
2958,18
5645,48
3507,77
31004,31
496,74
19482,24
15692,8
2702,34
1029,90
8918,46
26300,112
24183,61
4658,104
8909,178
22309,40
19709,21
23603,78
17935,28
21336,17
11253,156
33020,24
13237,42
6227,28
9100,108
14633,37
5621,56
32603,39
16793,10
4721,73
13283,70
19274,112
16497,80
11073,110
25883,48
20310,99
19157,30
1802,48
32331,170
3451,13
990,60
26972,34
22179,262
25846,67
29197,32
13897,17
11688,51
2306,27
1124,56
2313,14
30758,73
1018,76
32985,21
30782,10
13848,10
14237,78
8114,33
10261,84
5866,22
19852,63
13546,41
19236,192
6207,36
8389,22
16887,21
16945,9
26979,44
317,105
23563,102
15948,90
5859,192
23622,25
21973,74
25864,28
10943,90
17172,65
13525,10
19005,28
8295,114
11612,118
3119,19
10187,72
32700,66
9820,39
30490,24
32039,6
27831,242
16238,43
29297,58
24743,84
26953,51
32899,270
23934,28
16409,35
4041,25
25756,101
1151,15
32061,78
4722,106
31479,42
12201,26
18742,101
12893,5
26960,9
4176,20
18925,18
7924,25
24552,16
28601,60
6396,51
6706,154
1269,11
27982,20
6169,74
30459,72
15752,41
5147,20
10534,316
3569,60
8605,164
15167,16
8552,31
7397,101
33157,43
24653,43
3585,144
1122,27
17847,28
31126,55
19457,75
9522,145
19339,67
3998,59
24658,26
28714,2
12698,9
12390,4
21866,262
421,48
27110,196
12947,96
31373,246
26605,45
20733,47
21995,140
13501,11
15119,11
30444,16
20494,57
18126,48
7234,89
15490,24
31997,41
15191,4
19727,108
4986,6
4759,12
19646,6
33059,56
18475,103
7627,17
33075,47
13880,63
15964,42
24916,32
6781,10
28978,61
1826,112
28416,41
22523,44
7767,56
463,9
14756,4
3725,10
13177,54
10799,25
5794,12
10013,9
13919,19
5813,69
2745,8
27519,126
2563,48
5057,24
15988,48
28491,36
6015,54
30093,12
18223,14
31447,8
20043,46
18094,146
20391,60
10642,67
8155,3
13481,53
12765,31
1935,40
15584,222
12370,192
11280,23
14742,152
17637,59
18852,59
19039,15
18455,79
23044,35
9256,43
7288,34
1490,24
27100,129
2544,48
5334,103
22067,107
23206,11
6773,13
18695,160
20314,53
6961,161
29157,102
29824,7
1682,80
10770,67
9610,112
15031,8
5041,292
10869,64
11159,14
25651,5
3838,22
9079,84
877,167
20292,64
9642,45
24706,88
6776,21
10715,56
25743,37
2932,146
26041,28
29418,23
32297,5
10664,37
11453,214
8428,58
19022,174
121,6
24004,60
16401,6
10750,26
7641,8
11529,73
18873,121
11827,72
28600,129
17351,73
2359,135
6788,102
3663,86
14924,278
19520,7
28180,155
8274,52
5164,28
11969,40
2590,75
22810,28
25175,20
14376,90
26072,14
14299,24
11448,22
31689,55
9314,21
31865,54
9854,11
4515,41
9191,152
32816,40
18500,83
20502,206
4374,112
23316,15
9625,67
18182,50
24633,73
14164,164
8475,66
16162,27
27375,330
27037,19
22352,42
12373,96
1375,23
453,24
9221,96
30458,110
31711,86
450,146
4594,47
3088,11
21253,42
16247,7
1502,200
8039,22
17606,77
29669,29
4224,50
13258,3
30085,70
6422,99
19738,64
14605,94
17839,51
1158,101
418,35
20810,42
11416,9
16733,32
5767,134
16547,22
9818,24
2372,131
1341,31
28633,41
26672,17
21837,39
32161,254
24367,46
5328,39
18927,47
5768,94
23020,40
775,12
13404,242
2400,32
26941,20
9044,184
10444,92
29677,196
17596,26
1814,44
28458,57
28956,28
16876,3
15577,74
2754,128
10349,157
4154,146
154,31
12685,61
28568,40
21337,24
29436,224
756,36
4787,55
3764,48
30330,25
27897,114
955,18
22823,23
6942,11
8876,100
25746,46
17988,51
23925,200
20283,30
6297,20
26143,15
14517,74
25336,15
23026,39
32005,21
21489,18
19153,10
29509,65
17159,11
15422,39
22559,144
29455,9
7118,18
28583,10
15684,43
789,55
19696,180
31941,18
21605,140
23871,42
24893,42
5497,14
16692,96
6570,43
29373,65
20273,22
31108,17
6213,24
7888,15
14563,4
26590,85
1756,326
16361,11
10521,31
25420,22
22813,44
8391,163
20708,90
9069,9
20272,226
18817,80
17422,3
19919,42
24531,65
11349,33
15246,77
30703,114
33276,15
17182,44
19568,25
3566,27
9757,78
1539,3
21322,15
18630,72
2205,56
441,24
12648,18
22546,31
14780,59
27309,23
14827,21
4763,114
29480,15
26287,73
31330,69
24894,17
5821,26
6222,26
4470,34
19489,50
20582,26
26510,152
32345,63
13672,72
17246,10
18058,11
10136,143
30385,28
19416,18
25808,56
9486,52
14576,53
10411,41
11084,44
7044,62
15940,6
4807,26
11774,37
2100,12
32819,19
26490,59
19700,72
4720,105
14005,26
550,72
12749,98
29136,5
26077,23
21473,322
1847,63
896,96
14683,9
29786,78
26976,31
31145,22
16324,3
27577,62
21545,84
3388,196
11748,54
23527,13
5867,34
9120,31
25115,37
3433,23
24147,13
25261,112
30564,166
3529,160
4583,7
30593,182
19958,45
28039,81
5413,142
21364,110
24606,21
24040,15
21340,48
12173,23
13515,6
11135,73
2681,11
18109,12
25225,6
1609,32
12065,52
3685,111
26560,212
8672,30
12513,37
29630,6
19957,68
517,123
7030,56
3757,10
23839,18
8914,182
20641,196
25228,133
3456,21
848,17
1851,80
13248,43
31855,21
728,28
25869,47
1957,65
24626,84
24220,56
24598,133
24192,16
31803,112
9859,72
5870,29
29806,36
13758,51
32567,35
14885,64
15656,8
21324,24
4174,42
25484,17
15439,204
1478,7
9476,125
32784,17
32622,136
14216,40
32465,104
23655,56
30014,3
19004,25
25600,83
3099,14
24629,31
18113,33
3262,22
14973,35
2686,12
2434,27
5486,198
7098,58
28462,8
19477,99
11903,35
31726,57
26799,50
3503,72
22484,204
24198,47
1066,23
6582,47
17905,163
16155,65
24962,128
6637,9
21072,124
2241,56
24904,18
15148,64
3364,192
19841,102
4481,7
19383,50
12621,37
22778,47
25978,45
22970,9
5582,100
32508,83
3994,21
23445,8
7925,63
33077,62
29728,116
22530,41
21269,250
15417,34
1222,152
18358,19
27440,58
11027,33
11274,24
10006,97
9446,22
22290,6
28257,9
3556,52
23237,218
8064,17
32653,55
9113,69
22728,64
23006,51
30252,60
5471,25
32244,9
20962,21
15046,66
7661,39
22631,94
30881,133
17322,176
8422,148
1976,37
8723,38
15556,126
23112,324
19063,76
10649,41
18799,54
31706,26
23643,117
11241,9
26113,36
16253,57
25838,34
14071,47
22177,21
25917,30
2581,12
653,157
27247,134
23186,15
1974,27
24922,45
3539,64
14549,11
16731,52
352,15
27433,14
21750,68
15735,50
4290,18
31223,16
22644,53
21631,7
7796,226
8450,23
2085,98
19869,63
8533,23
29056,77
19476,40
5462,76
19693,141
19411,124
6036,105
5929,56
2722,99
26191,48
20018,24
8003,92
28330,68
23074,256
31923,62
14371,19
32637,98
4603,112
6478,105
30435,228
18240,130
4264,24
33306,34
27745,47
7864,44
18955,94
21912,59
4935,144
28800,80
3426,12
8385,150
22550,44
2191,53
981,54
26626,17
20495,138
11328,78
23380,4
20379,39
30941,12
22449,15
1030,164
20599,45
9249,90
18433,65
25017,7
23703,31
13755,43
19566,96
21874,30
11256,81
1867,50
22017,72
1787,17
30945,28
2735,154
2027,167
11847,116
4921,28
24142,38
9289,60
6156,110
17038,25
11788,52
6965,68
33298,106
16973,18
26959,266
7004,316
16223,136
20457,98
7110,10
2980,16
19169,142
10487,32
16676,6
12354,61
3023,145
20201,80
16227,234
24045,136
7441,51
23010,102
19697,25
4890,31
29138,48
696,23
18253,33
20763,24
16768,36
31094,11
2820,113
7422,58
29791,60
22105,7
866,22
28757,79
12828,52
23027,29
22491,23
23932,100
19657,83
18122,9
4800,4
4447,69
24299,52
29923,109
7085,109
24212,55
20375,57
9470,24
17240,36
18265,89
18444,4
9053,77
13086,90
3950,128
15694,16
28835,44
2126,36
26131,34
30530,36
9722,55
8764,24
19796,160
12380,45
13777,22
14597,68
2499,214
16267,4
6071,258
12116,35
23990,22
20410,33
21368,17
5651,41
4314,82
22570,46
9127,100
26228,56
10495,34
28128,49
3612,11
4622,16
19792,107
24066,258
17195,12
14166,30
918,12
22828,17
32041,32
2339,43
8772,44
18302,13
4183,55
13751,23
20594,70
31645,61
10658,116
32157,116
22980,56
14604,16
4085,9
12939,32
10539,103
30602,20
10710,113
708,76
28250,4
21615,70
29644,44
338,45
27732,40
12560,32
26363,35
23180,224
20597,67
20444,66
30699,88
14828,176
14018,77
5583,8
5880,15
23019,97
20470,18
27299,25
3791,14
1552,42
20023,8
4073,28
25663,62
29585,48
31795,20
19763,68
11725,10
8932,10
16459,66
7383,41
26768,23
3978,110
26408,44
11429,29
9832,110
13908,76
3324,96
19480,106
10645,60
23998,119
3442,53
29251,188
24411,11
359,135
29507,61
31324,63
13971,42
15804,13
18199,9
28486,84
13932,106
28404,28
5802,48
24609,123
4155,72
13483,56
12335,17
25060,34
5153,76
21093,18
7643,72
30177,56
2787,25
1241,78
19586,33
11783,38
490,52
22349,10
28106,70
7317,43
22473,105
17061,36
9009,43
23914,25
27253,290
15686,30
18028,82
26958,60
4940,218
21778,15
15698,35
20033,25
27366,23
10557,218
16106,134
246,65
21796,70
25162,135
32544,96
3557,15
2463,43
4615,144
15394,121
5570,32
8534,89
12808,16
14418,302
32054,40
544,35
15999,50
22441,87
5059,96
5165,2
7301,38
7177,7
14453,50
17105,43
20046,9
29250,144
8458,36
25676,48
48,37
17327,18
6325,102
28472,124
17862,51
19038,312
31800,182
15790,132
1595,82
8654,135
24096,13
23780,50
11216,28
32413,40
11675,170
4008,28
8989,66
26122,9
4139,11
16343,17
25352,118
22878,29
4632,182
5244,76
30917,33
27808,72
4556,107
25089,8
21528,66
3718,46
698,107
10924,94
8510,50
6904,39
21560,37
22490,144
7273,19
32515,28
7646,47
27728,7
5010,42
32024,37
16988,48
16478,46
1791,78
10441,110
5845,102
10081,8
7692,128
6002,46
30324,24
27171,13
22137,84
6549,36
2217,6
21102,34
9186,100
18482,52
8842,74
18304,110
24911,131
30338,12
29732,6
7348,51
24697,56
5332,18
7668,136
29917,14
32687,43
5103,108
23634,41
4161,70
17926,168
17409,224
24696,228
8628,131
7803,46
26593,44
19446,7
11623,68
24843,23
27457,83
26222,149
13702,162
10496,27
9028,119
23697,41
17258,72
29118,3
21009,28
17416,39
16999,144
21113,184
6814,37
2286,40
31848,44
14978,23
25014,138
29058,76
8650,29
25602,150
12933,61
17558,25
3475,130
27973,7
19905,62
20382,89
5940,18
15220,92
31035,39
12590,25
30022,294
22414,2
4168,1
10651,14
33164,80
28376,88
14024,8
15869,54
31229,32
6269,160
6680,10
928,10
19787,11
2255,90
1845,21
27412,36
6561,43
6679,35
2598,46
22758,53
21371,15
23082,24
22056,97
14729,5
27236,94
1503,44
17097,40
23406,28
33214,34
2717,18
2061,55
16897,140
4354,47
32779,20
2213,10
21386,106
24798,23
26203,110
29535,36
2371,162
18862,43
25837,30
8085,29
10117,75
4883,16
12166,29
27169,145
13295,38
15048,46
3681,38
28021,64
23035,20
14610,11
14556,25
33174,92
1941,14
6669,75
30752,8
4767,22
30629,21
19692,87
18236,32
31099,28
5868,16
17629,101
22493,64
3588,47
16269,15
25295,11
18997,22
17843,2
22458,69
10767,31
30728,2
29910,24
1565,56
32810,14
25531,22
15015,120
8479,17
16254,58
28182,22
17672,23
8131,100
30707,314
13067,7
26100,45
13090,63
28955,13
21981,3
16645,7
29531,33
27242,46
26574,24
12342,80
11573,153
13686,22
5701,12
30025,82
15654,44
1455,5
17528,39
9685,13
10886,54
16848,144
14910,98
8963,16
22987,52
18186,53
15116,83
3336,22
29638,24
29342,130
22943,32
19705,53
7985,57
4298,4
22301,25
2188,7
5982,98
18962,14
1512,156
8881,33
7293,49
26381,12
6421,45
3064,308
18377,2
2443,59
6924,51
29714,76
1071,3
3411,11
3959,92
22405,60
2356,5
18337,40
18452,97
10224,23
15884,60
26273,4
9842,43
2628,20
20871,52
25204,86
81,46
27899,18
17470,28
9114,8
21575,62
28002,68
17009,43
13035,34
16123,33
2382,48
27004,70
28686,40
7500,37
24765,210
29011,58
7734,202
9659,194
4731,43
5496,74
13580,107
12315,40
19637,111
26549,164
4146,41
23346,103
15524,18
5897,78
12271,28
15349,52
18027,12
13299,17
24538,15
14434,27
3034,7
10254,70
20097,107
17232,3
7231,140
7946,6
29862,74
22485,46
3033,91
18016,6
22666,8
19643,58
1865,92
29089,24
30880,7
29162,91
3633,174
27492,202
15785,112
29836,18
4714,53
13961,53
25210,5
23909,7
32773,182
12254,33
24237,56
3623,56
28551,58
10527,138
32357,37
10377,170
24972,214
24921,63
29875,36
32762,117
13507,13
19095,28
32452,68
27962,26
14819,45
22971,61
22142,144
10582,44
17808,42
20669,8
11699,58
26168,9
19027,37
24015,4
33299,149
1446,31
22901,210
8908,36
11618,52
31918,80
5463,36
29063,25
22884,64
28373,32
22425,23
14384,112
22924,41
26244,49
20036,26
9107,30
4815,122
10163,212
22220,192
18487,56
16013,42
12882,11
4306,50
21234,24
26607,76
13486,4
2844,242
15097,52
16844,20
21609,196
25094,16
17403,46
24262,18
6196,163
30125,20
13587,35
30622,66
9877,51
12024,65
141,10
22747,15
19490,50
8137,194
23581,7
31844,29
29021,21
5473,308
20194,72
6718,21
29403,73
28538,51
21200,8
29186,73
10134,16
6140,13
7579,4
23135,16
14312,113
18947,8
25374,25
14693,70
24809,51
26101,25
27475,90
8693,50
30520,130
27957,41
29845,104
20320,11
28367,25
32145,36
22438,200
19000,17
29364,11
8544,6
31725,5
7977,298
15491,23
1024,9
23782,48
15787,43
15921,30
26686,77
30873,157
15311,138
31789,11
20374,56
25390,23
22867,18
6024,110
33206,55
17676,25
9339,57
20616,10
6755,51
24361,109
26923,51
8045,129
12920,70
11666,18
28166,25
32928,28
16576,246
29896,55
10921,22
23071,67
20016,68
7154,53
24112,104
30290,102
14193,11
25260,38
12517,53
14050,3
10283,17
23221,70
17731,136
4793,30
31703,139
5726,32
32770,56
11576,8
4771,6
18465,133
33229,44
11123,26
32142,12
20559,13
30950,6
18510,135
30839,23
26491,97
13808,9
28825,18
25875,17
5014,78
12672,138
18041,127
17767,26
25434,17
11868,12
16131,90
24474,4
20121,57
30997,80
7345,188
24055,18
6265,101
9729,18
19391,82
25946,80
21803,120
22688,18
11609,33
388,101
13729,3
8551,182
30852,288
3576,52
27472,92
26934,67
32325,17
21860,6
911,37
30107,55
19619,121
3642,4
2943,37
32885,7
27406,50
14913,214
16485,34
15812,25
14059,66
22215,9
12739,108
32384,96
28707,14
10374,68
28952,12
21142,55
33099,11
8130,31
32813,17
15188,30
26752,17
33107,70
20808,246
12596,96
15505,100
7238,24
10507,250
23468,88
9509,64
33272,24
24491,288
6146,102
14794,73
20578,35
1890,33
5483,35
10999,152
31258,5
6424,176
7287,330
24129,126
27035,10
32812,52
16189,110
2985,69
25305,60
32110,40
23086,250
7211,68
1598,34
15798,30
13514,2
6301,45
27497,104
20072,23
15906,332
15452,20
10895,168
6983,68
8162,111
24847,25
5027,78
3294,109
177,51
7983,15
21992,17
17554,63
6925,94
20916,64
11672,20
19496,15
1836,26
18191,6
1599,182
10734,22
4050,71
27175,111
6132,32
32425,6
31837,21
25648,46
24496,163
1654,12
29783,35
7115,8
19432,21
21639,56
17998,30
31858,7
6290,23
1538,9
25431,26
33055,40
6603,106
15741,314
29064,14
2952,111
26519,50
25672,111
9419,51
1292,68
16815,16
15661,6
31900,13
24682,178
1016,22
18448,23
18974,55
7029,29
4097,41
3684,56
18477,11
179,79
14640,328
8150,192
12801,89
15498,83
32265,35
759,33
10951,53
27890,56
28329,3
17247,25
24459,10
24836,62
16855,40
11552,46
21550,22
4886,174
8070,51
3823,158
26643,60
11580,14
4877,10
26559,140
29347,18
13425,19
2300,82
26712,37
13354,52
9043,44
28934,19
20479,13
31470,24
16925,312
4666,72
26357,46
15903,61
22783,264
33326,21
20565,92
16294,10
3501,21
31294,9
29919,40
3615,116
14592,53
22072,218
4845,124
27354,34
14287,97
10544,4
4852,2
27665,292
6083,19
28524,12
410,80
1582,41
23196,23
32239,276
28687,302
4192,20
2014,44
7111,74
1747,15
9216,114
4970,21
6438,118
19341,7
33186,158
15765,284
19205,6
32007,110
27084,52
24868,56
8711,29
22283,42
29004,90
24881,46
17010,37
14358,58
13276,69
13158,39
8074,23
17601,77
1286,53
21607,114
25433,27
18150,28
25264,64
26758,21
32466,108
30776,38
17630,72
3459,73
8944,12
4245,56
8568,26
30944,54
7168,14
31475,77
3715,232
30039,126
8746,20
30417,36
14244,104
25944,20
24707,15
14278,44
19667,46
15131,38
11206,278
10366,23
23156,83
15898,33
23886,112
8969,63
29587,3
27558,224
28691,5
31990,50
16933,184
9058,12
9322,12
1267,16
18009,43
21007,135
9857,86
14404,158
33171,44
31614,102
21697,11
4522,46
1418,56
11001,53
1315,188
21547,26
3368,107
1264,17
9751,42
7014,83
20076,3
8018,67
16520,4
1577,15
31927,26
19972,55
23459,50
6521,12
29621,16
30675,74
9987,34
22612,35
1403,9
1510,4
25645,30
12680,5
9734,20
22623,21
1549,89
13291,49
17541,52
15010,28
11999,16
21570,52
15990,168
19147,30
21580,28
10104,75
12250,50
349,21
3128,60
4823,9
21770,32
9236,136
31412,23
4648,108
3611,64
17417,8
19194,52
8940,19
6354,78
26855,32
24074,63
21088,218
13332,25
85,28
31548,174
25460,22
8745,49
10954,55
186,162
19671,29
32078,23
31407,141
10982,70
23961,46
12937,10
14861,30
19309,8
2424,34
28100,6
9010,138
11363,74
30456,45
12597,22
31163,78
32236,16
32008,44
17823,56
32639,22
23142,3
15252,3
16316,46
21664,28
26644,202
27985,12
30438,87
22322,22
15332,4
10341,13
8771,14
23480,120
20654,42
17587,6
27632,52
20715,68
14779,13
27534,16
11066,4
3385,40
3440,24
22209,54
19620,76
3804,23
21993,77
21677,47
17918,41
9713,22
18116,12
14402,60
6678,13
1689,41
24909,31
18457,13
30960,77
29597,55
10281,111
28522,20
10463,87
25496,39
12475,24
17315,282
15448,166
31812,84
18514,54
15287,33
24012,92
19743,41
15054,56
21157,42
22481,167
1862,122
27541,44
10396,206
17553,102
18496,84
19688,34
13785,72
19848,11
10833,36
14327,23
5401,45
5946,70
1697,13
29776,78
32417,9
5168,14
2888,80
6530,13
14377,18
15722,178
24799,278
16894,31
14969,114
4798,29
32552,138
15819,222
23283,90
29639,130
23466,113
31263,69
7413,126
7766,54
25861,14
15331,90
31538,19
9238,30
21816,52
10969,112
3910,29
18212,46
11528,104
25877,111
26911,133
3325,4
24311,57
3477,36
27283,13
19012,29
9261,17
6211,42
29540,98
7469,5
3952,29
23951,15
3399,67
28759,153
8580,23
10866,24
26266,55
996,52
26929,146
11368,82
30909,146
2612,77
23974,51
16314,36
27981,15
31356,4
16077,57
24165,154
29771,30
28053,34
32251,99
9964,7
3152,304
26876,72
29668,44
28234,27
31712,114
14558,164
31741,42
17758,6
27739,73
5953,50
30414,23
20877,3
10535,27
24044,264
5284,14
19969,32
17533,36
6664,80
8993,32
30971,62
32591,23
11689,22
30536,34
27123,14
6453,68
32815,108
30360,28
4317,41
1688,53
4232,90
27733,54
18299,41
1105,34
12827,53
18345,65
22043,48
12551,82
31838,70
6445,148
12415,15
30999,55
29730,35
8663,13
15744,43
19466,71
2760,9
11042,8
18204,54
19982,76
7405,23
14689,88
21869,21
29481,80
25361,92
31200,36
25575,182
23146,45
32089,20
1945,19
13316,55
21861,35
3839,70
26060,24
28408,40
6772,64
11044,66
7227,49
20719,48
11421,10
32997,54
14641,140
19656,220
21347,18
9190,108
5706,196
6145,256
25685,52
975,19
3497,23
13054,308
16453,96
8985,222
15157,10
27343,83
10438,72
29222,122
32906,25
9626,63
11270,67
24393,21
25868,50
30072,66
29949,15
6307,14
14595,74
18855,63
15356,300
15091,28
4851,11
31195,13
27917,39
13438,166
8414,24
10228,28
10482,40
20519,42
15224,28
26634,254
20678,24
15449,110
15409,56
25211,70
31905,57
16344,43
6855,326
10532,32
223,48
12921,75
21376,42
10150,166
30268,10
6001,58
10604,20
16220,18
10845,79
4376,166
32168,42
22610,51
19156,34
10220,270
30291,35
27318,57
29684,30
26968,306
18702,162
17031,43
1113,53
9937,28
20038,11
30932,294
5531,24
1882,28
27677,62
163,6
23862,46
30668,106
3415,48
21886,48
23798,106
4892,174
29882,48
7702,21
9329,44
21438,9
1856,66
31902,105
22973,33
30510,114
14114,114
10457,149
23747,130
9278,66
9281,85
28443,43
19246,192
8328,9
13479,31
9830,28
28218,14
11660,298
19615,53
23830,24
28183,20
2402,156
22374,10
23693,24
16803,54
29960,48
30539,22
14696,8
710,206
29224,20
25239,117
5273,76
14661,51
32343,83
14316,44
1321,20
19067,16
20229,72
32893,160
6458,46
18294,192
6707,216
5094,53
1092,322
5532,46
18248,121
14546,70
29385,16
23119,67
12888,76
5615,11
27291,23
14824,29
7783,240
28026,61
17463,18
24675,17
23376,167
14983,23
20007,46
4872,17
27022,22
16098,103
31273,36
18507,102
30726,39
26988,57
10660,78
2700,83
15375,43
8346,87
27144,58
7536,20
32062,34
23467,50
11415,22
32020,36
17565,26
10512,38
26324,2
32803,17
4107,25
25153,256
15416,90
12119,14
1637,29
19781,13
11362,11
20112,104
22736,13
11350,18
22282,45
1897,22
20282,13
26342,30
6459,71
20315,163
12006,23
20762,2
24087,17
1057,16
16320,99
17963,150
8718,53
7921,82
24775,13
28487,104
19676,87
32984,300
16240,23
8123,47
25378,99
31910,20
30598,48
33167,194
30313,77
2316,63
32651,15
25190,24
13814,21
16059,70
32143,32
22535,37
312,25
20684,134
15650,24
23212,18
16201,30
10398,22
11020,53
5609,26
15994,10
5465,59
8393,39
8649,22
25985,308
5196,77
17039,49
14320,196
8348,272
30446,53
15480,110
1059,226
23217,34
13118,8
18461,38
32044,190
10815,51
16559,22
21346,116
16769,67
3421,18
5851,17
19741,75
13840,166
8460,74
27074,33
3652,46
6644,20
15363,50
3835,32
3490,70
13432,29
22259,25
3454,196
6152,23
21267,188
18034,58
9998,128
5637,4
30755,20
2876,29
12476,24
15462,84
26127,130
14700,112
5796,52
18213,226
18068,11
25952,23
7208,188
32002,126
20433,94
30151,94
31264,56
31926,66
18965,59
11470,24
18758,131
29420,98
14092,25
20421,16
4575,45
29749,62
3513,14
20493,23
257,9
22769,44
6581,105
26250,106
9408,40
11288,20
28170,27
5520,85
18254,57
8623,8
25279,116
17241,130
25004,33
6242,40
89,10
20720,28
7806,23
20955,8
28702,33
27522,11
33271,102
18445,111
2672,62
28363,79
24886,102
7616,226
6826,82
827,128
23002,58
32445,78
24667,29
1327,79
7778,43
24125,74
20702,300
23484,11
31224,58
31957,18
23864,98
25311,112
21075,75
19267,116
22336,47
21689,51
11885,59
31507,32
4781,100
26587,79
17184,112
566,27
18493,24
13934,46
27961,32
14022,4
10355,15
12130,69
18596,34
18001,25
28030,104
32692,96
13960,59
11722,10
28984,31
12932,17
22076,10
31109,70
30853,10
19873,29
14309,20
5510,17
22371,68
7540,196
7609,39
30829,23
9145,32
25483,13
12481,30
14666,32
24668,17
10693,42
21372,38
29204,72
29135,42
6161,30
12226,99
30319,38
4718,168
7836,123
32505,30
13611,44
29729,33
26333,111
18885,39
5569,31
8366,67
8091,55
12818,114
28662,25
28198,92
19376,31
28101,2
12070,90
31417,76
30070,44
11940,69
26332,21
21790,42
22206,22
2211,70
1049,84
25002,7
2330,35
22053,125
14977,43
3211,81
31872,94
2956,85
28125,42
24263,114
7199,42
7303,39
25391,87
31857,202
11207,18
9676,85
10552,50
7684,25
19817,149
18105,26
29268,22
17708,61
1808,113
7853,11
16028,222
9992,44
19289,95
9143,74
26435,32
10211,21
15134,44
30687,160
651,72
15591,25
4659,2
26422,4
31061,67
31037,39
5339,108
24153,40
26506,22
1788,7
6930,13
20496,17
879,29
31413,60
28893,140
22362,18
8173,54
14009,50
9780,82
15353,64
32823,38
17099,248
11779,51
13728,21
9513,77
18437,24
8793,114
19357,86
21092,16
5260,82
32610,45
17981,40
32625,48
2271,53
14027,54
24639,14
3487,35
2882,4
25340,147
24691,2
20344,33
9885,105
30519,42
13136,202
29260,61
6628,39
9004,36
12815,46
11445,42
28993,32
27690,13
16935,56
12624,42
7268,57
2350,145
10204,64
5247,30
23858,57
2024,21
7162,57
18720,57
27339,154
16234,82
20922,9
14804,51
13050,68
27201,23
20405,97
22433,96
12780,78
30447,18
1006,9
4147,45
17609,4
2022,101
32830,20
24953,98
31015,204
25198,38
24590,20
32924,204
21297,3
29279,102
10498,14
11240,52
2493,52
10434,17
26117,78
15392,21
23079,67
23169,18
2857,89
18443,28
1196,77
1684,40
18407,13
3050,58
11663,204
31637,3
20815,216
11120,56
28674,33
20146,40
1184,31
26166,83
12180,118
10949,80
2511,66
20168,18
23385,224
29052,50
13072,54
25366,71
12842,58
21476,24
17928,78
26520,204
25655,158
19810,42
33210,56
15926,26
28261,47
7075,33
21478,63
2423,80
25512,65
17927,28
2190,20
13003,56
19485,40
11876,6
28912,12
29073,47
27582,14
22613,42
2911,3
10978,16
25822,20
31860,25
10003,21
31810,79
20541,37
3173,12
7916,117
31625,6
31965,56
753,23
27545,40
12013,70
11919,43
13434,23
6182,125
25099,176
31603,10
15121,148
32219,14
22169,37
25213,82
30549,21
24179,34
10363,40
15124,108
278,94
5518,69
31850,124
12022,38
10247,29
24722,16
11704,37
24481,104
9140,132
15914,34
22233,51
14125,6
31644,42
31979,330
21935,28
15269,53
32714,9
12546,96
20931,18
19503,39
2676,28
20328,7
4268,65
33268,22
19690,69
15486,29
14150,21
22920,89
14553,83
20323,50
25786,67
3066,302
22132,88
8977,19
14833,28
23583,20
5634,298
22155,74
15011,10
3877,39
347,38
6686,96
2705,113
21153,38
26387,51
28928,127
8582,12
29044,36
30366,46
28502,51
1955,156
25554,55
22010,165
5371,45
26119,23
21344,18
27423,69
14953,24
23473,55
6726,30
8594,19
15226,91
17582,18
23662,34
31150,168
14300,51
33000,139
14436,139
24465,15
27551,11
7129,23
10033,30
9689,27
14725,14
1330,51
12845,69
18883,148
4572,284
30768,112
21348,324
20506,4
9131,200
22684,100
5973,62
9980,38
31086,57
7286,17
26767,147
12545,19
10603,54
31161,27
25709,26
32497,158
15724,78
32472,166
11686,172
17118,56
26161,66
13199,54
19110,81
20960,22
13743,108
18092,18
24332,13
9064,17
13913,9
10732,27
24364,64
32954,20
23936,30
10465,34
15474,82
11422,28
2521,114
13327,6
27793,82
28469,82
10990,138
16544,18
2802,10
13163,16
13535,8
2043,42
30740,50
30680,89
18842,12
19686,44
28933,156
30027,6
27850,34
13458,55
24990,88
16236,55
8709,27
14411,50
29625,15
3745,29
18961,32
25372,20
24131,22
8696,46
11595,72
12593,113
23524,98
17141,16
6094,27
25429,33
7497,18
9957,62
4593,90
4989,90
24818,40
5766,20
18348,17
27894,46
30737,55
27191,53
27748,36
32001,11
18626,124
24105,45
23995,114
22930,84
20511,74
21220,28
26633,39
25660,10
14692,31
219,42
33337,4
25921,113
24477,164
3021,114
16856,62
14153,13
9845,78
32654,62
20227,80
5972,8
11329,80
8817,152
6160,43
7860,105
18288,210
3360,15
15418,15
2761,24
20188,310
15805,80
10453,24
22669,68
27488,164
24957,24
16422,81
5856,36
10911,48
5626,28
10754,41
24475,83
14157,119
32119,130
17853,37
27638,52
13447,56
28539,111
14478,24
11039,56
31452,46
18177,47
25283,58
14439,78
24502,82
20254,3
25716,6
21977,17
17414,43
16964,54
21193,75
24804,51
2685,56
10289,116
7915,158
32930,80
3215,16
10840,26
8687,26
25825,148
20,76
32294,136
3763,36
30084,40
22616,116
21430,123
8207,48
6821,13
6365,8
13586,50
17297,27
13633,23
864,26
15952,306
3169,26
29308,59
24024,314
3754,24
8486,85
8958,63
17368,111
1653,22
904,42
17413,28
17210,18
3795,26
3232,192
9681,21
10783,74
19176,13
4855,9
11364,63
28209,118
8868,9
9989,106
12988,18
11923,23
30455,6
32663,74
19377,3
11540,118
10757,160
30993,214
29101,50
25288,33
10474,131
30933,20
28726,11
8128,41
1753,284
2055,54
5893,46
19798,158
26570,14
20885,49
11457,130
2033,48
5891,42
25123,106
15431,54
1859,84
28783,158
28447,32
4084,15
29264,58
23273,108
11856,178
2462,158
23349,308
20950,19
8810,218
21345,34
32276,18
18410,126
24288,23
20114,80
11802,57
27723,21
22465,50
19023,25
23386,156
29416,28
17513,26
22956,98
9813,34
30611,112
8927,39
16359,143
4954,48
5536,106
17234,50
11452,39
19358,66
13166,30
9012,120
26471,91
6632,105
11009,39
14637,68
23618,134
5137,72
4360,204
4123,34
1927,14
7554,44
18217,41
3717,26
29453,100
24488,98
24258,96
31526,18
24221,34
28317,14
19323,90
24373,57
7388,17
16522,44
29005,180
27365,36
7125,109
14008,16
21891,34
4531,75
17590,148
11889,72
17846,109
3731,100
1531,65
25248,21
30760,124
12386,65
8208,17
14383,26
986,31
12317,50
17340,7
18814,22
6545,52
31065,76
2634,206
17303,144
5140,104
14427,52
7596,45
3284,64
655,20
22078,36
21684,6
21402,42
25286,18
20014,57
28138,66
248,9
6496,97
23294,98
27750,30
19599,43
29909,53
18712,7
32988,58
17176,326
7839,72
4449,15
7485,94
826,182
14112,34
9174,8
31348,35
16510,218
26383,13
1251,29
2084,155
28082,129
31366,10
2574,41
27946,41
22656,14
6722,48
1786,94
12325,4
2459,41
7021,23
33161,43
14607,64
2637,310
27872,73
13250,6
32330,122
7716,68
24422,98
5908,165
17877,57
12440,47
25636,40
19764,27
7665,7
8860,3
8336,75
18474,19
5200,56
18971,120
3429,50
31420,6
27016,80
31868,6
20816,110
9123,50
28064,156
33198,14
25275,90
9451,19
29360,44
3296,27
1726,101
19684,52
6143,138
19365,44
2020,54
28435,33
29023,30
922,13
3691,11
21174,63
8763,222
8637,74
23845,57
5439,12
26406,62
22818,236
32439,4
30879,31
3106,58
16231,8
22757,54
21290,36
31577,190
26824,88
25704,94
7332,14
20895,17
16339,14
23041,100
14712,302
7656,44
3690,24
14721,32
25011,158
13344,24
21360,22
19165,90
28940,24
7988,40
7845,18
2461,13
21795,66
2692,122
7396,49
25880,38
28116,10
14260,80
9971,130
23103,35
20388,17
5847,146
1855,172
3770,116
25584,226
4416,83
6208,8
14682,16
4701,102
4608,59
2465,50
4951,11
7474,27
4741,62
8538,31
19458,80
33321,83
8866,332
24250,9
28008,146
10009,8
14909,39
11517,90
8139,152
15292,66
20774,149
8880,24
32914,12
18172,148
25489,70
5921,9
30709,180
3077,51
30898,134
27910,22
4994,58
24860,84
2079,17
19464,45
1444,66
22080,139
2141,14
15844,56
3688,79
13737,9
5119,268
6693,48
32674,22
21847,7
21165,13
22874,48
3073,30
17914,113
11724,20
23680,336
14939,150
19965,8
29143,108
22082,96
1861,8
17623,7
26302,90
31132,102
6760,7
20317,47
30980,43
7728,49
11563,64
22410,2
5095,138
13183,24
14345,133
31271,304
16430,10
2016,108
19328,50
5521,39
9834,38
6846,10
28628,107
25752,41
6832,29
22495,36
5405,37
4805,96
27590,7
29488,25
2795,26
26648,47
24447,182
29057,9
28595,36
21507,74
1729,28
13338,12
25939,72
32757,28
461,51
15925,29
847,20
31136,21
8834,38
28546,46
8726,67
11970,33
14851,107
4627,90
32678,4
26918,13
7323,50
4699,12
22601,304
3087,116
10661,6
17338,103
22305,86
32827,41
3943,16
22400,48
16322,44
14703,57
31774,45
20026,37
17939,47
20212,151
32718,166
8142,20
5881,306
23911,20
26875,50
12696,14
8632,36
29829,16
29454,33
17654,184
307,3
16283,42
9577,180
6194,155
10765,18
31275,11
12670,9
9392,89
2144,2
9152,36
23231,17
1817,47
19089,17
29013,96
5447,28
21173,44
18291,57
13993,89
9666,40
6737,7
9265,90
13906,101
22937,13
2949,26
7417,11
4186,18
13041,112
11924,76
20153,20
10890,58
16826,20
23905,154
21480,12
19595,96
15723,166
33129,4
33124,7
17684,118
7503,12
25897,156
4323,65
21110,50
19284,44
9809,29
26046,14
24816,62
15088,107
1676,39
13795,66
10549,100
23274,76
31334,48
29604,54
11190,12
26671,32
4069,76
21451,82
30329,288
17109,20
5182,19
16998,133
2413,69
30732,87
4696,34
27232,144
658,19
23956,83
9459,16
12641,306
106,81
12300,67
19351,76
18896,15
13985,152
2775,308
239,214
11661,74
17328,53
1309,30
7058,72
30589,196
22131,64
17870,29
17964,31
16273,43
23497,39
29097,22
17761,16
540,48
14246,13
30506,99
29797,91
26465,20
26822,226
28276,86
4983,336
22751,204
15572,22
21293,9
26523,22
33015,42
8397,46
4682,56
22891,37
26039,10
5722,49
33196,42
2408,210
16558,43
21487,28
11394,154
23422,91
15228,61
10922,83
31659,14
25573,52
5646,23
31331,282
2670,10
30427,39
20416,149
18080,176
5725,222
14394,146
26568,27
19187,226
23892,212
23299,23
27966,36
10347,7
19282,4
14211,49
21757,13
23463,109
11299,99
29016,214
23963,91
32038,34
7319,8
3639,76
4825,43
25282,5
6065,6
12585,52
27088,32
8399,19
24979,30
8635,150
32108,70
11611,27
11018,21
27597,145
20454,30
21278,149
4049,29
13744,334
12792,48
12591,48
17571,68
26718,160
16030,155
6212,21
4076,128
8198,21
6941,7
17299,46
29120,204
11420,99
28511,12
19119,72
33273,20
25593,54
28788,28
30159,32
29494,50
21170,14
9861,94
28963,216
16612,56
27255,23
9872,81
8598,40
19941,21
2837,36
12967,110
32010,36
13710,26
4130,36
6236,142
23952,151
346,37
22794,22
5883,92
16064,220
18921,59
32976,26
22201,160
14259,34
14868,260
9496,180
25701,39
21552,23
23708,77
124,34
31380,17
12358,77
1334,78
5958,26
32527,58
32098,77
31360,9
1376,47
26584,125
11279,23
19523,21
10144,40
25020,29
8759,1
23374,106
27623,98
1567,21
3762,144
11914,68
8354,26
28705,27
8075,90
5930,102
11170,54
132,19
8497,21
1253,42
24122,284
22512,28
2746,50
27483,89
6447,48
1998,21
17325,88
17994,75
29163,310
1675,12
25134,45
1781,7
26400,31
10121,6
30561,62
2969,28
5589,157
31456,54
2273,86
13297,28
8492,76
25386,204
23096,3
15840,8
2749,103
14034,9
3590,170
30044,86
31685,43
14843,38
12693,92
10731,39
3822,184
31034,16
23584,53
28824,35
13247,292
32691,64
27025,150
3790,70
26426,25
17049,30
18789,70
10288,111
8036,56
16527,55
11866,37
13662,97
22730,21
19826,21
24988,122
4688,15
11754,60
7496,41
20411,21
13571,88
14778,19
4490,42
13366,232
5632,11
9629,166
8076,14
17653,56
27032,40
32290,102
26595,40
14542,27
389,141
19639,160
16820,17
4808,95
30362,13
20804,214
5134,104
12721,25
4743,6
20485,24
8160,17
11156,322
3125,60
14063,22
7185,55
6592,4
26479,35
6273,66
18387,54
26650,7
26514,11
12291,52
7276,12
24318,38
26405,48
31740,134
16564,17
28723,50
14086,58
18178,79
27608,38
17740,61
6046,224
3279,66
2026,16
9252,22
2520,50
28613,53
20688,62
28696,44
21024,9
9125,55
29773,96
912,43
20614,11
19233,56
13059,206
26562,92
26503,20
13226,102
3193,37
20231,72
16148,136
14754,34
20949,105
2175,22
22576,92
15115,14
16853,34
32647,100
25936,14
5516,108
24853,39
29379,152
7163,23
7062,34
11060,155
22417,28
29864,26
25000,6
24010,166
15410,170
29701,38
6063,30
31542,58
12403,148
21753,214
535,73
17801,119
9181,69
21484,10
31040,84
20401,40
6188,72
23965,62
23476,82
8212,48
26733,10
11137,74
17064,90
7236,15
4213,123
20429,132
5749,6
17790,13
22394,24
6123,32
19901,37
17696,33
1047,72
15950,43
17379,15
18815,250
7431,21
10831,94
33193,24
26265,108
20530,66
23227,196
13821,212
11995,12
618,31
29884,65
24710,34
18047,21
29798,167
4100,58
18235,9
28127,5
13688,45
12890,165
24566,56
7842,45
25841,216
5557,77
22437,110
15493,50
8219,42
6298,132
17954,68
12446,22
29244,6
5662,8
16738,76
4803,7
25266,53
28396,3
8179,90
13364,23
18948,10
2829,22
32523,20
29808,15
13627,18
19827,105
5177,87
1569,46
32888,13
19904,29
18727,44
16656,86
23802,4
5052,24
22643,20
17936,144
7358,50
28530,5
24655,83
9423,106
4891,105
10302,28
3172,131
30710,286
25474,36
30995,20
11490,56
7484,26
13786,28
20753,114
28554,25
18549,176
26673,12
5209,19
24674,20
13671,102
15342,56
5074,76
3160,37
29867,170
23728,77
27937,6
30706,85
27140,89
14258,6
18877,16
7006,262
27279,45
30819,8
23859,53
8261,47
17418,72
31831,36
19096,72
15202,85
20508,107
22921,232
26149,72
21647,141
29716,48
9786,21
21943,4
9637,85
31504,16
12026,52
3091,28
24786,54
2679,71
4687,44
30170,15
31047,17
6672,11
6936,36
3944,63
4047,20
2913,61
13154,39
22444,4
28737,7
32548,106
9712,162
12337,214
21533,28
4777,8
25903,79
21391,108
25616,54
2279,21
6351,23
28941,19
7750,96
24987,17
15208,66
8542,72
17789,152
28314,88
23726,18
21872,54
25281,2
4443,29
465,22
14044,78
4148,50
14981,43
11568,73
14004,46
32144,64
22911,44
8512,44
6731,11
23111,222
15645,35
1299,42
25436,13
5472,85
4723,6
17827,98
26871,190
16102,41
670,116
26900,83
20412,8
11054,14
27146,69
25725,9
17980,39
7498,44
29616,54
14511,8
302,11
30613,9
25207,57
7557,12
7657,26
15369,14
5691,29
10775,9
16556,88
16805,45
16176,41
32079,31
24058,50
4372,37
23810,48
1618,14
23718,9
1734,61
16482,41
21280,99
26280,42
31886,51
29562,116
27984,98
9165,158
8878,113
28187,26
26711,22
21094,77
27995,41
31262,35
9372,39
27830,1
32922,4
30835,192
23443,57
5592,92
8416,57
11356,44
17311,202
16425,16
30787,29
1520,74
32134,4
6201,37
18635,44
29682,55
20993,20
31102,20
16242,50
21104,66
32091,188
3251,40
23192,91
24305,55
27068,35
16483,36
20221,28
30052,62
21577,57
11670,110
11344,39
8565,25
9017,110
18694,31
17407,17
18645,154
23757,132
21854,11
31823,46
26372,39
6764,91
16666,20
18067,32
10404,154
7899,57
8854,35
31335,94
25943,31
15862,12
13145,33
30764,34
5910,102
15050,30
8655,80
10032,23
17995,50
9519,33
30386,45
19806,39
32712,334
33341,28
3721,44
25523,56
29676,116
31039,92
14787,163
30133,44
27704,55
27604,25
17235,83
16981,54
32132,52
11637,52
12277,47
21505,34
15530,96
19502,4
781,26
9958,30
33293,35
7955,106
27929,16
4054,46
24241,55
8553,71
5127,34
8788,84
1754,6
17754,129
20873,90
11238,232
8119,26
12598,110
31046,9
29700,90
14665,45
12589,24
31030,256
26585,20
28646,18
31793,11
7939,45
17157,11
6327,11
6730,34
23339,90
7994,96
17641,54
17735,226
13025,78
13046,110
9315,11
25212,52
13610,24
22167,174
5187,19
17395,26
27507,52
4191,37
363,32
22163,56
13399,174
20467,98
19631,6
1358,44
23008,11
17185,5
27436,126
6127,39
21527,41
28199,124
5548,26
13641,140
32045,17
29361,80
28203,16
9606,141
15857,119
17518,6
15309,80
27401,30
8947,74
30508,222
27212,140
12444,54
30609,23
20309,44
1857,144
20483,26
30922,84
23310,90
12396,75
16008,48
12389,14
10860,29
29002,73
22034,14
23291,226
9741,114
6364,17
17152,26
480,34
22830,37
22597,33
950,15
6090,13
10676,152
20779,126
31561,50
3485,178
31916,17
4533,66
10440,2
6663,26
7445,200
26445,74
5438,84
19898,62
14096,192
30186,47
8665,47
19606,26
30976,127
24944,44
32570,91
11745,25
4206,118
24037,31
18195,75
31587,10
7533,80
16861,264
6640,15
21586,42
1842,102
1884,43
11181,87
2928,60
10586,20
28944,64
30010,106
21617,45
9565,51
32829,23
17509,44
24917,204
16264,14
21259,39
32705,100
30143,6
11360,82
17321,36
31544,10
30213,44
30005,58
23626,15
18849,62
27874,102
19475,16
3632,48
19442,34
29614,180
31437,37
7966,22
30269,39
13164,72
20697,134
1888,31
22345,57
9594,78
11442,50
22663,140
16181,9
20139,14
31512,23
1139,57
26759,58
25538,42
29899,7
17312,44
23837,67
13321,83
2524,20
13125,64
19253,312
25581,192
22752,65
29390,96
18098,46
31431,32
16947,15
33215,44
16655,42
17539,268
2619,33
27978,7
32660,99
17448,45
87,76
29533,17
30667,33
7492,56
24929,7
20390,27
16435,53
8504,97
16669,11
26778,10
11991,141
6218,6
2738,87
13194,54
7082,68
31915,23
25319,52
17695,31
12957,63
23806,35
21417,174
12956,42
26623,47
7771,80
22071,123
7583,46
1698,58
11807,44
15588,46
26654,107
7237,24
12458,63
10919,55
32309,6
21034,66
18002,182
20544,35
21611,138
30467,24
22016,120
17145,55
10778,45
12353,210
7832,4
20313,48
8941,4
14518,54
22537,23
15433,68
13656,63
17775,34
1908,184
30816,55
6853,5
4441,44
18941,73
8966,90
23089,214
21307,124
31952,18
18270,86
26172,44
17002,36
8400,84
13092,55
24986,19
13436,160
10899,10
20066,57
3982,9
5607,25
19404,36
11917,13
24157,32
31592,12
21798,50
11600,102
14677,107
5429,64
28374,16
28755,40
21435,28
2389,31
8315,113
18672,109
19393,103
12600,81
21279,104
7603,88
593,10
17976,11
15075,214
27578,110
8181,34
25706,34
4727,42
18234,112
883,12
14889,35
13844,156
24328,112
30663,77
18110,6
14752,220
4856,108
482,89
21755,63
28307,12
951,13
11134,35
29871,4
14961,200
17859,56
3455,14
22412,26
20141,81
11756,162
19422,102
11723,37
31562,140
7152,18
32530,78
6728,96
17556,78
1085,166
27193,19
3915,302
28260,40
7585,14
30253,26
22396,56
8821,132
2806,41
12171,6
5437,76
20086,2
31727,28
12356,22
8182,16
24016,62
16000,11
25355,278
24991,9
12318,128
20202,72
23389,27
29161,106
9534,24
19389,13
17067,34
8314,40
27119,74
25741,55
27683,48
16951,13
9624,74
21520,9
9308,6
7961,86
19410,298
11069,41
21287,164
10808,102
16983,48
15762,50
74,50
2210,20
20987,39
11633,68
12594,78
33045,48
5079,86
22701,50
9124,26
9389,51
31982,30
22429,55
23095,122
19732,47
33185,92
10299,21
30091,29
27208,31
6064,65
32477,11
13504,166
5174,15
32302,30
14662,102
8402,28
5006,82
4996,50
29210,42
24289,12
15173,5
12364,7
18413,23
15454,4
21765,58
23872,8
17521,12
12681,86
19064,23
20276,308
16874,5
32746,54
11510,18
14481,103
12634,114
6302,322
23341,67
1417,80
4621,58
7780,51
6233,12
32015,77
29633,108
12419,6
24823,21
10,53
12478,16
17656,21
31649,35
9471,95
3891,31
28436,14
30112,8
22404,6
16562,37
19251,64
16413,76
5213,39
20166,54
8163,73
20332,56
25287,102
31636,24
24521,108
14875,14
21341,23
17366,43
26706,121
29270,22
3428,51
22547,73
23659,51
25796,304
28467,80
948,272
7124,86
29084,99
10471,40
32077,67
3303,35
17144,53
6333,66
23641,18
23229,66
20731,46
7461,22
29180,130
5704,20
29083,106
20963,65
4528,16
27172,47
4685,66
26047,8
5135,156
7229,11
22427,8
3089,32
29704,108
2620,54
11601,32
4432,23
32116,102
13004,28
9130,36
25021,16
24177,5
13991,13
29592,20
23673,6
6080,192
24102,2
14268,47
13453,100
11462,20
28925,70
20155,12
29933,43
30244,26
8056,90
32224,48
15487,89
767,218
22996,35
28719,24
15234,13
16901,14
12841,114
21957,7
7363,21
22205,160
9623,79
1305,37
10310,39
10689,85
605,4
14587,14
6178,51
27557,12
27751,9
11186,156
1600,14
22225,67
7201,102
26573,68
12216,61
31720,28
22455,198
8244,17
5854,322
25884,26
2470,152
20039,69
12231,11
25119,40
32809,76
17929,41
29615,4
24751,54
6647,42
17445,78
2741,36
14350,74
27980,11
8935,2
26986,172
12089,196
4630,34
19582,26
32711,11
9863,44
8164,131
31948,172
27266,34
22357,32
17809,129
22281,20
15372,80
25375,102
3783,8
12330,143
19396,116
19173,80
24607,22
16699,72
799,58
28215,46
25843,8
24789,147
23595,98
27019,14
790,71
24919,99
18333,7
19642,114
17969,96
8196,50
15152,31
11743,96
13205,94
22047,64
10359,11
11026,134
19451,18
18553,11
21242,17
18939,80
16550,64
23032,45
12688,150
27368,113
12807,11
15060,4
31148,86
7928,24
16978,74
23109,104
5436,162
25785,18
10168,6
14302,23
18614,29
21661,46
17087,35
18485,43
33017,73
23371,59
4650,9
2292,58
812,31
6980,127
15080,232
8863,7
29331,246
11271,6
21925,9
29265,37
10635,14
5039,74
13028,260
21226,12
32833,61
8092,111
30214,144
3555,37
32342,310
15555,51
12249,108
18206,324
32995,56
7184,52
4776,66
5698,164
7350,83
21168,125
20556,234
236,122
19221,80
17206,22
16145,41
21727,32
30229,85
4455,31
1438,23
21477,94
24869,17
31173,78
7638,78
6518,28
833,2
2365,141
28148,72
16486,94
2127,146
7688,44
20882,202
17674,8
33037,36
419,46
30448,146
12321,12
29521,57
7420,148
9911,80
1083,68
6392,17
31690,50
12799,33
2757,70
17536,145
25358,153
17479,133
10335,32
1234,67
9396,55
1100,50
26421,126
29294,146
2072,6
23121,98
4547,47
24371,86
4131,7
2227,35
7450,24
20162,40
16307,37
4686,145
4564,52
14791,9
11649,78
3872,18
23627,124
17977,125
4841,66
10779,32
27602,34
7031,74
4981,128
857,52
5363,34
19760,14
5727,68
23246,53
7525,56
284,38
2968,34
19,46
15413,67
20187,105
10620,100
21699,92
15032,73
27681,15
1424,44
27676,40
15920,96
29760,16
20958,34
10782,80
16986,80
17161,18
13703,166
11635,32
4218,198
25124,76
26394,216
26907,47
13363,33
16455,56
17864,284
25298,45
29713,31
24385,146
13422,48
26093,28
16748,77
27342,58
30355,56
28582,12
4645,26
25430,70
2087,19
19421,36
8560,127
14989,92
1986,158
10392,53
4287,10
995,29
28550,26
26700,40
31660,29
13480,144
12094,60
403,39
29538,53
21148,57
2091,70
29370,2
30126,84
31351,36
7534,99
277,45
27238,26
18558,38
11939,34
28322,4
11247,69
18318,11
14680,111
31618,94
3744,20
25293,21
31385,109
29626,146
20089,80
20063,28
17777,42
10850,5
12644,196
30833,28
16979,39
19163,18
32261,48
23471,20
14421,9
17748,17
31487,5
25209,68
2133,29
19961,54
1153,25
7048,21
13882,156
18981,90
15238,42
23935,53
20115,4
3916,15
26896,36
29848,142
6231,28
4486,56
27072,38
3075,21
18112,4
4438,83
1209,69
18459,33
5660,51
2281,50
19231,192
7392,84
21734,96
31484,34
13019,20
26839,254
7969,36
24031,150
10858,125
13723,228
31220,102
31845,18
11383,200
13153,57
6499,80
19333,78
6537,12
6352,30
17957,44
22599,69
11548,81
8291,11
25541,15
26058,163
7974,176
27881,42
9528,9
10522,21
15880,51
28785,2
135,23
12030,43
31753,34
23779,32
17647,6
15777,102
5354,132
30450,56
28815,13
25118,260
4748,72
25812,54
9640,143
14048,34
5855,11
170,25
11149,106
20198,37
23257,33
5530,80
1013,206
31240,31
23847,15
16993,42
5252,51
12971,56
11549,17
4383,46
10654,61
10540,11
31364,106
1215,236
29289,58
11205,42
27361,26
10729,37
22766,20
10936,85
27491,40
28093,155
17902,147
14769,188
22232,174
14508,155
24468,31
22025,40
26794,67
2545,69
18489,24
22235,36
1201,125
17714,18
6564,334
28772,17
28565,36
29367,4
24637,102
5204,47
27261,13
24622,77
401,14
22318,38
33094,70
28888,40
8955,80
6651,48
1017,156
22745,75
10798,5
31282,78
23100,2
12703,7
5178,24
17272,83
16706,148
15836,78
5105,78
9166,62
28801,46
14277,83
22600,18
8856,124
15803,64
1533,106
16907,22
28115,29
23202,4
11578,128
26624,202
19008,5
15822,56
3328,27
12439,100
12691,78
16623,116
28738,16
25754,105
13429,22
17016,214
5060,78
5560,32
201,14
32423,23
9081,77
27612,43
30592,79
31461,140
10106,228
2730,43
25693,9
26019,32
22815,96
17636,308
21791,125
13800,140
11357,40
17884,142
28051,77
6016,7
17011,85
27409,40
8079,132
8379,19
174,28
14557,86
20587,56
26092,65
16444,27
2074,116
31564,21
6362,5
8846,3
10719,11
17251,32
5824,94
1484,7
11233,50
22236,94
17491,24
29318,18
7769,23
18024,10
2028,24
2167,4
22399,67
26314,4
4523,101
1983,140
7491,32
944,10
29576,50
29190,6
29168,6
7104,30
26524,122
4947,5
18773,220
29948,58
22190,28
16747,30
26088,178
17753,92
14326,22
22822,44
23129,104
19978,22
5708,45
22554,43
31949,182
29680,28
30986,57
24928,110
22003,3
32778,17
14497,15
11251,151
19968,51
26919,46
13562,17
16217,17
21794,39
19083,182
22185,56
19913,40
9504,31
9406,63
639,154
16697,41
23287,152
16134,21
4881,86
2817,21
3898,178
32739,36
208,58
25962,23
22253,89
24109,116
12802,6
27794,20
11243,20
1779,119
31212,13
23550,10
11518,27
32655,26
7572,91
25607,78
32257,166
29997,36
19325,28
10421,19
22346,66
1004,10
5996,13
27879,90
30567,8
26259,4
8493,106
18363,10
2058,12
21248,15
22906,33
23704,4
9417,88
4451,92
2048,143
19109,48
28032,89
15976,36
31888,46
10051,2
25673,62
311,53
26882,52
528,52
5443,96
5251,24
7133,55
18659,129
10600,334
18871,41
25216,25
32983,10
24225,45
3832,158
1515,87
26186,57
4035,25
19436,47
7629,55
31308,32
4939,29
11818,88
4587,11
29263,23
28578,178
19899,109
30600,39
11474,19
25149,146
29846,167
28844,34
8231,28
30119,13
7729,42
19974,64
23689,16
28903,250
22907,84
2840,4
23815,61
16849,14
6103,18
31392,246
19467,18
20902,57
10774,129
16461,35
27975,90
5433,21
30934,57
32473,4
30624,10
18899,232
19862,125
7937,68
29617,166
31286,47
24076,122
31454,336
23774,12
17945,37
15776,63
12760,41
22446,6
12292,17
27622,22
27051,58
5042,92
27516,54
218,106
6289,19
10223,200
25621,110
30713,17
13574,316
28010,35
7409,40
26693,72
3267,48
4513,150
23184,12
27514,45
22079,112
2253,14
3922,6
3063,47
31601,166
26625,54
28655,34
1966,20
28063,48
10614,35
10578,7
22130,106
30137,124
28884,29
31998,11
2564,12
1584,70
9309,41
6031,78
22401,148
24575,56
21367,18
4848,44
19275,111
21485,2
105,59
16421,33
30335,32
27552,45
17493,129
31293,44
16751,158
13763,18
4025,133
16508,42
27644,57
24694,158
11472,18
21583,9
11414,70
138,148
2771,290
21035,75
22869,6
13792,26
10691,40
18450,18
5543,178
4297,40
14032,14
14888,40
10448,34
26788,58
26751,14
20621,76
25597,190
1837,51
13388,15
27904,126
27893,174
7250,124
12365,48
6252,312
3753,312
21048,198
28344,102
16365,32
683,15
28057,6
19301,20
22046,26
16016,12
33325,102
17331,121
12045,94
10593,32
13520,73
32963,80
26818,60
9383,13
29399,41
25086,118
8483,20
32935,196
21566,25
12279,28
17425,65
19994,9
18284,12
5604,34
2140,9
5743,33
1828,12
6072,100
21333,31
30618,6
2750,92
32676,14
10461,13
8815,37
27054,9
502,238
19353,12
30454,85
15014,19
31068,113
4356,95
2277,30
2294,61
12823,19
10776,78
28586,43
11246,306
11374,20
27009,21
9324,31
25208,106
15147,23
15619,57
24497,123
7205,102
23844,100
9453,23
7437,65
29853,21
20711,48
29477,13
27836,24
15481,28
31338,14
19777,43
27244,100
31359,40
6987,109
25558,166
18029,278
20462,20
2866,22
31608,83
10380,62
4751,44
29779,18
1933,32
28371,35
4316,5
29103,13
13061,166
1713,92
23113,26
4909,31
22157,28
3449,18
822,43
32582,224
15679,41
551,17
3366,50
16399,34
27726,50
17732,16
10659,156
24737,23
17079,72
27296,134
13598,52
22602,80
5080,28
2065,56
9744,324
23796,37
25125,12
4784,91
25502,13
4454,204
16434,23
29515,27
31699,28
8288,206
5,12
9765,22
9279,12
20769,132
25930,102
7811,94
12068,45
3525,68
10185,16
11064,78
6842,25
20298,105
19191,22
15025,42
2823,51
10700,168
31403,46
8285,111
29593,202
8381,196
26294,24
6635,10
25061,20
7059,91
22251,57
3665,11
30156,41
6697,40
8627,222
26176,55
13060,94
13353,34
31024,32
32865,112
28279,64
16710,84
25542,25
22391,28
31600,3
6792,100
25384,140
26274,11
13942,78
3095,48
29102,30
15518,107
23610,87
12184,26
13938,23
12607,9
32797,46
13105,26
23588,22
18194,69
17028,124
20334,18
33224,106
24677,160
17721,78
11022,39
15931,8
22227,130
3597,70
1489,78
3348,122
13052,192
13095,28
27459,32
25536,12
9879,67
16501,21
17341,125
5785,64
14739,10
31038,138
1325,22
4927,6
22413,20
9678,13
4122,3
6376,42
6605,10
4291,28
7558,180
6667,194
33365,84
3981,23
6579,106
29999,38
18082,25
19216,11
29763,82
20619,94
24195,7
6872,74
18788,105
4460,40
5842,55
17329,160
2352,6
15621,76
19127,176
15043,8
18766,11
18527,26
13845,10
30813,42
12241,16
954,18
8167,32
22584,22
12536,26
26781,34
19983,50
18394,222
22306,264
24271,174
25402,66
8298,44
9030,84
31757,39
32602,150
1238,13
33132,133
26917,70
8073,61
17318,65
13512,22
22909,92
5912,160
14929,14
731,51
8557,78
18416,52
8290,43
8929,40
18388,100
22170,8
9169,50
11112,280
16298,40
10026,44
33169,49
22681,234
28887,210
15696,92
983,108
23983,35
12738,85
17160,130
32627,86
29456,66
2960,78
6479,12
9695,96
5606,31
19367,88
23356,45
13198,218
26588,218
17027,50
16342,104
17359,22
27335,25
3406,39
25127,66
16741,44
26086,44
2848,4
21687,6
28464,34
26377,57
10480,52
21748,9
21352,6
21629,122
4680,51
19758,54
8421,10
31968,210
32656,84
3473,256
21398,72
27841,55
19354,8
9245,62
13160,168
29823,24
22545,30
29978,63
12654,5
23993,50
16898,59
23801,26
7866,180
13257,28
24000,13
11033,23
28850,77
18151,90
16895,34
29490,140
4348,20
14922,138
29759,102
12258,134
33227,15
12912,50
22326,56
25030,13
15172,45
14695,138
23139,4
2776,11
26829,56
30547,34
23127,220
14306,25
19617,46
17670,94
23823,15
320,8
32961,24
12958,61
7822,50
26571,11
7116,12
8946,16
24084,23
8676,43
27160,65
32055,49
8761,32
2774,151
22770,164
2675,70
20255,84
13423,34
22976,15
17734,17
10746,26
14363,70
25399,104
30725,21
5131,92
258,31
20869,8
6147,51
21620,15
16179,198
6473,18
20890,158
2031,72
11793,78
962,96
26219,141
18332,13
7699,6
21147,160
374,27
21149,116
3094,24
5837,64
12097,91
22408,20
4141,20
16335,43
11961,148
23454,48
4493,29
19009,46
5600,111
16957,138
23604,18
2455,17
28891,102
29724,78
270,51
3550,102
28555,28
31736,97
31598,29
14609,15
6505,170
1894,22
23654,3
3704,6
15368,33
12028,61
18878,18
32042,78
15203,32
29941,165
23567,58
13888,14
11555,63
5225,73
31884,88
18343,180
24634,29
19026,17
20450,24
21599,47
22864,278
3826,9
8473,15
19056,87
19915,264
24927,111
14625,9
8668,24
22156,108
7635,270
7893,70
5933,248
12319,49
24492,67
5096,30
28479,29
23593,54
10806,55
4706,94
25383,35
20526,28
7436,57
5997,28
29035,41
6992,21
13898,3
7816,81
12450,21
580,18
31313,38
15366,12
4001,111
1328,104
26268,8
12054,44
29745,22
30761,92
18628,37
10172,140
13430,99
21256,48
3967,6
7743,162
7340,2
3644,51
19418,7
16603,20
495,31
16864,63
26257,214
19570,31
8044,65
18580,14
31897,16
15617,50
17858,89
30190,40
29406,54
5063,330
24854,11
23516,45
16256,88
1906,78
25469,74
24883,41
32946,74
24431,21
16038,20
18601,17
14136,25
5862,37
13640,46
12713,10
9525,18
11223,89
10800,128
10115,14
10839,29
3418,45
8800,31
32599,80
11954,226
23470,34
22807,250
14245,198
18089,50
6099,62
29366,135
5365,50
6357,37
1303,13
14492,96
28979,21
26921,35
26414,4
6897,3
25718,224
26105,74
33023,108
33301,268
17961,86
6850,90
22845,166
1038,24
16280,5
21652,15
18673,54
7990,19
6668,4
2304,310
29544,54
4355,6
26886,34
21464,32
7637,157
28745,90
9287,35
8456,108
31184,130
4821,314
718,37
22074,72
16734,12
2698,68
23308,176
18536,64
31956,282
30911,69
32306,14
21587,18
17878,16
8960,48
5211,29
4436,86
25507,53
20936,42
26874,64
13303,26
3115,38
10270,37
6895,9
17138,37
3805,92
2886,50
17717,94
19334,24
28328,38
27200,240
28012,18
31717,59
11047,9
4006,53
6631,100
23232,10
25546,107
65,8
31382,50
26338,39
14655,52
11099,46
21782,44
22210,123
1723,107
18821,32
10193,29
11997,50
31255,94
2147,21
2240,50
29826,24
9982,96
15754,99
18818,132
28837,40
7056,164
22725,12
30575,6
11083,56
6436,192
16398,22
12302,4
20623,82
13794,100
29296,100
26557,157
11173,13
20338,73
9183,17
32517,89
2747,16
5444,56
17631,95
2293,22
18040,112
4445,48
28987,109
17534,264
11825,78
19293,131
17650,94
11937,105
23077,104
83,62
27222,160
28650,16
2477,77
1320,34
18501,6
14674,71
14531,100
12516,38
2168,4
1386,112
33262,105
4019,58
3123,28
33147,198
4252,14
24504,7
15767,40
11497,27
12124,17
2272,19
21288,62
21553,7
24515,106
17807,55
23182,204
18798,68
7138,43
11865,18
30408,8
16833,79
29324,14
13497,82
3242,10
25234,12
14536,146
21645,55
4157,166
4257,68
24173,158
11477,43
8576,8
21884,42
13916,81
24437,46
31151,14
14168,59
10202,48
23462,89
30031,36
9668,143
30012,75
21342,72
29849,73
10695,316
9402,110
4309,62
29954,308
12935,98
24819,31
12299,8
18079,73
25309,51
28965,21
10883,15
21706,67
30393,9
24134,98
3184,140
22089,83
14690,135
9222,39
19302,8
15835,4
10022,21
4427,88
5326,44
20784,55
19803,16
33194,64
9211,12
8054,29
27165,23
14031,70
9811,29
13911,326
8376,23
21985,89
15890,74
12578,37
4757,108
20019,34
4077,23
20117,72
16950,32
10265,196
24428,12
13803,5
10174,2
25141,44
30118,38
24327,21
20386,7
23360,116
18231,78
25694,160
19225,19
32703,33
20600,306
8259,8
10741,84
22635,79
12925,153
1970,12
15731,108
3549,28
13503,46
15983,72
15479,42
22314,9
6495,21
1015,54
20370,24
10577,39
12692,160
17390,109
19248,23
23725,15
1212,25
19014,3
6251,192
1388,42
9587,26
28675,43
10820,31
24898,32
8047,44
26922,13
6868,28
33122,12
20862,76
7239,156
11053,18
599,6
10504,35
21773,43
6576,11
14708,81
448,112
27259,37
20186,100
46,4
22175,42
18237,25
26061,48
30972,6
31580,15
30002,87
10008,50
3850,45
31540,87
32982,117
23097,5
927,61
31616,36
7741,11
26159,62
31340,15
21050,2
26744,46
23396,41
3517,70
16888,22
1717,15
21610,17
23166,53
3739,32
29041,122
6898,32
776,38
17711,31
2007,280
4760,118
9867,22
27922,36
28372,86
23499,24
11560,33
33072,29
30077,30
3567,60
19601,15
1351,113
29866,30
14328,198
12540,27
13892,46
23500,67
16668,23
13658,53
7188,58
31980,152
26346,9
20342,106
33119,21
5183,204
20552,91
13094,138
15559,46
10769,52
24666,28
20847,31
28413,43
26677,19
17128,6
13294,21
29496,20
30800,153
29907,52
24825,140
17661,33
2726,119
25039,25
17447,67
32641,100
8794,47
1242,14
4244,4
20592,29
9851,106
27851,130
6485,304
13143,24
30131,16
10271,12
32347,62
13863,74
9954,85
31977,104
2248,37
4045,47
4912,18
24718,125
22685,42
16588,107
2867,294
12425,22
30673,72
30635,65
27554,46
23938,94
1064,134
14100,210
25206,149
17802,6
8521,46
14484,61
32821,29
7313,44
16325,64
30478,22
10853,102
18179,17
4692,51
16464,13
33106,91
19991,15
15644,16
16027,80
28795,226
2858,5
22316,151
28938,54
18035,30
32736,13
13801,100
20798,150
16624,15
14719,50
30686,44
21924,194
14266,22
2833,34
24039,8
28483,63
16418,84
4993,50
6715,96
8813,45
15200,63
25610,62
20598,74
32825,84
31934,61
14413,100
5804,27
26165,80
17965,94
32442,19
2903,8
18330,39
12778,61
4219,48
28997,23
23260,43
26401,25
16882,31
11597,21
15602,8
12787,288
9460,144
238,31
11850,132
5551,32
6618,34
29880,10
25562,26
29976,3
7709,58
28123,114
8140,53
5979,6
18926,2
27760,132
8248,66
29687,124
26622,5
21316,166
17339,62
2327,42
17911,18
29293,143
4142,30
28789,144
22522,19
22892,15
1116,56
29659,63
27579,111
3112,248
15081,75
11257,74
29662,41
23971,72
24838,48
27853,28
12910,34
26187,102
19364,100
9526,98
29012,35
4884,50
27574,98
5777,10
614,16
21002,80
33302,7
26649,92
8344,40
9424,16
13868,34
22749,10
2906,39
19634,4
11752,7
22474,120
10450,70
12135,88
26284,60
16146,13
28547,69
20787,30
5949,268
25167,33
6716,82
21812,36
18538,12
30138,21
815,68
8727,51
15873,34
21635,242
29363,113
23569,42
17792,85
4770,62
32793,34
14614,53
15548,128
6033,35
7549,14
8384,144
23322,31
22289,25
14272,54
17068,81
12816,52
22952,6
18052,32
11746,23
3470,75
17588,156
1368,17
14899,30
32934,17
13533,80
4207,39
26832,51
8548,52
959,29
21389,138
28722,12
17466,20
27588,82
19346,21
1762,18
18584,7
18547,5
18008,41
21281,184
3330,34
32728,27
2653,168
4507,34
15318,55
28703,31
23941,34
3977,108
8507,154
20888,15
28419,100
21732,26
13398,108
1741,10
19704,63
24942,91
23769,330
7384,74
2468,198
7421,144
23402,129
15215,105
6758,28
12323,4
18913,12
30199,36
19546,48
14937,23
10393,90
16719,3
17302,13
24303,30
23280,43
32688,43
22984,56
16910,12
17098,184
13318,12
10704,18
4462,166
29437,202
31701,92
10486,154
26858,336
21409,44
1217,25
18362,89
8369,26
844,286
31898,112
5270,37
22540,17
10692,178
15261,10
22781,26
29951,23
31794,101
14757,44
11231,24
802,138
12182,34
24308,20
19276,29
25302,20
24329,184
16156,45
23579,86
2023,70
2976,20
24673,10
6221,22
2103,20
1797,216
16893,40
1378,71
32709,22
8893,85
841,62
7962,13
24255,29
18164,15
7051,48
15071,18
281,11
29489,8
16480,20
17604,25
29442,4
13281,144
22572,138
21003,23
10915,91
9886,58
23300,123
26029,112
16394,48
8631,14
33035,57
9961,13
14197,24
12766,136
11165,30
33211,10
28716,140
33310,47
28266,220
10953,10
7181,48
23638,161
11653,61
3049,47
20024,52
19453,66
10528,39
4415,52
16746,111
33143,95
25799,112
22521,244
21065,168
17052,118
13545,124
3913,43
25599,14
3726,254
18196,320
30411,32
7685,98
5865,2
1892,33
17173,106
10464,10
26050,129
31946,51
4719,67
9311,99
29146,23
8992,151
4028,84
28071,242
31205,220
32247,31
21073,62
7449,12
17120,6
15993,22
30692,13
22158,25
23190,168
22844,24
10766,2
13972,42
10727,38
26218,90
29401,7
31328,40
15595,156
29085,41
15738,194
8149,95
13210,72
18361,146
21969,7
1603,85
7226,74
26827,12
12305,15
980,21
4251,12
15174,26
29261,62
27990,79
11990,111
24730,30
18650,22
19452,72
4405,71
14790,64
4327,12
10844,51
17215,50
10351,96
29256,119
12966,105
33305,22
23760,12
25803,100
22144,112
11028,15
11828,82
1693,18
15341,29
26336,100
8689,36
22262,9
7829,222
23940,48
19530,112
5355,51
26145,18
11213,278
11512,5
27383,25
6102,79
287,90
5963,134
13830,112
18417,146
25256,52
24050,80
8126,10
339,23
30102,42
28243,46
28412,39
29719,48
17568,29
1422,39
11183,42
6215,312
11352,150
9907,134
7379,18
16959,20
10231,22
24524,13
1464,57
10581,144
5318,50
33155,62
20566,36
8502,10
10156,202
8253,40
31875,13
12563,80
30161,55
27789,109
2406,19
12525,53
13482,34
7103,4
3591,33
29350,23
6937,302
27095,46
20487,70
22513,43
29912,214
30992,52
23666,150
5916,55
16512,76
14762,152
12869,47
26174,17
22248,14
15934,60
26773,135
17289,113
30698,15
31246,39
24243,8
22107,51
22516,116
16417,22
2186,248
18145,28
33173,26
16326,59
3888,26
1133,62
27351,80
30973,55
18718,31
20799,60
15198,21
22860,78
26335,31
20739,12
9708,42
7489,109
4729,100
16493,60
11915,34
10200,156
3924,100
31251,8
32426,21
24476,44
1043,64
17474,4
12510,112
21369,21
15016,17
20307,76
9920,86
32805,108
2235,222
31022,114
31064,5
8656,34
2740,69
21310,42
1733,170
12559,334
26868,25
14198,170
29870,90
9115,165
33281,63
23510,76
32033,3
7883,33
32492,13
13616,36
4292,14
31265,20
23814,41
26731,101
24724,40
8967,77
14897,29
8159,37
11101,100
18499,188
32931,46
143,47
8180,43
1473,29
5116,165
18010,59
22809,100
31811,2
9737,78
8371,79
16007,57
13719,50
6951,23
2176,37
29601,24
14864,28
11757,41
23967,125
23787,53
15420,32
18460,38
32777,83
11380,23
3249,10
32230,11
30424,206
13137,56
9902,22
31391,14
10210,69
6580,138
19926,22
701,36
23486,30
33311,55
24646,165
19580,20
12467,134
18315,304
11342,116
25350,9
26439,41
8549,56
28851,47
29024,62
8770,134
23289,84
1822,39
15830,206
11946,43
709,16
12489,31
32386,50
22979,13
2860,28
10947,47
24867,56
14623,108
719,23
16250,35
26977,5
29137,58
14494,138
18678,27
25178,11
17046,22
10326,14
21892,17
12662,188
31277,5
9650,86
24645,57
2158,13
32742,52
5303,4
12548,13
23036,103
30493,59
23134,87
23198,103
29426,9
18295,54
1608,70
15063,35
15089,57
29927,9
10824,132
2507,12
20260,55
25272,57
10976,12
27825,48
16229,138
1170,20
24356,31
30651,61
9109,78
7473,34
27451,80
1425,24
19687,50
7718,9
2516,46
29391,28
7355,326
29307,39
11720,22
24065,17
27005,132
5257,3
18533,23
32891,148
9909,112
24284,5
7686,270
17572,6
23014,28
19112,51
1345,204
20387,147
31928,10
19587,116
9331,28
612,332
10835,109
22539,54
20861,83
102,37
2040,8
19802,4
32967,27
4267,31
17136,28
33170,40
20986,22
17284,43
28439,194
21097,110
6557,6
5421,216
21140,36
21889,25
24359,109
3554,28
10559,50
20985,13
3706,28
17402,46
12158,79
28990,75
13045,210
1039,20
19080,57
4859,116
16194,2
4936,68
4152,152
8840,45
3701,47
29448,83
27869,47
32675,158
6836,50
11317,9
15517,26
567,126
9049,55
5741,18
24983,81
9400,24
29813,20
27221,35
25760,43
28318,12
24009,27
11108,98
30628,29
4755,68
8310,122
25270,30
8260,94
4558,15
21299,11
6691,55
10536,49
23373,20
19108,20
16187,44
3849,16
5784,23
4740,44
31502,57
12015,15
13563,45
14103,328
7165,53
12627,56
27792,74
3170,30
28327,17
32566,226
18797,32
26704,82
19444,136
27388,108
28852,108
30054,92
7855,66
26653,6
23340,78
16371,36
8191,91
15508,5
31096,15
5814,18
30092,6
23410,4
19532,43
18062,91
32859,174
16968,56
15042,39
14065,84
4144,15
11007,54
782,27
32422,10
5317,52
13589,13
31009,312
19630,16
14465,12
14286,53
17103,86
9906,24
22280,27
1164,58
18184,40
5808,18
32578,55
26537,30
28917,57
29741,21
3968,56
17213,116
17987,45
2914,58
25444,22
29175,12
10189,300
23441,43
11480,12
20261,75
1,150
855,41
25438,67
15257,90
30200,13
29473,50
25722,72
20402,58
31681,78
32507,206
15153,14
4769,118
24071,7
29780,46
18227,150
31146,33
32667,24
22615,10
531,80
7024,14
3874,20
33260,48
23437,108
7565,44
22257,6
26211,23
11624,12
27360,14
14214,12
22054,31
29245,91
27876,70
988,78
24078,104
26074,57
5224,12
32271,145
5924,37
27103,59
32028,62
10280,140
21911,83
13488,96
7113,37
12150,28
2180,50
27196,37
4497,31
11019,161
9798,55
24011,65
1430,224
25748,45
19616,51
32743,54
10864,51
4809,20
9303,70
2185,12
26447,48
18329,42
14366,54
5937,90
39,43
33005,326
12898,72
19331,32
6918,18
24876,64
33335,6
16890,112
15237,36
30004,72
9944,28
919,56
17078,52
6662,80
21375,53
26598,50
24971,28
9768,165
25197,25
21630,33
8109,114
29082,33
20639,136
33209,10
26806,66
28665,44
20961,35
19597,67
3000,18
22926,52
15379,29
28576,20
4211,48
31260,72
12076,23
26565,21
400,23
5100,26
15233,111
20631,26
18874,144
14634,23
19424,22
21436,328
30248,105
2989,19
1550,55
8526,43
19384,74
12767,81
15609,34
15543,56
27712,71
9244,113
10317,17
3927,48
1134,23
6785,56
6528,102
15496,26
27246,106
16439,19
1335,17
5900,80
16953,62
6533,52
18625,61
7428,32
3840,62
20324,18
19658,12
6595,60
28150,34
27609,55
16757,26
5586,18
33219,48
22129,55
17276,14
9409,50
31945,3
11427,119
22192,39
3344,84
16491,39
31244,27
26737,50
6404,52
7598,298
16192,25
31342,62
24279,18
27979,21
4227,126
17231,32
20047,11
4913,53
24144,166
19953,56
4204,8
4758,59
3834,116
31583,60
26282,100
18398,10
12577,27
24236,44
19425,32
12376,26
958,124
20445,94
26033,56
24425,2
15229,11
3035,122
11615,23
21589,200
11581,21
14330,17
4329,29
8986,12
10760,78
22804,50
17715,94
15533,128
28625,258
31908,58
7588,109
23822,24
15747,62
4817,6
22977,50
8269,46
9197,55
24321,92
23411,61
4461,25
12604,82
18215,74
8457,4
15074,164
18716,26
11702,90
5526,100
25647,52
2438,88
13646,10
32036,102
13207,136
8437,17
28451,42
8115,7
19559,62
4215,34
25521,9
1638,6
32183,94
20796,44
8297,9
16297,72
29594,56
14206,74
13650,105
21896,35
27700,96
23358,31
8370,28
12351,2
30541,55
19964,33
21162,29
26382,9
25545,160
15917,42
7164,100
28585,18
887,83
6408,36
20003,172
3751,134
26051,168
31159,10
220,67
18946,16
16817,11
14036,6
4150,34
23771,45
22560,124
19297,322
21498,7
28311,32
31440,100
10787,10
22087,10
28185,132
6660,22
12690,248
10897,104
2767,25
6399,102
22942,84
133,27
14307,38
672,45
20403,21
7427,88
25587,27
11040,136
16354,39
300,42
19124,161
26810,127
12729,2
16487,60
22988,10
7633,36
16541,51
13683,34
10872,37
21655,26
14349,111
14647,91
19264,10
28240,35
30297,49
3111,21
26425,17
20180,42
28362,42
23040,44
18516,24
10423,48
24525,51
7147,96
10005,192
11619,53
16154,132
13396,28
16962,53
31909,30
7151,78
19006,20
20067,95
21759,7
22476,154
3102,256
6018,24
30303,24
14190,50
15714,42
7483,50
29623,36
17755,176
7640,304
27870,152
29042,39
22014,50
3851,74
9518,75
17723,34
4284,149
16579,110
12975,19
30057,35
22442,43
15717,138
17380,28
17490,15
22880,6
31751,100
27290,56
30553,34
16786,21
19689,74
10337,8
21076,78
31434,65
1938,15
31815,85
6455,15
21719,18
7736,48
7714,10
24529,314
27591,8
22653,114
3227,6
24390,332
21014,212
13905,18
6978,26
4009,134
25035,144
18006,21
6959,79
8883,4
32831,22
999,85
4925,10
29693,41
1774,62
11312,105
17387,112
13116,66
8099,72
3863,69
31569,14
25229,30
16857,74
28668,16
17693,288
21061,56
14612,320
3641,192
28974,49
5811,64
24256,44
27094,4
26148,143
32488,24
9379,95
12567,7
23208,166
30946,3
14289,22
19975,81
17492,17
29311,32
25849,38
10698,32
9078,74
30807,69
7762,52
31814,29
25170,32
21452,43
31986,42
9254,156
13168,102
17080,33
29187,13
24857,50
20857,87
11269,82
10594,7
32205,56
582,96
11315,24
3322,33
16608,150
12164,85
14748,78
5653,86
17615,29
18777,100
3802,24
24100,37
29100,79
19044,250
29467,51
27332,23
1496,20
25010,81
28011,36
25442,28
15122,85
8097,188
29206,46
2654,32
29247,61
6626,24
9026,59
17943,19
30029,88
32051,67
22659,2
31883,98
22912,34
5348,12
11898,70
640,74
4407,50
29054,40
14275,156
30003,46
15848,65
13847,96
3182,133
17029,53
5628,12
27958,89
24228,40
24547,66
3518,23
18245,114
5245,48
32166,42
1260,32
17771,9
3703,52
25357,14
14949,39
18014,2
4631,29
10488,36
22040,134
9313,48
12981,80
24209,25
29209,30
31396,64
13936,106
3575,41
29317,28
22565,35
17645,18
19488,5
5595,56
11634,61
4849,94
8121,13
29551,35
1602,75
31107,150
12088,67
30050,33
16592,99
28399,64
1248,28
1200,108
7488,20
10025,144
9319,10
24736,160
17399,300
31535,95
26531,330
6363,26
16622,86
6347,47
4930,28
25898,129
637,69
23630,11
55,40
28441,72
16700,94
16934,102
15971,57
8084,21
8249,75
16801,45
8784,127
27380,162
24379,118
1192,3
12155,80
17461,55
8933,139
3403,80
2220,29
16896,162
10694,44
19575,11
12243,1
12061,47
25940,10
22671,43
12230,43
10063,328
6135,90
24119,18
15030,24
29878,90
2697,60
10591,84
4060,6
26786,101
22763,32
28287,24
28254,31
2410,101
15553,54
11973,14
22500,12
5652,210
1115,8
32046,7
4786,7
12092,50
9240,158
33249,60
8798,110
17497,17
11245,15
9434,108
31155,44
125,22
1559,22
4011,21
13579,80
25793,52
21722,9
17043,59
17686,132
6037,45
12786,26
11289,34
33175,92
8741,19
9084,14
20329,42
10946,19
26404,144
31457,37
12086,49
11282,37
30181,45
14727,108
13289,103
24772,42
12095,24
5858,10
10307,11
6901,324
6158,40
3196,20
1479,45
32387,65
31488,64
29569,15
23131,53
22509,51
10212,33
28998,17
23409,60
24402,6
27134,69
23751,42
3219,59
15707,6
30655,6
31518,21
30189,25
23608,157
21663,22
18335,94
20765,13
14270,10
17643,9
33375,51
20489,64
32740,17
26229,4
23828,21
19052,25
22288,44
32942,9
1090,118
25881,37
30665,39
20204,160
5599,53
32848,97
28147,67
5918,84
27227,119
3941,144
17360,16
31135,26
15957,55
15059,10
4358,62
15029,66
3676,4
7367,34
17831,17
27345,116
29924,12
8700,7
21201,75
2847,41
19584,68
17881,18
18933,131
20099,22
13012,50
10468,47
28856,3
23404,12
3865,21
780,88
18594,51
7727,94
24510,72
1800,156
28621,21
22877,107
17822,68
24095,204
32706,23
5349,11
11794,25
27756,21
25289,80
24610,72
21463,57
24135,246
28434,23
11371,54
1204,140
3140,56
8435,7
9736,109
30228,30
4017,43
15154,10
10764,188
3630,22
713,122
7551,60
3334,104
23141,16
6380,22
27653,68
8323,56
27027,17
31044,192
8177,85
10789,102
979,28
26175,36
9758,19
15504,70
14124,52
26184,45
8108,77
21063,122
18084,102
24726,54
6844,4
25369,102
16390,43
8719,108
24865,14
25856,188
2651,190
982,34
8877,146
800,21
29191,51
8673,74
23598,63
12764,130
9158,13
2476,23
1087,163
28876,94
6038,24
16382,51
5128,25
30551,7
25019,55
13608,46
31055,50
17088,3
33105,26
4689,23
3785,84
8747,34
32626,51
27903,99
28895,236
31617,42
16764,19
32504,27
11208,127
27039,16
32228,54
2845,45
16548,15
15281,9
11454,155
31904,39
20944,26
9559,100
7698,102
6507,94
20372,21
9357,262
29953,34
9943,28
8706,6
13245,48
554,70
12619,78
11419,105
8362,13
26264,107
23330,27
8575,43
6949,56
12141,72
23900,12
13,78
15206,5
30476,73
30765,12
5635,17
3444,146
18123,136
20605,68
12527,178
29744,59
10913,150
31463,16
25684,70
5132,21
15236,118
25724,88
20589,53
12965,156
29037,62
22741,30
24132,143
30815,40
3318,166
22482,17
20752,26
26223,18
11523,144
12159,286
22110,80
9277,148
11870,42
29568,43
715,40
21814,23
20093,46
30239,84
22307,28
971,15
12049,126
25669,178
19037,34
4278,22
28246,30
17294,80
31779,36
14482,20
12837,6
9233,26
14372,52
1280,23
24421,13
23980,63
27029,7
2669,9
2299,182
21445,152
19849,20
25343,24
86,81
12392,2
2548,54
24672,214
21355,28
5574,5
11171,42
29208,224
21401,128
6690,52
4473,75
11879,56
32240,42
31499,34
32012,66
12848,83
20503,32
16825,64
11562,244
24141,25
5343,58
20801,70
29132,53
2593,5
24478,96
19223,45
23989,18
2467,130
15791,64
28839,52
30483,50
14955,164
5836,17
30218,156
29777,34
17220,270
21450,66
7216,86
17785,64
33275,12
26460,20
10416,146
32301,260
20968,40
157,42
33022,50
14422,17
22393,40
2044,155
22722,24
32666,54
25330,139
26084,330
22865,9
23209,72
11260,116
21467,220
1224,6
3051,21
30206,26
13240,32
23136,43
26765,104
20535,58
13974,40
19525,100
26364,32
24663,48
25145,157
3512,39
32031,34
14314,30
31938,170
18914,8
28058,15
3273,141
25419,52
8463,138
6126,111
21158,54
25347,46
11055,78
26030,21
15323,18
6915,38
27293,32
32299,23
4380,18
721,88
21903,92
29994,256
635,258
13219,161
13340,38
1511,102
28072,146
33087,106
27116,76
25359,12
30361,82
22637,26
15893,5
9467,60
24918,46
28960,17
5872,28
24849,116
7918,52
4319,222
1711,67
31936,80
15967,35
19455,41
18991,69
19537,64
30315,31
12982,82
30524,61
30346,75
32948,33
22023,61
993,58
11952,22
5175,138
24967,16
17622,136
5742,91
28711,248
32447,117
21600,47
7054,88
29966,56
17910,8
13941,200
2095,62
13978,73
12887,13
8166,47
31243,57
26217,33
25148,174
32476,326
10945,58
16044,47
10852,96
1079,13
31516,43
24397,86
12066,38
17208,34
33208,28
5418,4
24925,29
28358,40
25052,45
24543,24
10369,58
26247,127
15850,43
1732,67
9505,47
15616,12
26254,48
22162,3
25026,53
30064,35
9972,15
16122,46
11599,28
2025,31
23102,43
19925,60
17617,165
2197,97
12762,15
5035,33
7971,22
2693,17
27619,32
16265,80
24386,63
6310,25
22337,102
26059,69
2552,16
21258,35
7334,43
1971,52
25719,26
19307,24
25611,180
24033,20
3143,33
12090,108
17004,232
26556,62
15834,30
31743,74
32071,9
32140,82
16628,79
13727,36
27798,60
12901,40
29153,127
24330,6
30790,10
27229,262
29352,104
25818,28
22109,68
17032,12
11603,110
6443,238
11268,143
13889,48
20228,25
21768,22
13206,11
10196,46
26164,28
1240,33
1806,98
20464,87
5043,35
12529,96
7933,90
30556,20
2838,73
26948,19
24169,33
26496,2
21543,30
30491,27
11189,122
21233,55
7631,4
2160,60
11616,23
12543,29
32164,36
23512,33
26352,12
27533,20
7512,22
2284,12
24064,68
17489,47
7285,36
18848,160
30026,86
27804,4
16092,102
15471,204
3236,114
9540,46
8445,99
2719,178
30188,38
1073,194
14918,85
3467,64
8443,8
15891,18
26662,18
52,55
22064,80
20734,112
5669,80
9219,264
1243,49
27713,17
4437,73
31863,22
17456,35
24933,33
23982,17
21273,113
19062,224
5545,19
23950,12
33109,48
15825,91
20336,5
26869,192
9913,24
32978,10
29528,34
7057,47
9611,56
29876,44
24206,82
33362,100
26579,11
17488,26
13048,8
5950,15
16029,34
22009,46
22284,131
28651,156
25568,44
15594,176
11116,125
23954,51
30562,42
32131,51
32416,102
8703,5
27906,63
13261,14
32716,336
7306,50
23819,78
31042,46
11671,122
28201,24
119,50
16818,38
25632,61
9532,72
18760,24
14323,6
5044,20
33212,161
31851,122
4646,50
16806,106
29661,98
21079,17
12647,43
4929,16
25334,19
12661,112
18952,85
10771,9
19971,106
4739,51
16565,102
32120,13
11182,35
11810,72
1809,194
30204,52
24440,155
24413,46
30731,41
13308,25
2412,113
10004,45
19449,82
22721,298
5324,246
633,44
32878,26
4195,168
24785,33
29778,5
18770,13
29225,30
289,122
23015,166
13909,31
23888,232
17996,28
11313,25
21119,37
7283,2
5034,8
9814,47
11305,166
9070,131
23302,12
17469,10
13084,69
18823,24
20593,70
30436,12
32957,106
31993,35
15036,18
6517,113
15008,112
8299,9
3401,33
29053,31
21517,28
7299,17
19590,38
33237,60
29857,105
2403,9
14109,19
2479,33
32448,53
9905,266
27781,37
14812,41
18804,163
6508,18
3409,61
10931,77
20672,316
30744,87
11874,78
3720,90
8826,41
9923,106
32937,146
30134,17
13708,17
18086,4
24223,35
23712,96
3292,50
28306,113
1934,151
32818,40
32065,29
30469,92
23154,29
23487,42
17737,38
19629,16
15096,10
67,17
12894,52
5267,17
13093,148
32611,36
343,116
22084,13
19214,168
23398,45
27503,139
29444,10
18277,18
664,56
21101,42
20929,11
28882,25
10566,156
26717,24
23306,17
26991,15
10743,31
20366,24
25400,32
23058,75
6541,5
2243,58
29656,9
28364,65
18602,21
1956,102
25537,83
9730,20
21221,64
1911,36
12428,9
14858,7
10451,45
7291,23
888,117
8961,5
30938,80
31314,81
1944,23
25501,96
29458,64
4241,17
32998,100
27914,90
15528,74
31430,13
4574,72
8603,32
29514,96
10867,60
21252,22
9,2
23585,123
3940,180
28426,19
31486,182
18143,92
18583,24
26290,74
1119,88
16002,79
13676,55
27859,23
15262,18
21582,131
29141,98
13812,24
25490,25
2435,133
18326,25
32146,33
23320,82
27777,82
15669,2
26348,10
32176,45
16257,58
15667,262
25232,9
32684,20
19207,36
3461,45
17573,28
26299,23
25172,106
13018,4
13359,7
16609,4
31682,12
12073,20
14219,37
28966,292
4698,68
29801,80
10467,42
29160,23
18844,47
21882,8
21404,20
32093,152
11012,112
30566,28
4430,57
8638,24
16788,112
19574,68
16115,104
17863,94
17942,66
21207,56
19804,23
3080,90
18439,6
17564,63
14094,55
29548,98
1868,17
1646,7
12501,46
33082,52
22159,51
20406,232
4638,32
33084,90
22267,24
27486,10
445,26
30337,151
21311,6
10964,29
28510,30
21481,164
9235,42
11975,41
1871,79
22483,92
18031,35
28811,134
26049,176
7523,89
30321,16
10780,74
6885,39
24855,4
15314,13
27500,55
7936,124
21405,8
22432,55
7781,12
20524,21
24615,16
20455,68
31515,110
10315,82
22588,39
24086,50
6725,36
20820,8
23250,35
7935,41
13568,17
1477,34
9019,87
19257,38
738,66
30620,47
25836,42
16506,10
9520,188
19010,170
5668,78
6516,6
2473,138
2388,4
24139,155
11535,38
27407,45
30612,200
3430,43
8236,14
21060,7
29272,12
2301,28
14054,60
31081,122
22286,34
19853,102
20537,53
23893,11
8680,17
28168,27
7366,17
19079,162
32362,32
4992,83
7756,4
28425,48
21942,40
24185,69
8051,130
19665,62
16433,3
31306,40
24168,50
14724,86
29365,242
12847,16
21118,53
8629,100
3664,47
27637,28
1878,142
1169,58
21862,138
20500,28
15734,22
4336,42
14479,78
19474,50
15954,282
3655,84
18725,156
32769,19
18365,108
6616,31
29608,51
23813,36
24992,73
23460,4
27217,38
229,9
32169,6
28618,28
12534,48
31453,13
15625,102
12414,25
32454,105
16783,92
23314,39
14811,32
17516,65
2179,32
5480,31
5432,25
6712,40
5939,24
18504,28
24871,44
1339,16
14590,56
20051,83
25065,192
18994,107
30820,34
2012,34
6124,16
30830,37
11753,101
20501,44
15779,92
3627,44
21456,270
6708,172
15179,34
14138,149
5894,64
18479,4
29313,134
33195,14
1775,96
30392,148
17279,98
14457,132
28873,143
1750,45
25095,152
10379,14
28077,6
24123,17
23694,92
7074,16
14469,34
8157,103
11531,97
17223,45
10381,13
27340,4
31805,34
27913,47
1258,34
13502,35
3899,19
16045,23
26721,25
13421,63
32382,170
4092,264
1730,48
6747,28
24029,114
1566,3
32047,42
3483,11
16974,112
26399,76
17805,24
29051,22
25005,105
26815,3
4577,39
9380,27
3061,8
23367,149
15239,14
15207,64
20553,52
7101,40
211,4
32514,29
31705,184
13921,6
7704,108
1931,28
6563,87
351,94
3662,206
25236,30
2208,320
19144,80
16789,106
8597,153
6230,254
28289,23
20521,98
26637,65
10827,90
25096,70
32400,21
7764,108
11266,102
20926,156
720,52
13804,9
18774,82
8555,60
8832,14
11038,37
20692,34
14738,56
21261,24
16740,33
18637,46
7468,75
17729,85
22825,40
23972,178
1177,7
21711,39
10336,112
4420,64
28803,59
10045,67
4044,32
30314,6
2646,18
16416,332
2678,27
19078,12
26999,55
30261,67
17108,34
10274,74
31320,25
20603,4
19122,150
25215,58
30327,80
3836,6
14988,21
32072,292
31115,152
30376,44
25409,34
27960,31
19799,26
15235,60
25199,20
26499,50
13454,116
14702,4
19493,46
15265,6
5694,37
27000,256
3876,10
30212,34
16685,98
27204,33
31482,9
21567,43
14257,21
3604,95
11178,88
6572,25
21112,17
22184,81
22528,67
33253,12
30066,54
30117,32
24443,107
7304,127
30614,20
497,100
6401,124
31421,18
14842,6
30902,12
23842,18
13225,41
21914,89
2242,254
13085,81
3079,5
23590,88
28386,46
8924,98
18283,54
6801,23
18351,114
6877,220
32397,16
10152,62
23917,48
12862,56
17245,6
6994,47
20469,28
1981,153
33043,111
21006,84
26349,13
19069,21
26317,98
28660,84
21546,146
11226,83
17077,106
30738,128
17388,106
4896,56
11482,28
30164,77
6374,87
24882,10
29181,194
19470,39
27394,51
20685,4
6394,30
23543,15
30949,96
6023,250
1769,172
29449,19
17966,20
14441,105
33060,14
6625,61
10182,60
21106,20
12700,143
29577,168
15374,180
31734,28
11988,16
16471,31
27422,32
26961,44
14225,56
15607,92
8378,19
14635,126
215,45
7305,16
28729,94
12193,77
3695,26
17023,6
14903,61
4260,60
29787,64
26153,8
17005,50
29398,166
30251,43
22963,162
27194,49
16405,28
16094,17
7435,54
24852,54
18523,16
15915,170
22375,266
27838,66
6808,42
3022,107
31832,184
6020,44
25566,18
11669,27
2223,45
16684,77
3966,114
18039,7
3825,68
15806,62
6606,144
25447,57
4390,139
3230,135
16368,304
6803,89
25824,17
32932,18
17873,26
10791,10
18131,8
15133,322
15038,34
21334,89
1281,18
1229,16
2225,55
11622,53
12539,160
6953,54
23428,36
3458,214
12211,316
935,42
7887,14
1940,4
27018,78
8441,12
18750,119
20996,31
15889,150
549,10
3365,23
9651,30
20668,25
18072,48
15549,67
25191,36
28798,13
20520,136
23672,5
22620,80
19765,17
5603,13
11398,15
7782,12
13750,26
33047,18
17191,48
155,190
13167,51
21319,52
9212,40
251,36
32313,23
11385,60
29754,25
7386,42
31398,52
24576,44
5756,97
23834,127
