enrollee_id,relevent_experience,experience,company_size,company_type,last_new_job
8949,Has relevent experience,>20,,,1
29725,No relevent experience,15,50-99,Pvt Ltd,>4
11561,No relevent experience,5,,,never
33241,No relevent experience,<1,,Pvt Ltd,never
666,Has relevent experience,>20,50-99,Funded Startup,4
21651,Has relevent experience,11,,,1
28806,Has relevent experience,5,50-99,Funded Startup,1
402,Has relevent experience,13,<10,Pvt Ltd,>4
27107,Has relevent experience,7,50-99,Pvt Ltd,1
699,Has relevent experience,17,10000+,Pvt Ltd,>4
29452,No relevent experience,2,,,never
23853,Has relevent experience,5,5000-9999,Pvt Ltd,1
25619,Has relevent experience,>20,1000-4999,Pvt Ltd,3
5826,No relevent experience,2,,,never
8722,No relevent experience,5,,,never
6588,Has relevent experience,16,10/49,Pvt Ltd,>4
4167,Has relevent experience,1,50-99,Pvt Ltd,never
5764,Has relevent experience,2,5000-9999,Pvt Ltd,2
2156,Has relevent experience,7,10000+,Pvt Ltd,never
11399,Has relevent experience,4,,,1
31972,Has relevent experience,11,100-500,Pvt Ltd,1
19061,Has relevent experience,11,100-500,Pvt Ltd,2
6491,Has relevent experience,10,,,1
7041,Has relevent experience,<1,1000-4999,Pvt Ltd,1
22767,Has relevent experience,5,1000-4999,Pvt Ltd,1
14505,No relevent experience,4,,,never
17139,Has relevent experience,14,500-999,Pvt Ltd,1
28476,Has relevent experience,5,,,2
21538,Has relevent experience,11,<10,Pvt Ltd,1
10408,Has relevent experience,18,50-99,Funded Startup,2
14928,Has relevent experience,>20,100-500,Pvt Ltd,3
22293,Has relevent experience,19,5000-9999,Pvt Ltd,>4
4324,No relevent experience,5,,,1
26966,Has relevent experience,>20,100-500,Pvt Ltd,>4
26494,Has relevent experience,12,5000-9999,Pvt Ltd,3
4866,Has relevent experience,10,10/49,Early Stage Startup,2
12726,No relevent experience,1,10000+,Other,1
10164,Has relevent experience,>20,100-500,Pvt Ltd,4
8612,No relevent experience,12,,,4
24659,No relevent experience,3,,,never
2547,Has relevent experience,16,1000-4999,Public Sector,2
13854,Has relevent experience,4,10/49,Pvt Ltd,2
31654,Has relevent experience,6,50-99,Early Stage Startup,1
13643,No relevent experience,9,50-99,Pvt Ltd,never
5590,Has relevent experience,9,5000-9999,Pvt Ltd,3
22452,No relevent experience,5,,,never
9006,Has relevent experience,5,100-500,Pvt Ltd,never
25987,Has relevent experience,19,10000+,Public Sector,4
4476,Has relevent experience,15,,,>4
25103,Has relevent experience,11,10/49,Pvt Ltd,1
5568,No relevent experience,4,,,1
2195,Has relevent experience,10,100-500,Pvt Ltd,2
30533,No relevent experience,5,10000+,Pvt Ltd,>4
28512,Has relevent experience,3,<10,Early Stage Startup,2
1023,No relevent experience,4,10000+,Pvt Ltd,1
12253,Has relevent experience,>20,100-500,Pvt Ltd,1
25296,Has relevent experience,2,50-99,Early Stage Startup,2
13238,Has relevent experience,>20,,,2
13478,Has relevent experience,2,10/49,Funded Startup,
18578,Has relevent experience,>20,100-500,Pvt Ltd,>4
29975,Has relevent experience,6,,,1
26516,Has relevent experience,6,100-500,Pvt Ltd,3
24690,Has relevent experience,13,<10,,1
8433,Has relevent experience,>20,100-500,Pvt Ltd,>4
9572,No relevent experience,3,,,
5878,Has relevent experience,10,50-99,Pvt Ltd,2
25695,No relevent experience,4,10000+,Pvt Ltd,4
9645,Has relevent experience,15,,,>4
12730,Has relevent experience,14,500-999,Public Sector,1
4830,No relevent experience,2,,Pvt Ltd,never
20970,Has relevent experience,>20,,,4
17271,No relevent experience,<1,,,never
12731,Has relevent experience,2,10/49,Pvt Ltd,1
10908,Has relevent experience,5,100-500,,1
29117,No relevent experience,<1,,,never
3686,Has relevent experience,5,100-500,Pvt Ltd,2
22683,Has relevent experience,5,50-99,Pvt Ltd,2
22134,No relevent experience,3,100-500,Pvt Ltd,1
31765,No relevent experience,9,10000+,Pvt Ltd,3
31449,Has relevent experience,2,<10,Early Stage Startup,1
5987,Has relevent experience,15,50-99,Pvt Ltd,>4
21762,Has relevent experience,>20,50-99,Pvt Ltd,2
22070,No relevent experience,>20,,,1
25413,Has relevent experience,5,10/49,,1
5902,Has relevent experience,4,50-99,Funded Startup,1
28403,Has relevent experience,15,10/49,Early Stage Startup,1
30937,No relevent experience,<1,10/49,Pvt Ltd,2
28751,No relevent experience,4,,,3
29290,No relevent experience,11,,Public Sector,2
32401,Has relevent experience,6,100-500,,1
19128,No relevent experience,4,,,
29036,No relevent experience,3,,,never
16869,No relevent experience,3,100-500,Pvt Ltd,1
10497,Has relevent experience,5,10/49,Pvt Ltd,2
18099,Has relevent experience,10,100-500,NGO,1
12081,Has relevent experience,9,50-99,Pvt Ltd,1
7364,No relevent experience,2,100-500,Pvt Ltd,1
11184,No relevent experience,2,100-500,Pvt Ltd,1
7016,Has relevent experience,6,50-99,Pvt Ltd,2
8695,Has relevent experience,6,10/49,Pvt Ltd,2
6172,Has relevent experience,8,100-500,Pvt Ltd,1
14672,No relevent experience,>20,,,1
18257,Has relevent experience,11,500-999,NGO,>4
24493,Has relevent experience,5,500-999,,1
1180,Has relevent experience,12,5000-9999,Pvt Ltd,1
28627,Has relevent experience,>20,50-99,Pvt Ltd,2
8168,Has relevent experience,9,5000-9999,Pvt Ltd,2
10473,Has relevent experience,2,<10,Pvt Ltd,2
25349,Has relevent experience,>20,1000-4999,Pvt Ltd,>4
5220,Has relevent experience,>20,,,4
4789,Has relevent experience,8,50-99,Pvt Ltd,1
11338,Has relevent experience,10,<10,Pvt Ltd,1
27963,No relevent experience,4,,,1
8571,Has relevent experience,2,10/49,NGO,2
16303,Has relevent experience,6,50-99,,1
20576,Has relevent experience,>20,1000-4999,Pvt Ltd,>4
32966,Has relevent experience,3,100-500,Pvt Ltd,2
21199,Has relevent experience,7,<10,NGO,1
18819,Has relevent experience,9,<10,Pvt Ltd,4
14199,Has relevent experience,10,50-99,Funded Startup,1
7666,Has relevent experience,11,50-99,Pvt Ltd,>4
13915,Has relevent experience,>20,100-500,Pvt Ltd,2
10555,Has relevent experience,12,100-500,Pvt Ltd,2
16040,Has relevent experience,6,100-500,Pvt Ltd,1
32826,Has relevent experience,7,,,1
13253,Has relevent experience,11,10/49,Pvt Ltd,2
15637,Has relevent experience,3,100-500,Pvt Ltd,1
28074,Has relevent experience,>20,100-500,NGO,>4
23012,No relevent experience,15,50-99,Pvt Ltd,1
16110,Has relevent experience,6,50-99,Pvt Ltd,3
3921,No relevent experience,>20,1000-4999,Public Sector,>4
24530,No relevent experience,12,100-500,Pvt Ltd,>4
1924,Has relevent experience,>20,100-500,Pvt Ltd,3
32776,Has relevent experience,20,,,4
1907,No relevent experience,2,<10,NGO,never
23947,No relevent experience,,,,
3116,No relevent experience,3,,,1
24829,No relevent experience,3,10000+,Pvt Ltd,1
30488,No relevent experience,2,,,1
1265,Has relevent experience,10,<10,Funded Startup,1
22098,No relevent experience,5,,,4
13342,Has relevent experience,8,5000-9999,Pvt Ltd,2
24608,No relevent experience,9,<10,Pvt Ltd,2
20081,No relevent experience,>20,,,>4
24796,Has relevent experience,>20,5000-9999,Pvt Ltd,>4
7777,Has relevent experience,>20,,,never
22718,Has relevent experience,14,10000+,,>4
1261,Has relevent experience,12,,,2
3396,Has relevent experience,6,500-999,Pvt Ltd,never
4283,No relevent experience,4,,,never
18998,Has relevent experience,9,10/49,,4
2003,Has relevent experience,4,,,1
31786,No relevent experience,>20,50-99,Pvt Ltd,>4
8241,Has relevent experience,11,,,1
12154,Has relevent experience,>20,1000-4999,NGO,>4
23455,Has relevent experience,6,10000+,Pvt Ltd,4
19882,Has relevent experience,15,,,>4
28817,Has relevent experience,14,5000-9999,Pvt Ltd,3
4656,No relevent experience,6,,Pvt Ltd,never
7280,Has relevent experience,13,10000+,Pvt Ltd,1
16903,Has relevent experience,17,5000-9999,Pvt Ltd,1
13333,Has relevent experience,>20,,,never
26241,Has relevent experience,>20,100-500,Pvt Ltd,2
12381,No relevent experience,6,10000+,Pvt Ltd,>4
4064,Has relevent experience,18,,,1
32092,Has relevent experience,15,10000+,Pvt Ltd,>4
3766,No relevent experience,>20,500-999,Pvt Ltd,>4
30496,Has relevent experience,>20,100-500,Pvt Ltd,>4
7189,Has relevent experience,>20,<10,Pvt Ltd,1
29497,Has relevent experience,>20,10000+,Public Sector,>4
31593,Has relevent experience,10,100-500,Pvt Ltd,4
12384,Has relevent experience,>20,,,>4
11986,Has relevent experience,5,<10,Early Stage Startup,1
31033,No relevent experience,3,,,1
14835,Has relevent experience,2,100-500,NGO,1
3728,Has relevent experience,>20,5000-9999,Pvt Ltd,4
3024,Has relevent experience,>20,<10,Public Sector,1
23508,Has relevent experience,9,10/49,Pvt Ltd,1
29457,Has relevent experience,>20,<10,Funded Startup,1
12297,Has relevent experience,4,10/49,Funded Startup,1
27708,No relevent experience,5,5000-9999,,
3065,Has relevent experience,>20,100-500,Funded Startup,1
29226,No relevent experience,6,,,never
5493,Has relevent experience,>20,10/49,Pvt Ltd,>4
2891,Has relevent experience,>20,50-99,Pvt Ltd,never
32509,Has relevent experience,4,10000+,Pvt Ltd,1
31841,Has relevent experience,10,10/49,Pvt Ltd,>4
907,Has relevent experience,>20,50-99,Pvt Ltd,>4
29526,Has relevent experience,14,10/49,Pvt Ltd,>4
10956,Has relevent experience,15,50-99,Early Stage Startup,1
26099,Has relevent experience,12,10000+,Pvt Ltd,1
26163,No relevent experience,2,,,never
4120,No relevent experience,13,,,3
7335,No relevent experience,1,,,1
706,Has relevent experience,4,100-500,Funded Startup,never
9890,Has relevent experience,14,<10,Early Stage Startup,2
32683,Has relevent experience,15,50-99,Pvt Ltd,1
27104,Has relevent experience,>20,,,never
7731,Has relevent experience,13,,,never
31943,Has relevent experience,>20,100-500,Early Stage Startup,2
22899,Has relevent experience,9,100-500,Pvt Ltd,1
33339,No relevent experience,2,500-999,Public Sector,1
20866,Has relevent experience,7,10/49,Pvt Ltd,1
21634,Has relevent experience,5,10000+,Pvt Ltd,1
29529,Has relevent experience,3,100-500,Pvt Ltd,1
4478,Has relevent experience,5,50-99,Pvt Ltd,
32095,Has relevent experience,2,50-99,Early Stage Startup,1
18272,Has relevent experience,>20,,,>4
30098,Has relevent experience,>20,100-500,Pvt Ltd,>4
23825,No relevent experience,2,,,never
7672,Has relevent experience,<1,10/49,Pvt Ltd,1
5633,Has relevent experience,4,100-500,Pvt Ltd,1
30695,No relevent experience,3,,Pvt Ltd,never
5573,No relevent experience,4,,Pvt Ltd,never
24936,Has relevent experience,3,50-99,Funded Startup,1
397,Has relevent experience,5,1000-4999,Pvt Ltd,4
31602,Has relevent experience,>20,10000+,Pvt Ltd,1
5278,No relevent experience,3,,Pvt Ltd,never
16814,Has relevent experience,>20,10000+,Pvt Ltd,>4
19249,Has relevent experience,6,50-99,Pvt Ltd,1
9475,Has relevent experience,9,1000-4999,Pvt Ltd,>4
4865,No relevent experience,>20,50-99,,>4
20881,Has relevent experience,10,1000-4999,Pvt Ltd,1
21563,Has relevent experience,3,50-99,Pvt Ltd,1
25114,No relevent experience,6,10/49,Pvt Ltd,1
26002,No relevent experience,2,,,never
8528,Has relevent experience,>20,50-99,Public Sector,>4
6141,Has relevent experience,2,100-500,Pvt Ltd,2
27667,No relevent experience,5,,,never
2821,Has relevent experience,15,100-500,Pvt Ltd,2
21216,No relevent experience,5,,,1
25495,Has relevent experience,9,100-500,Funded Startup,>4
20791,No relevent experience,2,,,2
28015,Has relevent experience,13,500-999,Pvt Ltd,2
10685,Has relevent experience,9,,,>4
405,Has relevent experience,19,100-500,Pvt Ltd,4
13891,No relevent experience,3,1000-4999,Public Sector,1
33050,Has relevent experience,17,10000+,Pvt Ltd,2
399,Has relevent experience,>20,50-99,Pvt Ltd,1
8202,Has relevent experience,7,50-99,Pvt Ltd,>4
8751,Has relevent experience,6,100-500,Public Sector,1
20744,No relevent experience,3,10000+,Pvt Ltd,1
25380,Has relevent experience,13,100-500,,>4
24617,Has relevent experience,9,,,1
12509,No relevent experience,>20,50-99,Pvt Ltd,>4
25473,No relevent experience,8,,,never
13083,Has relevent experience,10,50-99,Pvt Ltd,>4
12454,Has relevent experience,4,50-99,NGO,2
3500,No relevent experience,6,50-99,Funded Startup,1
15922,Has relevent experience,9,50-99,Pvt Ltd,3
6685,Has relevent experience,15,,,>4
28838,Has relevent experience,>20,1000-4999,NGO,>4
24082,Has relevent experience,6,10/49,Pvt Ltd,1
24846,No relevent experience,7,,,never
1020,Has relevent experience,3,500-999,Pvt Ltd,1
6189,No relevent experience,2,50-99,Pvt Ltd,1
16994,Has relevent experience,3,10/49,Pvt Ltd,1
13135,Has relevent experience,14,,,1
14578,Has relevent experience,9,10/49,Pvt Ltd,1
20732,No relevent experience,>20,50-99,Pvt Ltd,>4
16496,No relevent experience,<1,,,1
16537,Has relevent experience,15,10000+,,>4
17358,Has relevent experience,11,10/49,Early Stage Startup,1
21933,Has relevent experience,12,50-99,Pvt Ltd,1
7342,Has relevent experience,11,,,3
5630,No relevent experience,2,,,never
24152,No relevent experience,3,10000+,Pvt Ltd,never
17762,No relevent experience,5,,,1
4310,Has relevent experience,14,1000-4999,Pvt Ltd,3
5142,No relevent experience,5,,,never
22319,No relevent experience,<1,,,1
30912,No relevent experience,1,,Pvt Ltd,never
20976,Has relevent experience,5,1000-4999,Public Sector,2
13150,Has relevent experience,>20,100-500,Pvt Ltd,2
12206,No relevent experience,10,100-500,Pvt Ltd,>4
9407,Has relevent experience,7,50-99,Pvt Ltd,>4
13152,Has relevent experience,13,50-99,Funded Startup,1
1069,Has relevent experience,5,10000+,Pvt Ltd,2
25418,Has relevent experience,6,,,1
22689,Has relevent experience,4,50-99,Funded Startup,4
5104,Has relevent experience,7,,,1
13994,Has relevent experience,>20,50-99,Pvt Ltd,never
27064,Has relevent experience,5,100-500,Funded Startup,2
14598,No relevent experience,9,5000-9999,Pvt Ltd,1
9571,No relevent experience,10,10/49,Early Stage Startup,1
30854,Has relevent experience,9,<10,Early Stage Startup,1
25290,Has relevent experience,<1,100-500,Pvt Ltd,1
29640,Has relevent experience,8,,,1
17519,Has relevent experience,10,10/49,Pvt Ltd,2
12111,Has relevent experience,15,,,2
6085,No relevent experience,2,,,1
27277,No relevent experience,2,1000-4999,Pvt Ltd,1
31692,Has relevent experience,>20,10000+,Pvt Ltd,1
6052,Has relevent experience,>20,<10,Pvt Ltd,>4
18161,No relevent experience,4,,,1
12934,Has relevent experience,19,500-999,Pvt Ltd,2
30400,Has relevent experience,5,10000+,Pvt Ltd,1
26419,Has relevent experience,6,1000-4999,Pvt Ltd,2
4188,Has relevent experience,20,100-500,Pvt Ltd,>4
12117,Has relevent experience,4,10/49,Pvt Ltd,1
28847,Has relevent experience,7,,,never
30472,No relevent experience,4,1000-4999,Pvt Ltd,1
32534,Has relevent experience,9,5000-9999,Pvt Ltd,1
22395,Has relevent experience,3,,Public Sector,1
4876,Has relevent experience,10,,,1
25182,No relevent experience,2,100-500,Pvt Ltd,never
26135,No relevent experience,3,,,1
7517,No relevent experience,4,,,1
2793,Has relevent experience,>20,10/49,Pvt Ltd,>4
25174,Has relevent experience,2,50-99,Pvt Ltd,1
5593,Has relevent experience,>20,,,1
14003,Has relevent experience,2,,,1
33057,Has relevent experience,>20,,,>4
30484,Has relevent experience,>20,50-99,Pvt Ltd,>4
14688,No relevent experience,11,50-99,Pvt Ltd,>4
25459,No relevent experience,3,,,never
23657,No relevent experience,4,,,never
20322,Has relevent experience,>20,100-500,Pvt Ltd,>4
22194,Has relevent experience,2,10/49,Funded Startup,1
31401,Has relevent experience,18,10000+,Pvt Ltd,2
14914,Has relevent experience,16,100-500,Pvt Ltd,4
20376,Has relevent experience,>20,,,>4
27530,Has relevent experience,18,500-999,Pvt Ltd,>4
24701,Has relevent experience,15,10000+,Pvt Ltd,>4
6790,Has relevent experience,15,,,1
10102,Has relevent experience,20,10000+,Pvt Ltd,never
10338,Has relevent experience,11,,,1
15701,Has relevent experience,10,<10,Pvt Ltd,1
21218,Has relevent experience,3,10000+,Pvt Ltd,2
1586,Has relevent experience,6,,,1
9189,Has relevent experience,6,50-99,,1
13788,No relevent experience,3,,,never
10752,Has relevent experience,9,100-500,Pvt Ltd,2
28406,Has relevent experience,14,,Pvt Ltd,1
26320,Has relevent experience,9,,,4
17460,Has relevent experience,7,10000+,Pvt Ltd,1
18657,No relevent experience,3,,,never
9384,Has relevent experience,>20,500-999,Pvt Ltd,>4
4269,Has relevent experience,14,50-99,Pvt Ltd,2
14935,Has relevent experience,11,500-999,Pvt Ltd,1
28033,No relevent experience,3,50-99,Early Stage Startup,1
1568,Has relevent experience,15,50-99,Pvt Ltd,4
15465,Has relevent experience,2,50-99,Public Sector,1
26233,Has relevent experience,2,10000+,Pvt Ltd,1
24729,Has relevent experience,9,10/49,Pvt Ltd,1
29440,Has relevent experience,4,<10,,2
32652,Has relevent experience,5,100-500,Pvt Ltd,4
28556,No relevent experience,2,,,2
12875,No relevent experience,3,,NGO,2
21078,Has relevent experience,9,50-99,Pvt Ltd,1
30331,Has relevent experience,14,5000-9999,Pvt Ltd,>4
5899,No relevent experience,3,,Pvt Ltd,never
22787,Has relevent experience,>20,,,1
27435,Has relevent experience,15,,,4
2855,No relevent experience,5,10000+,Pvt Ltd,never
18385,Has relevent experience,9,50-99,Pvt Ltd,1
27866,Has relevent experience,>20,50-99,Funded Startup,1
7328,Has relevent experience,20,,,>4
24807,Has relevent experience,6,50-99,Pvt Ltd,1
27113,Has relevent experience,11,,,>4
6008,Has relevent experience,>20,100-500,Pvt Ltd,>4
760,Has relevent experience,16,,,2
2990,Has relevent experience,>20,1000-4999,Pvt Ltd,3
28229,Has relevent experience,18,100-500,Funded Startup,>4
4162,Has relevent experience,9,5000-9999,Pvt Ltd,2
27326,Has relevent experience,7,,,1
604,No relevent experience,3,,,never
2194,Has relevent experience,5,10/49,Funded Startup,1
21564,Has relevent experience,9,50-99,Pvt Ltd,2
17432,Has relevent experience,13,50-99,Pvt Ltd,>4
13952,Has relevent experience,>20,,,>4
1988,Has relevent experience,>20,100-500,Pvt Ltd,>4
23691,No relevent experience,4,,,never
10481,No relevent experience,<1,,,never
8540,Has relevent experience,>20,1000-4999,Public Sector,>4
8806,No relevent experience,<1,,,never
15468,Has relevent experience,15,100-500,Pvt Ltd,2
32747,Has relevent experience,14,50-99,Pvt Ltd,1
1297,Has relevent experience,7,5000-9999,Pvt Ltd,4
4075,No relevent experience,4,,,1
12772,Has relevent experience,14,,,>4
22517,No relevent experience,3,1000-4999,Public Sector,1
26388,No relevent experience,5,,,4
30676,Has relevent experience,>20,100-500,Pvt Ltd,>4
18376,Has relevent experience,17,50-99,,1
10970,Has relevent experience,18,,,>4
29961,Has relevent experience,>20,50-99,Pvt Ltd,2
5136,Has relevent experience,>20,,,1
20369,Has relevent experience,7,10000+,,1
23505,Has relevent experience,17,100-500,Pvt Ltd,>4
11751,No relevent experience,6,<10,Pvt Ltd,never
12038,Has relevent experience,,,,
28590,Has relevent experience,6,50-99,Funded Startup,1
32699,Has relevent experience,18,10000+,Pvt Ltd,1
10370,Has relevent experience,16,5000-9999,NGO,2
4095,Has relevent experience,>20,100-500,Pvt Ltd,1
5340,Has relevent experience,>20,10000+,Pvt Ltd,never
9217,Has relevent experience,1,<10,Early Stage Startup,1
15294,No relevent experience,4,,,never
23901,No relevent experience,3,,,never
5673,No relevent experience,9,50-99,Pvt Ltd,3
25421,Has relevent experience,16,50-99,Funded Startup,1
20698,Has relevent experience,>20,500-999,NGO,1
41,Has relevent experience,>20,100-500,Pvt Ltd,1
23636,No relevent experience,12,,,4
9387,Has relevent experience,6,<10,Funded Startup,2
21466,Has relevent experience,8,,,1
9515,No relevent experience,2,1000-4999,Public Sector,1
20743,Has relevent experience,15,10000+,Pvt Ltd,>4
25766,No relevent experience,14,100-500,Public Sector,3
4626,No relevent experience,2,,Pvt Ltd,never
4642,Has relevent experience,9,<10,NGO,1
16178,Has relevent experience,>20,100-500,Pvt Ltd,1
1829,Has relevent experience,8,10/49,Pvt Ltd,1
2377,No relevent experience,7,500-999,NGO,never
8287,No relevent experience,1,,,1
10529,Has relevent experience,>20,<10,Pvt Ltd,1
30608,No relevent experience,4,,,1
27546,No relevent experience,1,,,never
32324,No relevent experience,>20,50-99,Pvt Ltd,>4
8442,Has relevent experience,5,,,1
8151,Has relevent experience,8,10/49,Pvt Ltd,1
15796,Has relevent experience,3,,,2
9420,Has relevent experience,>20,500-999,,never
17083,Has relevent experience,4,5000-9999,Pvt Ltd,1
16414,Has relevent experience,16,10/49,Pvt Ltd,1
32340,Has relevent experience,10,10/49,Funded Startup,1
18462,No relevent experience,8,10/49,Pvt Ltd,1
7996,Has relevent experience,9,100-500,Public Sector,2
30636,No relevent experience,1,50-99,,1
29982,Has relevent experience,6,50-99,Pvt Ltd,1
29217,Has relevent experience,>20,5000-9999,Pvt Ltd,>4
18454,No relevent experience,1,,,1
22508,No relevent experience,5,100-500,Pvt Ltd,1
25969,Has relevent experience,>20,10000+,Pvt Ltd,>4
28080,Has relevent experience,5,10/49,Early Stage Startup,1
21134,No relevent experience,4,,,2
30925,No relevent experience,2,,,1
29000,Has relevent experience,4,100-500,Pvt Ltd,2
26925,Has relevent experience,15,5000-9999,,never
7696,Has relevent experience,9,50-99,Funded Startup,1
25525,No relevent experience,4,10000+,Pvt Ltd,1
21989,Has relevent experience,19,100-500,Pvt Ltd,4
10984,Has relevent experience,2,10000+,NGO,1
26543,Has relevent experience,10,50-99,Public Sector,1
32043,Has relevent experience,10,50-99,Pvt Ltd,2
15343,Has relevent experience,>20,50-99,Public Sector,3
30967,No relevent experience,10,,,1
30191,Has relevent experience,9,,,1
13537,Has relevent experience,14,,,>4
23185,Has relevent experience,>20,10/49,Pvt Ltd,>4
1434,Has relevent experience,7,10000+,Pvt Ltd,1
9600,Has relevent experience,9,10000+,Public Sector,>4
25963,Has relevent experience,4,50-99,,1
5141,Has relevent experience,8,50-99,Pvt Ltd,>4
657,Has relevent experience,8,10/49,Funded Startup,1
29991,Has relevent experience,9,1000-4999,Pvt Ltd,1
18759,Has relevent experience,6,10000+,Pvt Ltd,1
23081,No relevent experience,5,,,
5731,Has relevent experience,7,50-99,,>4
20135,Has relevent experience,>20,500-999,Pvt Ltd,>4
18620,Has relevent experience,14,1000-4999,Pvt Ltd,never
24226,Has relevent experience,<1,50-99,Pvt Ltd,1
10092,Has relevent experience,4,100-500,Public Sector,never
1950,Has relevent experience,6,50-99,Pvt Ltd,1
7909,No relevent experience,2,,,never
11966,Has relevent experience,2,100-500,Pvt Ltd,1
10017,Has relevent experience,>20,1000-4999,Pvt Ltd,>4
28391,Has relevent experience,8,50-99,Pvt Ltd,1
361,Has relevent experience,9,,Pvt Ltd,1
20797,Has relevent experience,15,10000+,Pvt Ltd,1
25041,Has relevent experience,7,100-500,Pvt Ltd,1
18476,Has relevent experience,2,10000+,Pvt Ltd,2
26668,No relevent experience,6,10000+,,1
18586,Has relevent experience,2,10000+,Pvt Ltd,2
17783,Has relevent experience,<1,10000+,Pvt Ltd,2
13256,Has relevent experience,4,,,2
6283,Has relevent experience,10,50-99,Pvt Ltd,>4
2586,Has relevent experience,9,50-99,Pvt Ltd,1
15279,No relevent experience,1,,,never
28468,Has relevent experience,>20,10000+,Pvt Ltd,>4
17941,No relevent experience,<1,10000+,Pvt Ltd,1
23384,Has relevent experience,8,10/49,Pvt Ltd,1
4978,Has relevent experience,14,10000+,Pvt Ltd,2
28641,Has relevent experience,>20,1000-4999,Pvt Ltd,>4
28915,No relevent experience,6,,Public Sector,1
33367,Has relevent experience,>20,,,>4
14999,Has relevent experience,>20,50-99,Pvt Ltd,2
3999,Has relevent experience,>20,100-500,Public Sector,>4
9860,Has relevent experience,17,10/49,Pvt Ltd,3
31153,No relevent experience,8,,,never
26616,Has relevent experience,>20,,,2
24366,Has relevent experience,6,10000+,Pvt Ltd,4
19986,No relevent experience,4,10000+,Public Sector,1
17786,Has relevent experience,6,50-99,,1
1396,Has relevent experience,>20,10000+,Pvt Ltd,3
22954,Has relevent experience,9,100-500,Pvt Ltd,>4
14775,No relevent experience,12,,,1
1563,Has relevent experience,12,100-500,Pvt Ltd,3
29612,Has relevent experience,5,10/49,Pvt Ltd,1
23856,Has relevent experience,9,500-999,Pvt Ltd,2
30441,Has relevent experience,19,100-500,Pvt Ltd,>4
22742,Has relevent experience,9,<10,Early Stage Startup,1
30265,Has relevent experience,10,,,2
11545,Has relevent experience,7,<10,Pvt Ltd,1
2404,Has relevent experience,4,50-99,Pvt Ltd,never
7243,Has relevent experience,>20,50-99,Pvt Ltd,never
19555,Has relevent experience,8,5000-9999,Pvt Ltd,2
20486,No relevent experience,>20,,,2
17400,No relevent experience,2,,,never
22005,Has relevent experience,3,50-99,Pvt Ltd,>4
10612,Has relevent experience,8,,,1
23365,No relevent experience,<1,<10,Early Stage Startup,1
13288,Has relevent experience,3,,,1
23430,Has relevent experience,11,100-500,Pvt Ltd,>4
30404,Has relevent experience,>20,50-99,Pvt Ltd,>4
8930,Has relevent experience,9,10000+,Pvt Ltd,>4
3920,Has relevent experience,18,10000+,Pvt Ltd,4
29841,No relevent experience,<1,,,never
16289,Has relevent experience,3,50-99,,1
19889,Has relevent experience,7,10000+,Pvt Ltd,2
11780,Has relevent experience,>20,50-99,Pvt Ltd,1
8489,Has relevent experience,15,100-500,Pvt Ltd,>4
32581,No relevent experience,4,,,1
22420,Has relevent experience,9,10000+,Pvt Ltd,2
28415,Has relevent experience,14,,,1
32260,Has relevent experience,2,,,1
21603,Has relevent experience,7,50-99,Pvt Ltd,1
19702,No relevent experience,4,1000-4999,Pvt Ltd,1
17665,Has relevent experience,3,50-99,,2
19612,Has relevent experience,5,100-500,Pvt Ltd,1
18905,Has relevent experience,5,100-500,Pvt Ltd,2
824,Has relevent experience,10,500-999,Pvt Ltd,1
27275,Has relevent experience,20,,,2
14217,Has relevent experience,14,500-999,Pvt Ltd,1
13209,No relevent experience,1,,,1
9414,Has relevent experience,8,100-500,Pvt Ltd,1
33242,No relevent experience,8,<10,Early Stage Startup,1
24224,Has relevent experience,7,,Pvt Ltd,never
9684,Has relevent experience,17,<10,Early Stage Startup,1
8584,Has relevent experience,>20,100-500,Pvt Ltd,4
27003,Has relevent experience,10,50-99,Pvt Ltd,2
17840,Has relevent experience,7,50-99,Pvt Ltd,1
29723,Has relevent experience,9,50-99,Pvt Ltd,>4
33181,No relevent experience,>20,100-500,Pvt Ltd,2
29288,No relevent experience,3,500-999,Pvt Ltd,3
3004,Has relevent experience,7,<10,Pvt Ltd,1
5828,Has relevent experience,10,50-99,Pvt Ltd,4
22211,No relevent experience,5,,,never
28193,Has relevent experience,5,10/49,Public Sector,1
26291,Has relevent experience,11,1000-4999,Pvt Ltd,>4
11739,Has relevent experience,18,100-500,NGO,3
20878,Has relevent experience,14,50-99,Public Sector,>4
31156,Has relevent experience,>20,10/49,Pvt Ltd,1
21878,Has relevent experience,20,10000+,Pvt Ltd,>4
7009,Has relevent experience,13,50-99,Pvt Ltd,1
31013,Has relevent experience,17,50-99,Funded Startup,2
7145,Has relevent experience,>20,,,>4
2690,No relevent experience,>20,,,1
28829,Has relevent experience,9,100-500,Pvt Ltd,1
28477,No relevent experience,3,,,1
17107,Has relevent experience,2,<10,,1
17125,No relevent experience,2,,,never
5911,Has relevent experience,>20,100-500,Pvt Ltd,>4
24069,Has relevent experience,11,50-99,Pvt Ltd,1
20803,Has relevent experience,2,100-500,,2
3752,Has relevent experience,7,10000+,Pvt Ltd,3
32925,Has relevent experience,>20,10000+,Pvt Ltd,2
27494,Has relevent experience,14,1000-4999,Pvt Ltd,>4
19818,Has relevent experience,2,<10,Pvt Ltd,2
22581,Has relevent experience,8,100-500,Public Sector,1
2629,Has relevent experience,5,,Pvt Ltd,1
20143,Has relevent experience,12,50-99,Pvt Ltd,1
2478,Has relevent experience,8,100-500,Pvt Ltd,2
25957,No relevent experience,2,,,1
24981,Has relevent experience,9,50-99,Pvt Ltd,
27624,No relevent experience,8,50-99,Pvt Ltd,2
32355,Has relevent experience,12,<10,Early Stage Startup,1
12140,Has relevent experience,5,,Public Sector,1
9743,Has relevent experience,>20,,,>4
3827,Has relevent experience,>20,10/49,Pvt Ltd,>4
9338,Has relevent experience,8,100-500,NGO,1
10386,Has relevent experience,>20,<10,Early Stage Startup,3
14901,Has relevent experience,>20,500-999,Pvt Ltd,>4
6909,No relevent experience,7,,,1
20751,Has relevent experience,5,<10,Early Stage Startup,1
13597,Has relevent experience,12,10000+,Pvt Ltd,1
4498,Has relevent experience,>20,,,1
29508,Has relevent experience,>20,100-500,Pvt Ltd,1
5205,Has relevent experience,>20,500-999,Public Sector,never
32947,Has relevent experience,4,,,1
4766,No relevent experience,2,,,never
428,Has relevent experience,12,1000-4999,Pvt Ltd,>4
16219,No relevent experience,3,,,
21843,Has relevent experience,>20,100-500,Pvt Ltd,2
17162,No relevent experience,4,10/49,Pvt Ltd,1
15259,Has relevent experience,15,10/49,Pvt Ltd,>4
14487,Has relevent experience,5,100-500,Pvt Ltd,1
8055,Has relevent experience,8,100-500,,4
4922,Has relevent experience,10,<10,Pvt Ltd,1
20653,No relevent experience,<1,,,1
707,Has relevent experience,14,50-99,Pvt Ltd,>4
1131,Has relevent experience,11,10000+,Pvt Ltd,>4
22219,Has relevent experience,11,50-99,Pvt Ltd,3
10454,No relevent experience,3,100-500,Pvt Ltd,3
14740,No relevent experience,3,,,1
12183,No relevent experience,7,,,2
22052,Has relevent experience,8,1000-4999,Public Sector,1
8677,No relevent experience,11,,Pvt Ltd,1
29432,Has relevent experience,8,50-99,Funded Startup,2
6812,Has relevent experience,6,50-99,Pvt Ltd,1
14890,Has relevent experience,11,,,2
9569,Has relevent experience,12,100-500,Pvt Ltd,3
6389,Has relevent experience,15,1000-4999,Pvt Ltd,4
14622,Has relevent experience,>20,,,1
24586,Has relevent experience,6,10/49,Early Stage Startup,1
9463,Has relevent experience,>20,<10,Pvt Ltd,2
6379,Has relevent experience,>20,100-500,Pvt Ltd,2
30514,Has relevent experience,7,100-500,,1
12349,No relevent experience,6,1000-4999,,1
6995,No relevent experience,5,50-99,Pvt Ltd,2
13311,Has relevent experience,6,5000-9999,Pvt Ltd,2
26275,Has relevent experience,5,10000+,Pvt Ltd,4
30814,No relevent experience,2,1000-4999,Pvt Ltd,never
20823,Has relevent experience,16,100-500,Pvt Ltd,>4
18810,No relevent experience,4,,,2
79,Has relevent experience,>20,,,4
16177,No relevent experience,10,,,never
16141,Has relevent experience,13,,,>4
5417,Has relevent experience,12,1000-4999,Pvt Ltd,>4
24280,No relevent experience,4,500-999,Pvt Ltd,1
9393,Has relevent experience,3,,,1
22112,Has relevent experience,13,50-99,Funded Startup,1
11003,Has relevent experience,8,10/49,Funded Startup,1
12631,No relevent experience,1,<10,,1
6326,Has relevent experience,8,1000-4999,Pvt Ltd,2
24870,Has relevent experience,13,10000+,Pvt Ltd,2
18170,Has relevent experience,9,100-500,Pvt Ltd,1
33254,Has relevent experience,>20,50-99,Pvt Ltd,>4
11821,Has relevent experience,9,100-500,Funded Startup,1
24937,Has relevent experience,4,50-99,Pvt Ltd,4
15837,Has relevent experience,3,<10,Pvt Ltd,2
31083,Has relevent experience,>20,,,4
15436,No relevent experience,3,50-99,Pvt Ltd,1
13102,Has relevent experience,>20,,,>4
30277,Has relevent experience,9,10/49,Pvt Ltd,1
4475,Has relevent experience,>20,10000+,Public Sector,1
4072,Has relevent experience,>20,10000+,Public Sector,1
11085,No relevent experience,14,50-99,NGO,3
3878,Has relevent experience,6,10000+,Pvt Ltd,3
33104,Has relevent experience,5,50-99,Pvt Ltd,3
17304,Has relevent experience,6,100-500,Pvt Ltd,1
23719,No relevent experience,1,,,never
22348,No relevent experience,9,,,1
18320,Has relevent experience,4,50-99,Pvt Ltd,3
27959,Has relevent experience,6,10000+,Pvt Ltd,2
11655,Has relevent experience,10,,,1
26713,Has relevent experience,4,10000+,Pvt Ltd,2
3248,No relevent experience,4,,Pvt Ltd,never
32877,Has relevent experience,>20,,,>4
25363,Has relevent experience,11,10/49,,1
22573,Has relevent experience,8,500-999,Pvt Ltd,never
440,Has relevent experience,>20,10000+,Pvt Ltd,>4
27697,Has relevent experience,7,5000-9999,Public Sector,4
10792,Has relevent experience,12,5000-9999,Pvt Ltd,1
30509,Has relevent experience,8,100-500,NGO,1
28149,Has relevent experience,5,50-99,Pvt Ltd,2
24708,Has relevent experience,4,100-500,NGO,2
32836,No relevent experience,>20,,,1
16372,Has relevent experience,9,50-99,Pvt Ltd,1
33292,No relevent experience,6,10000+,Pvt Ltd,never
32619,Has relevent experience,4,100-500,Pvt Ltd,1
29606,No relevent experience,3,100-500,Pvt Ltd,>4
11430,Has relevent experience,12,,,1
10967,No relevent experience,6,1000-4999,Public Sector,1
17375,Has relevent experience,9,100-500,NGO,>4
26025,No relevent experience,3,,,never
19795,No relevent experience,13,,,3
10554,Has relevent experience,7,1000-4999,Pvt Ltd,4
8311,Has relevent experience,12,1000-4999,Pvt Ltd,1
5801,Has relevent experience,8,100-500,NGO,1
6010,Has relevent experience,8,10000+,Pvt Ltd,2
31210,Has relevent experience,7,10000+,Pvt Ltd,1
24714,Has relevent experience,>20,,,1
5203,Has relevent experience,3,10/49,Pvt Ltd,>4
7193,No relevent experience,5,10000+,Pvt Ltd,1
1695,Has relevent experience,12,1000-4999,Pvt Ltd,1
16625,Has relevent experience,4,<10,Early Stage Startup,1
23714,Has relevent experience,>20,,,>4
21967,Has relevent experience,>20,100-500,Pvt Ltd,>4
33342,No relevent experience,5,,Pvt Ltd,never
29737,Has relevent experience,7,5000-9999,Pvt Ltd,>4
9846,No relevent experience,6,100-500,NGO,1
3965,Has relevent experience,8,100-500,Funded Startup,2
15430,Has relevent experience,>20,,,1
20911,No relevent experience,2,,,1
6724,No relevent experience,8,50-99,Pvt Ltd,4
21442,Has relevent experience,11,50-99,Funded Startup,1
12716,No relevent experience,6,50-99,Pvt Ltd,1
18,No relevent experience,>20,10/49,Pvt Ltd,>4
26402,Has relevent experience,13,10/49,Pvt Ltd,2
26214,No relevent experience,9,100-500,Public Sector,2
21033,Has relevent experience,10,10000+,Pvt Ltd,1
19073,Has relevent experience,7,10000+,Pvt Ltd,1
6775,Has relevent experience,4,50-99,Pvt Ltd,1
26126,Has relevent experience,13,50-99,Pvt Ltd,1
28673,Has relevent experience,>20,50-99,Pvt Ltd,1
15012,Has relevent experience,9,10/49,Other,1
10930,Has relevent experience,>20,5000-9999,Public Sector,>4
7610,Has relevent experience,>20,,,2
12931,Has relevent experience,5,,,4
6502,Has relevent experience,5,100-500,NGO,1
29945,Has relevent experience,4,10000+,Pvt Ltd,1
14523,Has relevent experience,11,100-500,Pvt Ltd,1
15470,No relevent experience,11,,,2
2485,No relevent experience,>20,500-999,Pvt Ltd,>4
24355,Has relevent experience,18,1000-4999,Pvt Ltd,4
6407,Has relevent experience,7,,,2
14425,No relevent experience,5,,,never
20116,Has relevent experience,11,,,
27786,No relevent experience,4,,,never
15868,No relevent experience,2,,,2
26755,No relevent experience,1,,,never
10285,Has relevent experience,15,10/49,Funded Startup,4
18289,No relevent experience,15,1000-4999,Pvt Ltd,1
13687,No relevent experience,7,,,never
27535,No relevent experience,12,,,never
25850,No relevent experience,3,,,2
12830,Has relevent experience,2,10/49,Pvt Ltd,1
17967,Has relevent experience,4,50-99,Pvt Ltd,1
12217,Has relevent experience,10,50-99,Pvt Ltd,4
19215,No relevent experience,10,10000+,Pvt Ltd,1
27139,Has relevent experience,7,500-999,Pvt Ltd,1
32862,No relevent experience,4,,,1
24887,Has relevent experience,2,<10,Pvt Ltd,1
19378,Has relevent experience,12,10/49,Pvt Ltd,1
29769,No relevent experience,3,1000-4999,NGO,never
18907,Has relevent experience,1,10000+,Pvt Ltd,1
23572,Has relevent experience,>20,,,never
7991,No relevent experience,3,,,1
6448,Has relevent experience,>20,10000+,Pvt Ltd,>4
30878,No relevent experience,10,10000+,Pvt Ltd,1
4606,Has relevent experience,1,,,never
4367,Has relevent experience,14,,,1
27114,No relevent experience,7,,,never
8023,Has relevent experience,9,10/49,,4
3708,Has relevent experience,14,10000+,Pvt Ltd,>4
25403,Has relevent experience,2,100-500,Pvt Ltd,1
20140,Has relevent experience,>20,,,>4
26455,Has relevent experience,6,,,1
19618,Has relevent experience,11,,,1
18497,No relevent experience,2,50-99,Pvt Ltd,1
31798,Has relevent experience,14,1000-4999,Pvt Ltd,1
30076,No relevent experience,4,,,never
32953,No relevent experience,2,,,never
4302,Has relevent experience,6,10000+,Pvt Ltd,1
4980,Has relevent experience,9,50-99,Pvt Ltd,2
7951,Has relevent experience,10,100-500,,4
15106,No relevent experience,1,,,1
15211,Has relevent experience,8,,,1
4635,No relevent experience,1,,,never
17529,Has relevent experience,5,10/49,Pvt Ltd,3
8852,Has relevent experience,4,10/49,Pvt Ltd,1
1794,Has relevent experience,12,50-99,Public Sector,2
13720,Has relevent experience,16,10/49,Pvt Ltd,>4
11292,Has relevent experience,>20,10000+,Pvt Ltd,>4
24062,Has relevent experience,5,100-500,Funded Startup,1
33188,No relevent experience,1,,,1
22896,Has relevent experience,6,50-99,Early Stage Startup,3
17781,Has relevent experience,17,100-500,Pvt Ltd,1
10602,Has relevent experience,5,50-99,,
28433,Has relevent experience,12,500-999,Pvt Ltd,1
27490,Has relevent experience,>20,1000-4999,Pvt Ltd,>4
31489,Has relevent experience,16,50-99,Pvt Ltd,never
15297,No relevent experience,<1,,,never
21585,Has relevent experience,3,50-99,Pvt Ltd,3
11651,Has relevent experience,3,,,3
26674,Has relevent experience,18,10000+,Pvt Ltd,2
13870,Has relevent experience,9,,,2
24222,No relevent experience,9,1000-4999,Public Sector,>4
24054,Has relevent experience,5,50-99,Pvt Ltd,1
15241,Has relevent experience,9,100-500,,2
14204,Has relevent experience,4,50-99,Early Stage Startup,1
18130,No relevent experience,3,50-99,Pvt Ltd,2
28603,Has relevent experience,10,100-500,Pvt Ltd,4
23984,Has relevent experience,4,10000+,Public Sector,2
26129,Has relevent experience,18,,,1
16438,No relevent experience,12,,,2
18892,Has relevent experience,15,50-99,Pvt Ltd,2
3498,Has relevent experience,>20,100-500,Pvt Ltd,>4
32720,Has relevent experience,>20,10000+,NGO,3
4828,No relevent experience,6,500-999,NGO,>4
29201,Has relevent experience,7,100-500,Pvt Ltd,>4
33126,Has relevent experience,>20,10000+,Pvt Ltd,>4
11950,Has relevent experience,2,10000+,Pvt Ltd,1
24127,Has relevent experience,>20,<10,Pvt Ltd,>4
13149,No relevent experience,1,,,never
23157,No relevent experience,4,50-99,Pvt Ltd,1
18791,Has relevent experience,3,100-500,Pvt Ltd,1
2181,Has relevent experience,10,,Pvt Ltd,1
23931,No relevent experience,10,,,never
16466,Has relevent experience,13,10/49,Early Stage Startup,1
33358,Has relevent experience,7,50-99,Pvt Ltd,1
17268,Has relevent experience,4,<10,Pvt Ltd,1
31935,Has relevent experience,7,100-500,,1
24091,Has relevent experience,13,1000-4999,Public Sector,>4
6060,Has relevent experience,>20,500-999,NGO,>4
9337,Has relevent experience,5,,Public Sector,1
15998,Has relevent experience,17,,,never
21129,No relevent experience,8,5000-9999,Pvt Ltd,1
3223,Has relevent experience,>20,,,never
28211,Has relevent experience,10,100-500,Pvt Ltd,3
18999,No relevent experience,2,100-500,NGO,1
21176,Has relevent experience,16,500-999,Pvt Ltd,2
32958,Has relevent experience,20,10000+,Pvt Ltd,1
23835,No relevent experience,3,10000+,Pvt Ltd,2
25327,Has relevent experience,15,50-99,Pvt Ltd,never
27678,Has relevent experience,3,10000+,Pvt Ltd,2
23741,Has relevent experience,2,10/49,Pvt Ltd,2
28820,Has relevent experience,4,100-500,Pvt Ltd,1
17500,Has relevent experience,5,50-99,Pvt Ltd,1
14295,Has relevent experience,9,<10,NGO,2
32617,Has relevent experience,4,10000+,Pvt Ltd,never
893,Has relevent experience,20,1000-4999,Pvt Ltd,>4
17725,Has relevent experience,8,10000+,Pvt Ltd,1
28991,Has relevent experience,7,100-500,,1
10175,Has relevent experience,>20,10000+,Pvt Ltd,4
1783,Has relevent experience,7,10000+,Pvt Ltd,1
14496,Has relevent experience,>20,10000+,Pvt Ltd,>4
9147,Has relevent experience,11,100-500,Pvt Ltd,2
17370,No relevent experience,2,,,1
22997,Has relevent experience,10,10000+,Pvt Ltd,3
31011,No relevent experience,9,10000+,Public Sector,>4
20828,Has relevent experience,3,,,1
2991,Has relevent experience,10,1000-4999,Pvt Ltd,never
30340,Has relevent experience,6,10/49,Early Stage Startup,1
7160,No relevent experience,4,,,1
9448,Has relevent experience,14,50-99,Pvt Ltd,>4
12062,No relevent experience,>20,,,1
18498,Has relevent experience,7,10000+,Pvt Ltd,1
9485,Has relevent experience,>20,10000+,Pvt Ltd,3
25817,Has relevent experience,6,10/49,Funded Startup,1
25834,No relevent experience,1,,,never
22816,No relevent experience,>20,<10,Pvt Ltd,>4
27753,Has relevent experience,16,100-500,Pvt Ltd,never
15597,Has relevent experience,9,,,>4
23247,Has relevent experience,4,50-99,Funded Startup,4
4124,No relevent experience,7,,,never
9598,Has relevent experience,6,500-999,,1
19454,Has relevent experience,4,50-99,Funded Startup,1
14642,No relevent experience,>20,100-500,Pvt Ltd,3
3438,Has relevent experience,15,100-500,Pvt Ltd,2
12474,No relevent experience,15,100-500,Pvt Ltd,4
10669,No relevent experience,<1,,,never
23609,Has relevent experience,10,10000+,Pvt Ltd,3
32614,No relevent experience,3,10/49,Pvt Ltd,>4
4568,No relevent experience,2,<10,Pvt Ltd,1
12469,Has relevent experience,7,10/49,Pvt Ltd,2
13864,Has relevent experience,15,1000-4999,Pvt Ltd,1
365,Has relevent experience,10,50-99,Pvt Ltd,1
6525,No relevent experience,5,,,never
26682,Has relevent experience,>20,10000+,Pvt Ltd,1
19560,No relevent experience,3,,,1
33255,Has relevent experience,2,,,1
32882,No relevent experience,5,,,never
21225,Has relevent experience,9,10/49,Funded Startup,1
18441,Has relevent experience,>20,,,>4
33049,Has relevent experience,9,10/49,Pvt Ltd,1
7710,Has relevent experience,17,50-99,Pvt Ltd,>4
11323,No relevent experience,7,,,4
32733,No relevent experience,6,,,never
25690,Has relevent experience,10,,,1
12503,No relevent experience,4,,,never
12310,No relevent experience,2,500-999,,1
15250,Has relevent experience,4,5000-9999,Pvt Ltd,1
13277,Has relevent experience,>20,10000+,Pvt Ltd,>4
30041,No relevent experience,1,,,1
22238,Has relevent experience,16,50-99,Pvt Ltd,>4
9180,Has relevent experience,7,1000-4999,Pvt Ltd,1
2015,Has relevent experience,17,,,1
3758,Has relevent experience,4,100-500,,1
31014,Has relevent experience,12,5000-9999,Pvt Ltd,4
2311,No relevent experience,2,,Pvt Ltd,never
16796,Has relevent experience,16,1000-4999,Pvt Ltd,1
26094,No relevent experience,8,,,never
13138,Has relevent experience,>20,,,1
32165,Has relevent experience,>20,50-99,Pvt Ltd,3
13547,Has relevent experience,4,100-500,Pvt Ltd,1
10756,Has relevent experience,8,50-99,Pvt Ltd,1
13583,No relevent experience,15,<10,Pvt Ltd,2
23623,Has relevent experience,>20,,,>4
9001,Has relevent experience,3,100-500,,
16787,Has relevent experience,12,100-500,Pvt Ltd,>4
5775,Has relevent experience,3,50-99,Pvt Ltd,2
20785,No relevent experience,3,50-99,Public Sector,1
28699,Has relevent experience,4,100-500,Pvt Ltd,1
24337,No relevent experience,14,50-99,Pvt Ltd,never
22966,Has relevent experience,8,1000-4999,Pvt Ltd,>4
3133,Has relevent experience,5,,,1
32482,Has relevent experience,6,10000+,Pvt Ltd,1
29879,Has relevent experience,15,<10,Funded Startup,>4
10209,Has relevent experience,9,<10,Pvt Ltd,2
1926,No relevent experience,15,50-99,Pvt Ltd,
28490,Has relevent experience,>20,10/49,Pvt Ltd,1
8093,Has relevent experience,16,10/49,Pvt Ltd,1
7452,No relevent experience,6,,,never
17465,No relevent experience,7,,NGO,1
30817,No relevent experience,4,10000+,Pvt Ltd,1
23295,Has relevent experience,12,100-500,Pvt Ltd,1
12104,Has relevent experience,9,5000-9999,Pvt Ltd,
5989,No relevent experience,3,,,1
11542,Has relevent experience,6,100-500,Pvt Ltd,4
30339,Has relevent experience,>20,,Pvt Ltd,never
11696,Has relevent experience,15,,NGO,1
6449,Has relevent experience,>20,1000-4999,Public Sector,never
18824,No relevent experience,>20,10000+,Pvt Ltd,never
23056,Has relevent experience,11,50-99,Pvt Ltd,4
299,Has relevent experience,>20,,Public Sector,>4
26304,Has relevent experience,5,50-99,Pvt Ltd,1
31586,Has relevent experience,11,10/49,Pvt Ltd,1
28453,Has relevent experience,10,10000+,Pvt Ltd,1
18859,No relevent experience,3,,,never
23001,Has relevent experience,9,10000+,Pvt Ltd,1
16784,Has relevent experience,5,10/49,Pvt Ltd,1
22595,Has relevent experience,4,10/49,Pvt Ltd,1
730,Has relevent experience,5,100-500,NGO,1
12757,Has relevent experience,>20,500-999,Funded Startup,2
32758,Has relevent experience,13,500-999,Pvt Ltd,3
5306,Has relevent experience,10,<10,Funded Startup,3
23328,No relevent experience,3,,,1
28336,Has relevent experience,>20,10/49,Pvt Ltd,>4
6304,Has relevent experience,19,1000-4999,Public Sector,>4
32427,Has relevent experience,9,1000-4999,Public Sector,1
31368,Has relevent experience,10,1000-4999,Pvt Ltd,1
13273,No relevent experience,<1,50-99,Public Sector,1
31023,Has relevent experience,4,50-99,Early Stage Startup,1
16948,No relevent experience,2,,,never
1161,No relevent experience,6,,,2
27629,Has relevent experience,10,10/49,Pvt Ltd,>4
21443,Has relevent experience,4,100-500,Pvt Ltd,2
13383,Has relevent experience,>20,100-500,Pvt Ltd,2
10293,No relevent experience,9,,,2
11265,Has relevent experience,>20,,,2
1973,Has relevent experience,4,10000+,Public Sector,1
14800,Has relevent experience,9,10/49,Pvt Ltd,2
32820,No relevent experience,9,,,1
30794,Has relevent experience,16,,,4
32341,No relevent experience,5,,Pvt Ltd,never
9499,Has relevent experience,4,100-500,Funded Startup,3
23511,No relevent experience,5,,,3
20167,No relevent experience,>20,,,never
16791,Has relevent experience,14,,,>4
22494,Has relevent experience,4,500-999,Funded Startup,1
31405,Has relevent experience,8,,,3
29916,No relevent experience,5,,,>4
12101,No relevent experience,4,,,never
12770,Has relevent experience,>20,500-999,Pvt Ltd,never
22723,Has relevent experience,7,50-99,Pvt Ltd,1
6025,Has relevent experience,4,50-99,,1
21276,Has relevent experience,>20,10000+,Pvt Ltd,4
1943,Has relevent experience,3,,,1
26974,Has relevent experience,6,100-500,Funded Startup,3
30205,Has relevent experience,9,10000+,Pvt Ltd,1
10668,No relevent experience,3,1000-4999,Pvt Ltd,1
7515,No relevent experience,9,10000+,Pvt Ltd,1
27419,Has relevent experience,15,10000+,Pvt Ltd,never
1102,Has relevent experience,>20,100-500,NGO,1
23981,No relevent experience,>20,1000-4999,Public Sector,>4
6277,No relevent experience,9,10000+,Pvt Ltd,>4
13345,No relevent experience,>20,1000-4999,Pvt Ltd,>4
23325,No relevent experience,4,,,never
31769,No relevent experience,8,50-99,NGO,2
18478,No relevent experience,4,,,never
20302,Has relevent experience,11,,,2
16067,Has relevent experience,10,<10,Pvt Ltd,2
6426,Has relevent experience,>20,100-500,Pvt Ltd,>4
1343,Has relevent experience,4,,,never
28531,No relevent experience,1,10/49,Other,
13173,Has relevent experience,9,<10,Pvt Ltd,>4
12256,Has relevent experience,13,50-99,Pvt Ltd,1
7612,No relevent experience,4,,,2
28866,Has relevent experience,17,,NGO,2
33128,Has relevent experience,>20,1000-4999,Pvt Ltd,>4
20747,Has relevent experience,8,10000+,Pvt Ltd,never
10240,Has relevent experience,15,100-500,,1
15160,Has relevent experience,>20,500-999,Pvt Ltd,1
12284,Has relevent experience,18,50-99,Early Stage Startup,1
25888,No relevent experience,6,,,never
1427,Has relevent experience,10,100-500,Pvt Ltd,>4
22403,Has relevent experience,5,5000-9999,Pvt Ltd,4
21667,Has relevent experience,5,10000+,Pvt Ltd,1
25916,Has relevent experience,6,100-500,Pvt Ltd,2
12121,No relevent experience,3,,,never
28320,Has relevent experience,8,50-99,Funded Startup,3
14522,Has relevent experience,2,100-500,,
28500,Has relevent experience,<1,500-999,Pvt Ltd,1
10371,No relevent experience,7,500-999,Public Sector,4
10028,Has relevent experience,15,1000-4999,Pvt Ltd,1
29671,No relevent experience,9,,,1
4482,Has relevent experience,>20,10/49,Funded Startup,1
23392,Has relevent experience,8,100-500,Pvt Ltd,never
5879,Has relevent experience,13,100-500,Pvt Ltd,4
8861,No relevent experience,2,<10,Early Stage Startup,1
21196,Has relevent experience,4,10000+,Pvt Ltd,2
10724,Has relevent experience,11,10000+,Pvt Ltd,1
12657,Has relevent experience,14,50-99,Pvt Ltd,2
2150,Has relevent experience,>20,500-999,Pvt Ltd,1
24763,Has relevent experience,3,,,1
21813,Has relevent experience,5,5000-9999,Pvt Ltd,1
6480,Has relevent experience,15,,,1
29174,Has relevent experience,>20,,,1
8007,No relevent experience,2,<10,Pvt Ltd,2
8388,No relevent experience,<1,,,never
32631,Has relevent experience,>20,1000-4999,Public Sector,>4
10116,Has relevent experience,10,100-500,Funded Startup,1
1708,Has relevent experience,5,,,2
13487,Has relevent experience,6,50-99,Funded Startup,1
24199,No relevent experience,20,1000-4999,Pvt Ltd,2
14341,Has relevent experience,6,50-99,Funded Startup,1
16990,Has relevent experience,>20,10000+,Pvt Ltd,>4
24834,Has relevent experience,6,5000-9999,Public Sector,2
16105,Has relevent experience,19,100-500,Pvt Ltd,1
10758,No relevent experience,12,,,never
17702,No relevent experience,9,100-500,NGO,>4
3144,No relevent experience,>20,100-500,Public Sector,>4
20359,Has relevent experience,3,50-99,Funded Startup,1
30558,Has relevent experience,7,100-500,Funded Startup,2
32546,No relevent experience,1,,Pvt Ltd,never
20555,Has relevent experience,>20,50-99,Pvt Ltd,2
12190,Has relevent experience,4,,,1
30511,Has relevent experience,>20,,,2
16333,No relevent experience,19,,,>4
19605,No relevent experience,1,100-500,Pvt Ltd,1
14171,No relevent experience,3,,,1
10933,Has relevent experience,15,10000+,Pvt Ltd,1
14379,Has relevent experience,>20,50-99,Pvt Ltd,>4
11388,No relevent experience,7,,,never
28042,No relevent experience,5,10000+,Pvt Ltd,1
23013,No relevent experience,3,,,never
30970,Has relevent experience,5,100-500,Pvt Ltd,2
9052,Has relevent experience,15,10000+,Pvt Ltd,>4
5832,Has relevent experience,2,100-500,Public Sector,2
26270,Has relevent experience,4,500-999,Funded Startup,3
29151,Has relevent experience,9,100-500,Pvt Ltd,>4
7545,Has relevent experience,17,1000-4999,,3
28589,Has relevent experience,11,10000+,Pvt Ltd,2
1709,Has relevent experience,12,100-500,Pvt Ltd,1
21227,No relevent experience,2,,,
10205,Has relevent experience,15,500-999,Funded Startup,2
17483,No relevent experience,5,,,1
5710,Has relevent experience,13,5000-9999,Public Sector,2
30916,Has relevent experience,5,500-999,Pvt Ltd,>4
2832,Has relevent experience,10,500-999,Pvt Ltd,4
25810,Has relevent experience,16,,,2
33068,Has relevent experience,2,100-500,Pvt Ltd,1
16735,Has relevent experience,>20,50-99,Pvt Ltd,2
9930,Has relevent experience,16,10000+,Pvt Ltd,2
24345,No relevent experience,1,1000-4999,Pvt Ltd,1
700,Has relevent experience,18,500-999,Pvt Ltd,>4
29600,Has relevent experience,9,100-500,Pvt Ltd,1
19438,No relevent experience,6,,,never
19266,Has relevent experience,4,50-99,,1
18670,Has relevent experience,12,50-99,Funded Startup,1
12660,Has relevent experience,5,10/49,Pvt Ltd,1
12129,No relevent experience,2,,,never
13955,Has relevent experience,8,100-500,Pvt Ltd,2
18667,Has relevent experience,2,100-500,Pvt Ltd,1
33153,Has relevent experience,4,,Pvt Ltd,1
14151,Has relevent experience,4,<10,,1
4046,Has relevent experience,>20,1000-4999,Pvt Ltd,>4
25432,No relevent experience,6,,,1
5978,No relevent experience,4,,Pvt Ltd,never
32799,Has relevent experience,>20,500-999,NGO,1
273,No relevent experience,5,,,never
10238,Has relevent experience,5,,,1
264,No relevent experience,8,,,1
17510,No relevent experience,8,,,never
24901,No relevent experience,3,,,never
33318,Has relevent experience,5,100-500,Pvt Ltd,>4
12800,Has relevent experience,16,10/49,Pvt Ltd,1
17237,No relevent experience,19,,,>4
13992,Has relevent experience,12,100-500,Pvt Ltd,4
15125,Has relevent experience,19,,,>4
15213,Has relevent experience,13,10000+,Pvt Ltd,1
889,Has relevent experience,17,50-99,Funded Startup,1
28843,No relevent experience,11,50-99,Pvt Ltd,4
25273,Has relevent experience,14,,,1
29598,Has relevent experience,2,,,1
21642,Has relevent experience,8,50-99,Pvt Ltd,>4
25912,Has relevent experience,3,50-99,Pvt Ltd,1
29086,No relevent experience,5,10000+,Pvt Ltd,1
6021,Has relevent experience,>20,100-500,Pvt Ltd,never
25285,Has relevent experience,<1,<10,NGO,1
5180,Has relevent experience,4,10/49,Pvt Ltd,1
19649,No relevent experience,7,,,never
31008,No relevent experience,9,,,never
9412,No relevent experience,5,,Pvt Ltd,1
4133,Has relevent experience,>20,<10,Pvt Ltd,never
5875,Has relevent experience,5,<10,Early Stage Startup,never
4536,Has relevent experience,10,,,4
27046,Has relevent experience,3,50-99,Pvt Ltd,1
16041,No relevent experience,4,,,never
19718,Has relevent experience,17,500-999,,1
4118,Has relevent experience,>20,10/49,,1
3867,Has relevent experience,9,10/49,Early Stage Startup,1
27539,Has relevent experience,14,10/49,Other,>4
7765,No relevent experience,2,,,never
32605,Has relevent experience,17,10000+,Pvt Ltd,3
20048,Has relevent experience,4,,,1
29460,Has relevent experience,20,,,1
15004,Has relevent experience,>20,<10,Early Stage Startup,2
18404,Has relevent experience,10,100-500,,3
4318,Has relevent experience,7,100-500,Pvt Ltd,1
674,Has relevent experience,>20,<10,Early Stage Startup,>4
32802,Has relevent experience,>20,10000+,Pvt Ltd,>4
11248,Has relevent experience,14,10/49,Pvt Ltd,4
13649,No relevent experience,4,10/49,Pvt Ltd,1
17132,No relevent experience,4,,,1
8836,Has relevent experience,5,1000-4999,Pvt Ltd,1
1101,No relevent experience,4,10000+,Pvt Ltd,2
8606,Has relevent experience,12,100-500,Pvt Ltd,1
14793,Has relevent experience,>20,1000-4999,Pvt Ltd,3
10938,No relevent experience,14,10/49,Public Sector,1
31862,Has relevent experience,>20,1000-4999,NGO,4
33330,Has relevent experience,11,500-999,Pvt Ltd,1
28774,Has relevent experience,16,100-500,Pvt Ltd,2
31370,Has relevent experience,>20,1000-4999,Pvt Ltd,4
31628,No relevent experience,<1,,,>4
11275,No relevent experience,6,,,1
1866,Has relevent experience,3,,,1
23958,Has relevent experience,5,100-500,Funded Startup,1
17281,Has relevent experience,5,,,2
7739,Has relevent experience,10,1000-4999,Pvt Ltd,1
7155,Has relevent experience,15,1000-4999,Pvt Ltd,>4
6482,Has relevent experience,6,10000+,Public Sector,1
21474,Has relevent experience,13,<10,Pvt Ltd,>4
628,Has relevent experience,8,100-500,Pvt Ltd,>4
28931,No relevent experience,16,,Pvt Ltd,1
24975,No relevent experience,2,500-999,Pvt Ltd,never
14107,Has relevent experience,>20,10000+,Pvt Ltd,2
1471,Has relevent experience,11,,,>4
24191,No relevent experience,>20,,,4
18127,Has relevent experience,7,<10,Pvt Ltd,1
15336,No relevent experience,2,<10,Funded Startup,2
1742,Has relevent experience,9,10000+,NGO,1
21691,No relevent experience,3,,,never
15753,Has relevent experience,2,10/49,Pvt Ltd,1
12402,No relevent experience,2,50-99,Pvt Ltd,1
30354,No relevent experience,3,,,never
16447,Has relevent experience,6,10000+,Pvt Ltd,1
11933,No relevent experience,2,,,1
28214,Has relevent experience,10,100-500,Pvt Ltd,1
26261,Has relevent experience,15,1000-4999,Public Sector,>4
22946,Has relevent experience,13,,,1
23366,Has relevent experience,6,10000+,Pvt Ltd,2
23311,Has relevent experience,13,10/49,NGO,3
11964,No relevent experience,4,,,1
20012,Has relevent experience,>20,50-99,Pvt Ltd,2
2549,Has relevent experience,7,50-99,Pvt Ltd,1
11673,Has relevent experience,1,10000+,Pvt Ltd,1
22196,Has relevent experience,>20,,,4
21236,No relevent experience,11,1000-4999,Public Sector,1
9385,No relevent experience,7,500-999,Pvt Ltd,1
31873,Has relevent experience,15,100-500,Pvt Ltd,3
24850,No relevent experience,3,,,never
27373,Has relevent experience,8,10/49,Pvt Ltd,1
25179,No relevent experience,3,,,
7786,Has relevent experience,9,100-500,Pvt Ltd,1
29672,Has relevent experience,6,,,1
2108,Has relevent experience,>20,50-99,Pvt Ltd,>4
5991,Has relevent experience,12,,,never
27153,No relevent experience,6,,,never
32082,No relevent experience,5,50-99,Pvt Ltd,1
15222,No relevent experience,4,,,1
31579,Has relevent experience,>20,500-999,Pvt Ltd,>4
32485,Has relevent experience,18,,,1
26551,Has relevent experience,>20,<10,Pvt Ltd,1
7726,Has relevent experience,3,10/49,Early Stage Startup,1
22372,No relevent experience,2,,,never
20065,Has relevent experience,>20,100-500,Funded Startup,>4
26582,No relevent experience,2,,,1
23831,No relevent experience,7,,,never
3052,No relevent experience,3,50-99,Funded Startup,1
16437,Has relevent experience,>20,500-999,Pvt Ltd,never
14361,No relevent experience,4,,,never
3060,No relevent experience,10,,,2
22797,Has relevent experience,7,10000+,Pvt Ltd,1
9067,Has relevent experience,14,10/49,,
18803,No relevent experience,4,,,never
24456,No relevent experience,7,,,never
14203,No relevent experience,15,,,never
31211,No relevent experience,4,,Pvt Ltd,never
26423,Has relevent experience,6,,,4
14582,Has relevent experience,5,1000-4999,Pvt Ltd,3
6511,Has relevent experience,5,50-99,Pvt Ltd,1
8978,Has relevent experience,9,100-500,Pvt Ltd,1
9634,Has relevent experience,5,50-99,Pvt Ltd,never
2780,Has relevent experience,14,100-500,Pvt Ltd,2
3048,No relevent experience,2,50-99,Pvt Ltd,1
15051,Has relevent experience,>20,1000-4999,Pvt Ltd,>4
17357,No relevent experience,<1,,,
12504,Has relevent experience,12,10/49,Funded Startup,2
29357,Has relevent experience,>20,1000-4999,NGO,>4
15818,Has relevent experience,>20,<10,Early Stage Startup,2
26132,Has relevent experience,11,100-500,Public Sector,>4
3918,Has relevent experience,>20,,,>4
19030,Has relevent experience,4,10/49,Pvt Ltd,2
5734,Has relevent experience,2,10/49,Early Stage Startup,2
14847,No relevent experience,5,,,never
11713,No relevent experience,5,,,never
3846,Has relevent experience,16,50-99,Funded Startup,1
29556,No relevent experience,<1,,,never
8667,Has relevent experience,7,50-99,Pvt Ltd,1
11045,Has relevent experience,3,,,1
9739,Has relevent experience,17,,,>4
16711,Has relevent experience,8,10000+,Pvt Ltd,1
29918,Has relevent experience,>20,,,1
31713,No relevent experience,3,,,1
29486,No relevent experience,8,,,1
15264,No relevent experience,10,,,never
1075,No relevent experience,5,100-500,Pvt Ltd,2
328,No relevent experience,10,10/49,Pvt Ltd,never
29628,Has relevent experience,>20,10000+,Pvt Ltd,>4
27370,Has relevent experience,11,50-99,,1
18754,Has relevent experience,>20,,,>4
12225,Has relevent experience,15,<10,Pvt Ltd,1
30653,No relevent experience,9,100-500,Pvt Ltd,3
9162,Has relevent experience,>20,50-99,Early Stage Startup,1
27115,Has relevent experience,>20,10000+,Pvt Ltd,4
3932,Has relevent experience,9,50-99,Funded Startup,1
25102,No relevent experience,1,,,never
15912,No relevent experience,4,,Pvt Ltd,2
33340,No relevent experience,5,,Pvt Ltd,never
27462,Has relevent experience,>20,10000+,Pvt Ltd,1
4505,Has relevent experience,>20,50-99,Funded Startup,>4
32415,Has relevent experience,8,<10,NGO,never
28509,Has relevent experience,7,10000+,Pvt Ltd,1
1641,Has relevent experience,4,10000+,Pvt Ltd,never
33245,No relevent experience,2,,Pvt Ltd,never
10406,No relevent experience,4,,,1
1613,Has relevent experience,10,,Pvt Ltd,never
20608,Has relevent experience,5,,,never
27880,No relevent experience,5,,,1
26398,No relevent experience,4,,,1
7159,Has relevent experience,13,100-500,Pvt Ltd,>4
18281,Has relevent experience,16,,,1
31967,Has relevent experience,7,50-99,Early Stage Startup,never
26955,Has relevent experience,10,,,>4
19290,Has relevent experience,>20,5000-9999,Pvt Ltd,>4
6838,Has relevent experience,7,10/49,Pvt Ltd,1
2353,No relevent experience,2,,,1
26351,Has relevent experience,14,5000-9999,Public Sector,>4
31075,Has relevent experience,8,1000-4999,Pvt Ltd,2
10002,No relevent experience,4,,Public Sector,never
12048,Has relevent experience,>20,,,1
19068,No relevent experience,5,500-999,Pvt Ltd,1
2501,Has relevent experience,6,100-500,Funded Startup,1
20741,Has relevent experience,7,,,1
10893,Has relevent experience,3,100-500,Pvt Ltd,2
31767,No relevent experience,<1,10000+,Pvt Ltd,1
27709,Has relevent experience,3,10/49,Early Stage Startup,1
31782,No relevent experience,4,50-99,Pvt Ltd,1
28653,Has relevent experience,15,500-999,Pvt Ltd,>4
867,No relevent experience,4,,Pvt Ltd,never
29820,Has relevent experience,8,10000+,Pvt Ltd,1
31248,No relevent experience,1,500-999,Pvt Ltd,never
32697,Has relevent experience,4,10000+,Pvt Ltd,1
26854,No relevent experience,1,,,never
14848,No relevent experience,2,10/49,Pvt Ltd,never
9503,Has relevent experience,>20,<10,Pvt Ltd,>4
33304,Has relevent experience,8,,,1
10653,Has relevent experience,3,<10,Pvt Ltd,1
9094,Has relevent experience,7,50-99,Pvt Ltd,1
23715,Has relevent experience,5,,,1
10885,Has relevent experience,11,1000-4999,Pvt Ltd,4
28459,Has relevent experience,14,100-500,Pvt Ltd,1
6593,Has relevent experience,>20,,,never
14381,Has relevent experience,3,10000+,Pvt Ltd,1
13010,Has relevent experience,6,10/49,Funded Startup,2
6990,Has relevent experience,8,50-99,Pvt Ltd,2
21696,Has relevent experience,6,10000+,Pvt Ltd,4
18572,Has relevent experience,>20,,,>4
9110,Has relevent experience,9,,,4
2800,Has relevent experience,11,50-99,Funded Startup,2
5366,Has relevent experience,>20,<10,Pvt Ltd,>4
15705,Has relevent experience,3,<10,Funded Startup,2
13484,Has relevent experience,6,100-500,Pvt Ltd,>4
11347,Has relevent experience,>20,10000+,Pvt Ltd,1
24895,Has relevent experience,4,500-999,NGO,2
13858,Has relevent experience,5,100-500,Pvt Ltd,1
10611,No relevent experience,>20,50-99,Public Sector,>4
19645,Has relevent experience,6,10/49,Pvt Ltd,1
17585,Has relevent experience,11,100-500,Pvt Ltd,2
32241,Has relevent experience,8,10000+,Public Sector,never
12794,Has relevent experience,14,1000-4999,Pvt Ltd,>4
21596,No relevent experience,3,<10,Pvt Ltd,never
6665,Has relevent experience,4,100-500,Pvt Ltd,1
7194,Has relevent experience,>20,,,1
2929,Has relevent experience,10,,,2
33054,No relevent experience,2,,,1
8585,Has relevent experience,16,50-99,Other,1
15942,Has relevent experience,7,,Public Sector,2
16470,Has relevent experience,6,50-99,Pvt Ltd,1
21956,Has relevent experience,8,100-500,Pvt Ltd,3
21692,Has relevent experience,6,<10,Funded Startup,1
32945,Has relevent experience,<1,,,2
11530,Has relevent experience,5,500-999,Pvt Ltd,1
21105,No relevent experience,2,1000-4999,Pvt Ltd,1
17639,Has relevent experience,8,100-500,Pvt Ltd,1
22181,No relevent experience,7,,,never
5176,Has relevent experience,7,50-99,Funded Startup,2
17931,Has relevent experience,>20,1000-4999,Pvt Ltd,>4
10923,Has relevent experience,20,10/49,Early Stage Startup,1
18686,Has relevent experience,8,,,1
16404,Has relevent experience,6,500-999,Pvt Ltd,3
3353,Has relevent experience,19,100-500,Public Sector,>4
24107,Has relevent experience,13,,,>4
3029,Has relevent experience,6,50-99,Pvt Ltd,2
24377,Has relevent experience,7,1000-4999,Pvt Ltd,never
11709,Has relevent experience,15,100-500,Pvt Ltd,>4
6278,Has relevent experience,>20,10000+,Public Sector,>4
6157,Has relevent experience,12,<10,Funded Startup,1
4487,Has relevent experience,5,50-99,Pvt Ltd,1
8111,Has relevent experience,>20,10/49,,
19832,Has relevent experience,11,50-99,Pvt Ltd,1
30630,No relevent experience,10,,,>4
18835,Has relevent experience,3,,,1
23987,No relevent experience,3,10/49,,1
24671,No relevent experience,20,100-500,NGO,4
17679,No relevent experience,2,,,never
21192,No relevent experience,7,,,2
4029,Has relevent experience,14,50-99,Pvt Ltd,never
28907,Has relevent experience,13,50-99,Pvt Ltd,3
7826,Has relevent experience,12,,,2
20728,Has relevent experience,8,,,2
15217,No relevent experience,7,,,never
19737,Has relevent experience,15,10000+,Pvt Ltd,>4
10333,No relevent experience,3,50-99,Pvt Ltd,1
31422,Has relevent experience,6,100-500,Pvt Ltd,1
5763,Has relevent experience,16,,,>4
10648,Has relevent experience,5,50-99,Funded Startup,never
1922,Has relevent experience,9,10000+,Pvt Ltd,>4
8237,No relevent experience,2,,,1
26505,Has relevent experience,15,,,1
4198,Has relevent experience,4,500-999,Pvt Ltd,2
12512,Has relevent experience,6,,,2
6866,No relevent experience,4,,,never
19120,No relevent experience,5,,,1
13759,Has relevent experience,7,5000-9999,Pvt Ltd,2
3436,Has relevent experience,15,10000+,Pvt Ltd,>4
9290,Has relevent experience,15,,,>4
10515,Has relevent experience,3,10/49,Pvt Ltd,2
20766,Has relevent experience,3,50-99,Pvt Ltd,2
10364,Has relevent experience,11,10000+,Other,>4
8906,Has relevent experience,17,50-99,Pvt Ltd,2
4182,Has relevent experience,5,50-99,Funded Startup,1
28141,No relevent experience,2,,,never
12943,Has relevent experience,7,10000+,Pvt Ltd,4
26762,Has relevent experience,17,500-999,Pvt Ltd,2
22100,Has relevent experience,9,100-500,Pvt Ltd,2
5549,Has relevent experience,>20,1000-4999,NGO,>4
8001,Has relevent experience,<1,50-99,Pvt Ltd,1
14176,Has relevent experience,3,,,2
20988,No relevent experience,3,,,1
10096,Has relevent experience,14,,,>4
18688,Has relevent experience,2,,Pvt Ltd,1
32990,Has relevent experience,3,,Early Stage Startup,>4
18908,No relevent experience,10,1000-4999,Public Sector,2
8739,Has relevent experience,19,500-999,Early Stage Startup,>4
29900,No relevent experience,3,,,never
6372,No relevent experience,7,<10,,1
15178,Has relevent experience,>20,10000+,Pvt Ltd,>4
9226,Has relevent experience,1,<10,,
819,Has relevent experience,>20,,,3
6014,Has relevent experience,3,,,1
7537,Has relevent experience,11,,,1
30685,Has relevent experience,6,,,
31595,Has relevent experience,>20,1000-4999,Pvt Ltd,>4
23812,Has relevent experience,8,,,never
16712,Has relevent experience,10,,,never
7174,Has relevent experience,6,5000-9999,NGO,2
28081,No relevent experience,>20,100-500,Pvt Ltd,1
1218,Has relevent experience,10,50-99,Pvt Ltd,4
8899,No relevent experience,<1,,,never
5181,No relevent experience,4,,,1
840,Has relevent experience,9,50-99,Early Stage Startup,1
2935,No relevent experience,7,,,1
5107,Has relevent experience,>20,50-99,Funded Startup,1
4822,Has relevent experience,4,,NGO,
31920,No relevent experience,4,,,1
29220,No relevent experience,3,,,never
21501,Has relevent experience,6,5000-9999,Pvt Ltd,2
13500,Has relevent experience,6,500-999,Pvt Ltd,1
5210,No relevent experience,11,100-500,Pvt Ltd,1
10443,Has relevent experience,4,10/49,Pvt Ltd,2
11068,Has relevent experience,9,,,never
27205,No relevent experience,9,,,never
9921,Has relevent experience,9,,Public Sector,4
10186,Has relevent experience,17,1000-4999,Pvt Ltd,3
28508,No relevent experience,3,,,never
24021,Has relevent experience,4,5000-9999,Public Sector,2
31611,Has relevent experience,>20,,,>4
16681,Has relevent experience,18,50-99,Pvt Ltd,>4
12895,Has relevent experience,15,50-99,Pvt Ltd,3
19356,Has relevent experience,8,100-500,Pvt Ltd,4
27663,Has relevent experience,>20,<10,Pvt Ltd,1
25779,No relevent experience,17,,Public Sector,4
24349,Has relevent experience,13,10/49,Pvt Ltd,3
25613,Has relevent experience,9,<10,Pvt Ltd,2
27310,No relevent experience,4,,,never
16109,Has relevent experience,11,50-99,Pvt Ltd,>4
30452,Has relevent experience,9,<10,Pvt Ltd,>4
9378,No relevent experience,2,50-99,Pvt Ltd,1
2688,Has relevent experience,4,,,never
21183,Has relevent experience,>20,100-500,Pvt Ltd,2
8221,Has relevent experience,15,100-500,Pvt Ltd,4
4266,Has relevent experience,3,500-999,Pvt Ltd,1
15775,Has relevent experience,4,50-99,Funded Startup,1
6604,Has relevent experience,>20,<10,Pvt Ltd,2
31510,Has relevent experience,8,1000-4999,Pvt Ltd,1
19544,Has relevent experience,3,1000-4999,Pvt Ltd,2
10321,Has relevent experience,>20,<10,Pvt Ltd,>4
5464,Has relevent experience,1,<10,Early Stage Startup,1
17611,Has relevent experience,6,,,2
11664,No relevent experience,2,100-500,Pvt Ltd,2
15407,Has relevent experience,11,,,1
21266,Has relevent experience,4,,,1
25555,Has relevent experience,7,,Public Sector,2
32348,No relevent experience,4,,,3
3858,No relevent experience,2,,Pvt Ltd,never
29955,Has relevent experience,3,50-99,Pvt Ltd,1
19583,Has relevent experience,15,10/49,Funded Startup,2
12785,No relevent experience,9,10000+,Pvt Ltd,1
21361,No relevent experience,4,,,1
11823,No relevent experience,3,,,never
28681,No relevent experience,1,,,1
5030,No relevent experience,3,,,never
17170,Has relevent experience,>20,10/49,Pvt Ltd,>4
16653,Has relevent experience,2,1000-4999,Other,1
16347,No relevent experience,1,,,never
25439,Has relevent experience,4,1000-4999,Pvt Ltd,1
12595,Has relevent experience,>20,5000-9999,Pvt Ltd,
11985,No relevent experience,1,100-500,,
20813,Has relevent experience,6,50-99,Pvt Ltd,1
24516,Has relevent experience,>20,,,>4
17887,Has relevent experience,3,,,
18968,Has relevent experience,12,50-99,Pvt Ltd,3
13347,Has relevent experience,9,10/49,Early Stage Startup,1
3163,Has relevent experience,>20,50-99,Pvt Ltd,1
22439,Has relevent experience,4,500-999,Pvt Ltd,1
1323,Has relevent experience,9,100-500,Funded Startup,1
32115,Has relevent experience,>20,50-99,Pvt Ltd,1
28992,Has relevent experience,5,10000+,Pvt Ltd,1
5703,No relevent experience,3,,,never
382,No relevent experience,>20,50-99,Pvt Ltd,>4
2075,No relevent experience,1,10000+,Pvt Ltd,1
32708,Has relevent experience,>20,,,1
5562,No relevent experience,2,,Pvt Ltd,never
24662,Has relevent experience,12,5000-9999,Pvt Ltd,2
8887,Has relevent experience,15,50-99,Funded Startup,1
8769,Has relevent experience,4,50-99,Pvt Ltd,1
15599,No relevent experience,4,,,1
23446,No relevent experience,3,,,1
21751,No relevent experience,8,,,2
15579,Has relevent experience,6,10/49,,1
31529,Has relevent experience,15,10000+,Pvt Ltd,>4
10730,No relevent experience,2,,,never
29811,Has relevent experience,18,1000-4999,Pvt Ltd,1
22534,Has relevent experience,7,5000-9999,Pvt Ltd,2
11435,Has relevent experience,5,50-99,Pvt Ltd,1
9305,Has relevent experience,11,10/49,Pvt Ltd,1
14761,Has relevent experience,6,100-500,Funded Startup,2
20683,Has relevent experience,>20,,,>4
3205,No relevent experience,2,,,never
10501,Has relevent experience,1,10000+,Pvt Ltd,1
11015,Has relevent experience,14,10/49,Pvt Ltd,>4
20928,Has relevent experience,>20,,,>4
20583,Has relevent experience,3,50-99,Funded Startup,2
31675,No relevent experience,3,,,never
23684,Has relevent experience,16,,NGO,1
933,No relevent experience,5,50-99,Pvt Ltd,1
33144,Has relevent experience,15,50-99,Pvt Ltd,2
3126,Has relevent experience,19,1000-4999,Pvt Ltd,1
9108,Has relevent experience,>20,,,1
18726,Has relevent experience,7,50-99,Pvt Ltd,>4
7772,Has relevent experience,6,50-99,,never
27493,Has relevent experience,12,1000-4999,NGO,2
31691,Has relevent experience,10,100-500,Pvt Ltd,>4
21156,Has relevent experience,6,,,1
7968,No relevent experience,>20,100-500,Pvt Ltd,1
9973,Has relevent experience,>20,10000+,Pvt Ltd,>4
18189,No relevent experience,4,,,4
12362,Has relevent experience,<1,10000+,Pvt Ltd,
8547,Has relevent experience,11,,,1
2691,Has relevent experience,5,10000+,Pvt Ltd,1
13824,Has relevent experience,17,10000+,Pvt Ltd,>4
9370,Has relevent experience,11,50-99,Pvt Ltd,1
24630,Has relevent experience,9,100-500,Pvt Ltd,3
28165,Has relevent experience,8,50-99,Pvt Ltd,2
25301,No relevent experience,3,50-99,Public Sector,3
7828,Has relevent experience,5,10000+,Pvt Ltd,2
26339,Has relevent experience,15,50-99,,1
20296,Has relevent experience,5,,,4
6355,Has relevent experience,12,1000-4999,Pvt Ltd,1
22609,Has relevent experience,5,1000-4999,Pvt Ltd,>4
4730,Has relevent experience,19,,,>4
28200,Has relevent experience,>20,10/49,Early Stage Startup,4
20806,Has relevent experience,>20,,,never
16667,Has relevent experience,7,50-99,Pvt Ltd,1
24034,Has relevent experience,7,10000+,Pvt Ltd,never
27659,Has relevent experience,8,10000+,Pvt Ltd,1
28881,Has relevent experience,<1,,Pvt Ltd,1
22113,No relevent experience,6,,,1
2021,No relevent experience,4,<10,Early Stage Startup,
16586,Has relevent experience,12,50-99,Pvt Ltd,4
14728,Has relevent experience,>20,100-500,Pvt Ltd,1
7713,Has relevent experience,18,50-99,Pvt Ltd,>4
32980,Has relevent experience,9,500-999,Pvt Ltd,1
26251,Has relevent experience,6,100-500,Public Sector,2
21255,Has relevent experience,>20,1000-4999,Pvt Ltd,2
26830,Has relevent experience,2,10000+,Other,1
6529,Has relevent experience,8,500-999,Pvt Ltd,2
9884,Has relevent experience,13,<10,Pvt Ltd,4
8238,Has relevent experience,10,50-99,NGO,>4
13251,No relevent experience,8,,,never
8086,No relevent experience,3,50-99,Pvt Ltd,3
10607,Has relevent experience,>20,,,>4
1719,Has relevent experience,10,50-99,Pvt Ltd,4
12133,Has relevent experience,18,10000+,Pvt Ltd,2
25630,Has relevent experience,18,100-500,Public Sector,2
6079,Has relevent experience,12,,,never
28767,Has relevent experience,>20,,,>4
11164,Has relevent experience,9,10000+,Pvt Ltd,3
6849,No relevent experience,>20,,,never
16729,Has relevent experience,17,,,1
23197,Has relevent experience,>20,50-99,Pvt Ltd,3
31519,No relevent experience,4,,,never
19450,Has relevent experience,3,100-500,Pvt Ltd,1
29499,No relevent experience,13,,,2
3716,Has relevent experience,6,10/49,Early Stage Startup,1
23519,No relevent experience,3,,,never
29485,No relevent experience,4,,,1
25346,Has relevent experience,>20,,,>4
28853,No relevent experience,4,,,2
9687,Has relevent experience,9,50-99,Public Sector,>4
14943,Has relevent experience,12,1000-4999,Pvt Ltd,>4
3746,Has relevent experience,2,10/49,Funded Startup,never
8270,No relevent experience,4,,,never
24427,Has relevent experience,2,,,1
28474,Has relevent experience,17,,,4
28418,Has relevent experience,>20,,,1
26477,Has relevent experience,5,10/49,Pvt Ltd,1
32559,No relevent experience,4,,,1
20681,Has relevent experience,5,500-999,Pvt Ltd,4
26015,Has relevent experience,9,100-500,Pvt Ltd,2
30569,Has relevent experience,9,10/49,Pvt Ltd,2
1735,Has relevent experience,8,<10,Funded Startup,1
27272,Has relevent experience,6,50-99,NGO,1
19059,No relevent experience,5,,,1
9111,Has relevent experience,3,<10,Early Stage Startup,1
12477,Has relevent experience,9,<10,Pvt Ltd,>4
1616,Has relevent experience,7,100-500,Pvt Ltd,1
24564,Has relevent experience,>20,100-500,Pvt Ltd,>4
13922,Has relevent experience,3,50-99,Pvt Ltd,1
2029,Has relevent experience,>20,50-99,Funded Startup,2
17030,Has relevent experience,>20,1000-4999,Public Sector,>4
20529,Has relevent experience,6,<10,Pvt Ltd,1
25583,Has relevent experience,10,,,1
6958,Has relevent experience,9,10000+,Pvt Ltd,1
20341,Has relevent experience,3,10000+,Pvt Ltd,1
15199,Has relevent experience,14,<10,Pvt Ltd,1
25388,Has relevent experience,3,10000+,Pvt Ltd,1
2602,Has relevent experience,10,10000+,Pvt Ltd,1
3729,Has relevent experience,5,1000-4999,Pvt Ltd,1
28089,No relevent experience,4,50-99,Pvt Ltd,1
21471,No relevent experience,2,,,1
8251,Has relevent experience,5,10000+,,1
28157,Has relevent experience,16,10/49,Pvt Ltd,3
1294,Has relevent experience,10,100-500,Other,never
31964,Has relevent experience,16,<10,Funded Startup,1
33081,Has relevent experience,16,100-500,Pvt Ltd,1
13016,No relevent experience,4,,,2
15949,Has relevent experience,7,,,2
26687,No relevent experience,6,<10,Public Sector,>4
4653,No relevent experience,7,,Pvt Ltd,never
6800,Has relevent experience,13,100-500,,
21215,Has relevent experience,2,50-99,Pvt Ltd,1
11037,Has relevent experience,10,,,1
9597,No relevent experience,1,,,1
17642,No relevent experience,,,,never
7590,Has relevent experience,>20,50-99,Pvt Ltd,1
10631,No relevent experience,1,50-99,Pvt Ltd,never
19448,Has relevent experience,7,10000+,Pvt Ltd,2
21608,Has relevent experience,13,500-999,Pvt Ltd,>4
31953,Has relevent experience,3,<10,Pvt Ltd,2
3961,Has relevent experience,<1,100-500,Funded Startup,1
7451,Has relevent experience,>20,10000+,Pvt Ltd,>4
2384,Has relevent experience,9,500-999,Pvt Ltd,>4
24511,Has relevent experience,18,100-500,NGO,1
31932,Has relevent experience,>20,,,2
10365,Has relevent experience,>20,100-500,Pvt Ltd,2
26853,No relevent experience,3,<10,NGO,1
19495,No relevent experience,2,<10,Early Stage Startup,never
15017,No relevent experience,4,,,2
28860,Has relevent experience,15,10/49,Funded Startup,1
20171,Has relevent experience,16,100-500,Pvt Ltd,1
2975,Has relevent experience,20,10/49,Pvt Ltd,1
31553,Has relevent experience,11,1000-4999,,2
16892,Has relevent experience,4,50-99,Pvt Ltd,3
26849,Has relevent experience,>20,,,2
26067,No relevent experience,5,1000-4999,Pvt Ltd,>4
14073,Has relevent experience,11,10/49,Funded Startup,1
5250,Has relevent experience,3,,Pvt Ltd,never
2994,Has relevent experience,8,10000+,Pvt Ltd,1
7167,Has relevent experience,6,10/49,,1
30284,Has relevent experience,>20,100-500,Pvt Ltd,2
18309,No relevent experience,10,,,never
18951,Has relevent experience,7,100-500,Pvt Ltd,3
14133,Has relevent experience,9,50-99,Funded Startup,2
32615,No relevent experience,<1,1000-4999,Public Sector,2
29968,No relevent experience,3,,,1
27421,No relevent experience,3,10000+,Pvt Ltd,1
17508,Has relevent experience,4,50-99,Pvt Ltd,1
19407,Has relevent experience,6,5000-9999,Pvt Ltd,4
7721,Has relevent experience,>20,<10,Funded Startup,2
11577,Has relevent experience,4,100-500,Pvt Ltd,3
11498,Has relevent experience,3,,Early Stage Startup,never
7278,No relevent experience,3,,,
27202,Has relevent experience,15,,,1
4016,Has relevent experience,>20,5000-9999,Public Sector,2
24248,Has relevent experience,3,50-99,Pvt Ltd,never
7412,No relevent experience,1,50-99,Pvt Ltd,1
1874,No relevent experience,4,,,
3145,Has relevent experience,16,500-999,Pvt Ltd,1
2939,Has relevent experience,7,100-500,Pvt Ltd,3
14043,Has relevent experience,15,50-99,Pvt Ltd,>4
26891,Has relevent experience,>20,5000-9999,Pvt Ltd,4
23391,Has relevent experience,5,,Pvt Ltd,never
12375,Has relevent experience,<1,50-99,,2
23903,Has relevent experience,>20,,,>4
10615,Has relevent experience,14,1000-4999,Pvt Ltd,2
31171,No relevent experience,1,10/49,,1
23083,Has relevent experience,10,50-99,,3
33131,No relevent experience,5,<10,Pvt Ltd,3
3674,Has relevent experience,10,50-99,Public Sector,2
17093,Has relevent experience,>20,10000+,Pvt Ltd,>4
31987,Has relevent experience,2,500-999,,1
6696,No relevent experience,15,<10,Pvt Ltd,2
20301,Has relevent experience,5,10000+,Pvt Ltd,2
24874,Has relevent experience,3,10000+,,3
29819,Has relevent experience,14,50-99,Funded Startup,1
11499,Has relevent experience,10,<10,Pvt Ltd,2
30715,Has relevent experience,10,100-500,Pvt Ltd,1
18813,No relevent experience,5,,,1
20220,No relevent experience,11,50-99,Pvt Ltd,1
3581,No relevent experience,8,,,1
28587,Has relevent experience,3,10000+,NGO,2
1671,No relevent experience,<1,,,never
28977,Has relevent experience,>20,,,4
16222,No relevent experience,5,,,1
15399,Has relevent experience,9,100-500,Pvt Ltd,4
14830,Has relevent experience,10,100-500,Pvt Ltd,>4
16330,No relevent experience,3,5000-9999,Pvt Ltd,1
33380,No relevent experience,14,10000+,Pvt Ltd,2
977,Has relevent experience,5,,,1
681,Has relevent experience,9,10000+,Pvt Ltd,1
7495,Has relevent experience,6,10000+,Pvt Ltd,2
30418,Has relevent experience,9,1000-4999,Pvt Ltd,2
16969,No relevent experience,>20,5000-9999,Pvt Ltd,>4
18480,Has relevent experience,>20,,,never
22044,Has relevent experience,7,,,never
9203,Has relevent experience,>20,1000-4999,Pvt Ltd,1
15897,Has relevent experience,8,500-999,Public Sector,1
13624,Has relevent experience,5,10/49,Pvt Ltd,1
20062,No relevent experience,>20,10/49,Pvt Ltd,4
9855,Has relevent experience,>20,50-99,Pvt Ltd,>4
26006,Has relevent experience,>20,,,3
8782,Has relevent experience,7,10/49,Pvt Ltd,>4
19931,No relevent experience,3,,,2
13007,No relevent experience,3,100-500,Pvt Ltd,1
10219,Has relevent experience,>20,50-99,Pvt Ltd,2
27783,Has relevent experience,16,50-99,Pvt Ltd,1
19131,No relevent experience,2,10000+,Pvt Ltd,1
7956,No relevent experience,6,,,
3845,Has relevent experience,5,50-99,Pvt Ltd,>4
28624,Has relevent experience,17,10/49,Pvt Ltd,1
19669,Has relevent experience,7,10/49,Pvt Ltd,1
27715,No relevent experience,>20,<10,Pvt Ltd,>4
7190,Has relevent experience,>20,<10,,3
28075,Has relevent experience,4,50-99,,1
32502,Has relevent experience,12,50-99,Pvt Ltd,>4
28517,No relevent experience,12,10/49,Funded Startup,2
2572,Has relevent experience,10,10000+,Pvt Ltd,never
8634,Has relevent experience,>20,,,>4
24281,Has relevent experience,6,50-99,Pvt Ltd,2
16479,No relevent experience,6,100-500,Pvt Ltd,1
29705,Has relevent experience,<1,10/49,Pvt Ltd,1
5311,No relevent experience,>20,,,2
32590,No relevent experience,5,,,never
13575,Has relevent experience,>20,50-99,Pvt Ltd,1
19782,Has relevent experience,6,50-99,Pvt Ltd,3
14336,Has relevent experience,16,50-99,NGO,2
4335,Has relevent experience,16,1000-4999,Pvt Ltd,>4
26182,Has relevent experience,9,,,>4
31612,Has relevent experience,14,10000+,Pvt Ltd,2
23175,No relevent experience,5,100-500,Pvt Ltd,
15041,No relevent experience,13,10000+,Public Sector,>4
26416,No relevent experience,2,,,never
26048,No relevent experience,6,,,1
3162,Has relevent experience,10,500-999,Pvt Ltd,4
4880,Has relevent experience,16,10000+,Pvt Ltd,>4
23144,Has relevent experience,6,10/49,Pvt Ltd,>4
10996,Has relevent experience,12,50-99,Pvt Ltd,>4
22619,No relevent experience,4,,Pvt Ltd,1
15968,Has relevent experience,7,100-500,Pvt Ltd,1
33150,Has relevent experience,2,,,never
33056,Has relevent experience,3,50-99,Funded Startup,1
9264,Has relevent experience,18,10000+,Pvt Ltd,4
28291,Has relevent experience,>20,<10,Other,1
4392,Has relevent experience,2,10000+,Pvt Ltd,1
3300,Has relevent experience,14,10/49,Pvt Ltd,3
30825,No relevent experience,2,10000+,,never
30500,Has relevent experience,10,,,1
22662,Has relevent experience,>20,10000+,Pvt Ltd,1
10417,Has relevent experience,18,50-99,Pvt Ltd,1
6777,Has relevent experience,6,1000-4999,Pvt Ltd,2
12333,No relevent experience,3,,,
11021,Has relevent experience,7,10000+,Pvt Ltd,4
241,Has relevent experience,7,<10,Pvt Ltd,4
30935,Has relevent experience,5,100-500,Pvt Ltd,1
29164,Has relevent experience,11,10000+,Public Sector,3
19711,Has relevent experience,>20,10000+,Pvt Ltd,4
4775,Has relevent experience,7,50-99,Pvt Ltd,1
26429,No relevent experience,2,,,1
8464,Has relevent experience,2,,,
21021,Has relevent experience,12,50-99,Funded Startup,1
29504,Has relevent experience,>20,1000-4999,Public Sector,>4
898,Has relevent experience,15,10/49,Pvt Ltd,2
10524,Has relevent experience,9,100-500,Pvt Ltd,>4
22051,Has relevent experience,4,,Pvt Ltd,3
28245,Has relevent experience,>20,,Pvt Ltd,>4
28221,No relevent experience,2,,,1
9917,Has relevent experience,7,500-999,Pvt Ltd,
24567,No relevent experience,15,10000+,Pvt Ltd,>4
14526,Has relevent experience,14,50-99,Pvt Ltd,2
32662,Has relevent experience,5,500-999,Pvt Ltd,3
9853,Has relevent experience,6,<10,Funded Startup,1
20176,No relevent experience,2,,,never
29611,Has relevent experience,16,<10,Pvt Ltd,>4
27473,Has relevent experience,>20,1000-4999,Pvt Ltd,>4
5237,Has relevent experience,6,1000-4999,Pvt Ltd,>4
1331,Has relevent experience,7,500-999,Funded Startup,2
19844,Has relevent experience,4,100-500,Public Sector,2
6700,Has relevent experience,>20,50-99,Pvt Ltd,>4
21080,Has relevent experience,4,,,1
10257,Has relevent experience,>20,100-500,Pvt Ltd,1
26844,Has relevent experience,20,50-99,Pvt Ltd,1
31093,No relevent experience,16,,,>4
15688,Has relevent experience,11,1000-4999,Pvt Ltd,2
24563,Has relevent experience,3,50-99,Early Stage Startup,1
26780,Has relevent experience,<1,,,2
25317,Has relevent experience,6,100-500,Pvt Ltd,3
33374,Has relevent experience,10,,,2
5396,No relevent experience,5,,,1
23642,No relevent experience,5,,,never
2283,Has relevent experience,19,100-500,Pvt Ltd,2
29822,Has relevent experience,10,50-99,Pvt Ltd,1
5555,Has relevent experience,20,10000+,Public Sector,1
29851,Has relevent experience,3,,,1
20294,Has relevent experience,9,500-999,Pvt Ltd,3
24562,Has relevent experience,>20,100-500,Pvt Ltd,1
1485,Has relevent experience,15,50-99,Pvt Ltd,>4
7471,Has relevent experience,11,<10,Pvt Ltd,2
10243,No relevent experience,4,,,1
1051,No relevent experience,3,,,1
27955,Has relevent experience,14,100-500,Pvt Ltd,>4
5490,No relevent experience,4,,Pvt Ltd,never
16583,No relevent experience,<1,,,never
32032,Has relevent experience,>20,100-500,NGO,1
5454,Has relevent experience,15,50-99,Early Stage Startup,1
3058,Has relevent experience,17,500-999,Pvt Ltd,1
4705,Has relevent experience,3,50-99,Pvt Ltd,3
14732,No relevent experience,4,,Public Sector,1
26569,Has relevent experience,>20,,,3
33256,No relevent experience,2,,,2
5789,Has relevent experience,11,100-500,Pvt Ltd,1
28019,Has relevent experience,2,,,2
21908,Has relevent experience,5,<10,Pvt Ltd,>4
16494,Has relevent experience,>20,50-99,Early Stage Startup,3
21446,Has relevent experience,2,50-99,Funded Startup,1
12707,Has relevent experience,>20,,,3
14283,Has relevent experience,16,50-99,Pvt Ltd,1
15959,Has relevent experience,10,50-99,,4
29154,No relevent experience,12,,,1
11379,No relevent experience,7,,,never
9401,Has relevent experience,7,100-500,Funded Startup,2
22256,No relevent experience,3,,,1
12452,No relevent experience,<1,50-99,Pvt Ltd,1
7723,Has relevent experience,16,10/49,Funded Startup,1
20075,No relevent experience,<1,<10,Early Stage Startup,1
8999,Has relevent experience,>20,50-99,Early Stage Startup,1
28690,No relevent experience,5,,,1
16770,No relevent experience,3,<10,Early Stage Startup,1
3329,No relevent experience,5,,Pvt Ltd,never
1553,Has relevent experience,8,10000+,Pvt Ltd,
8773,Has relevent experience,10,10/49,Pvt Ltd,1
1162,Has relevent experience,5,50-99,Pvt Ltd,3
32989,No relevent experience,3,1000-4999,NGO,1
30888,Has relevent experience,10,100-500,Pvt Ltd,>4
27188,No relevent experience,11,100-500,Pvt Ltd,1
20136,Has relevent experience,>20,10/49,Pvt Ltd,1
2836,Has relevent experience,8,100-500,Pvt Ltd,3
861,Has relevent experience,14,50-99,Pvt Ltd,2
31506,Has relevent experience,9,10/49,Pvt Ltd,2
21960,No relevent experience,1,,,1
6385,Has relevent experience,16,10/49,Funded Startup,2
26170,Has relevent experience,2,100-500,Pvt Ltd,1
32328,No relevent experience,5,10000+,Pvt Ltd,2
27935,No relevent experience,9,100-500,Pvt Ltd,never
13265,Has relevent experience,>20,500-999,Pvt Ltd,3
27763,Has relevent experience,>20,100-500,Pvt Ltd,1
18895,Has relevent experience,12,1000-4999,,2
8661,No relevent experience,10,10000+,Pvt Ltd,3
5139,No relevent experience,2,,,never
9801,Has relevent experience,2,50-99,Pvt Ltd,2
19670,Has relevent experience,16,,,1
13713,Has relevent experience,1,10000+,Public Sector,1
22355,Has relevent experience,11,10000+,Pvt Ltd,>4
20277,No relevent experience,<1,100-500,,never
17076,Has relevent experience,11,10000+,Pvt Ltd,1
11496,No relevent experience,5,,,never
20258,Has relevent experience,14,50-99,Funded Startup,1
21784,Has relevent experience,>20,,,2
16644,Has relevent experience,14,10/49,Pvt Ltd,2
14396,Has relevent experience,>20,<10,Pvt Ltd,>4
29130,Has relevent experience,>20,,,1
11557,Has relevent experience,13,100-500,Pvt Ltd,never
23230,Has relevent experience,>20,10/49,Pvt Ltd,>4
24420,Has relevent experience,10,100-500,Pvt Ltd,>4
32391,No relevent experience,3,,Pvt Ltd,never
3301,Has relevent experience,>20,100-500,Pvt Ltd,1
22944,Has relevent experience,>20,<10,Pvt Ltd,1
8776,Has relevent experience,9,100-500,NGO,1
26043,Has relevent experience,10,,,1
32512,No relevent experience,<1,10000+,Pvt Ltd,1
9168,No relevent experience,2,,,never
27993,Has relevent experience,8,10000+,Pvt Ltd,4
5061,No relevent experience,9,,,never
19716,Has relevent experience,11,,Pvt Ltd,1
32221,No relevent experience,15,100-500,Pvt Ltd,3
13378,Has relevent experience,5,50-99,Funded Startup,1
24146,Has relevent experience,5,,,1
10170,Has relevent experience,9,100-500,Funded Startup,1
19805,Has relevent experience,8,50-99,Pvt Ltd,1
7542,Has relevent experience,>20,1000-4999,Pvt Ltd,>4
7256,Has relevent experience,4,,,1
19374,Has relevent experience,7,<10,Early Stage Startup,1
30694,Has relevent experience,6,50-99,Pvt Ltd,>4
12107,Has relevent experience,10,1000-4999,Pvt Ltd,never
6608,Has relevent experience,13,<10,Pvt Ltd,1
27482,Has relevent experience,9,10000+,Pvt Ltd,2
9366,Has relevent experience,7,50-99,Pvt Ltd,never
24172,Has relevent experience,8,10000+,Pvt Ltd,>4
25410,No relevent experience,<1,,,1
32351,No relevent experience,9,50-99,,1
23481,Has relevent experience,>20,10000+,Pvt Ltd,>4
6494,Has relevent experience,>20,,,1
14572,Has relevent experience,8,50-99,Public Sector,4
6220,No relevent experience,2,,,never
23388,Has relevent experience,9,,,2
18543,No relevent experience,10,,Public Sector,1
31280,No relevent experience,15,100-500,Pvt Ltd,>4
12671,No relevent experience,1,,,1
11676,No relevent experience,5,,,never
33238,Has relevent experience,7,,,1
32215,Has relevent experience,>20,100-500,Pvt Ltd,>4
2904,Has relevent experience,5,,,1
17398,Has relevent experience,9,,,1
1338,Has relevent experience,11,<10,Pvt Ltd,never
7580,Has relevent experience,8,100-500,Pvt Ltd,1
19749,Has relevent experience,15,10/49,Pvt Ltd,>4
28748,No relevent experience,14,500-999,Public Sector,1
17073,Has relevent experience,10,<10,Early Stage Startup,never
17226,No relevent experience,1,,,never
32846,No relevent experience,2,,,2
16388,Has relevent experience,6,,,1
27875,Has relevent experience,>20,<10,Early Stage Startup,>4
32968,No relevent experience,3,50-99,,1
1652,No relevent experience,5,,,1
20060,Has relevent experience,12,,Public Sector,
10992,No relevent experience,1,1000-4999,Pvt Ltd,1
18654,No relevent experience,3,,,never
6627,Has relevent experience,11,100-500,Pvt Ltd,1
15800,Has relevent experience,3,,,1
30730,No relevent experience,4,,,2
19049,No relevent experience,8,,,1
21403,Has relevent experience,4,<10,,2
25998,Has relevent experience,9,10000+,Pvt Ltd,2
23807,No relevent experience,12,,,>4
30378,Has relevent experience,8,,,never
11092,Has relevent experience,14,50-99,Pvt Ltd,2
4657,Has relevent experience,>20,,,never
9316,Has relevent experience,6,500-999,,2
31771,Has relevent experience,6,1000-4999,Pvt Ltd,1
17742,No relevent experience,7,100-500,Pvt Ltd,2
26947,No relevent experience,16,,,never
4708,Has relevent experience,9,,Funded Startup,1
30391,No relevent experience,4,,,1
16095,Has relevent experience,7,<10,Pvt Ltd,>4
21031,Has relevent experience,1,,,1
24770,Has relevent experience,>20,50-99,Pvt Ltd,4
11892,Has relevent experience,6,100-500,Early Stage Startup,1
15315,Has relevent experience,9,<10,Pvt Ltd,1
31497,Has relevent experience,17,,,1
18134,Has relevent experience,11,,,1
21701,Has relevent experience,5,100-500,Pvt Ltd,never
3742,Has relevent experience,11,10/49,Pvt Ltd,>4
2198,Has relevent experience,6,1000-4999,Pvt Ltd,1
31698,Has relevent experience,>20,,,>4
364,Has relevent experience,>20,1000-4999,Public Sector,>4
5815,Has relevent experience,>20,,,>4
24632,No relevent experience,>20,5000-9999,Public Sector,>4
31830,Has relevent experience,10,5000-9999,Public Sector,1
19277,Has relevent experience,7,1000-4999,Pvt Ltd,2
9394,No relevent experience,5,100-500,Pvt Ltd,1
14380,Has relevent experience,9,50-99,Pvt Ltd,1
28067,Has relevent experience,>20,1000-4999,Public Sector,>4
28108,Has relevent experience,>20,,,1
27662,Has relevent experience,7,,,1
24805,Has relevent experience,6,100-500,Pvt Ltd,1
27079,Has relevent experience,19,<10,Funded Startup,1
15813,Has relevent experience,9,,,1
30499,Has relevent experience,12,,,1
22287,Has relevent experience,14,100-500,NGO,1
1912,Has relevent experience,1,,,never
16545,No relevent experience,2,,,never
18973,Has relevent experience,>20,10000+,Pvt Ltd,>4
3692,Has relevent experience,12,500-999,Pvt Ltd,2
16292,Has relevent experience,2,50-99,Pvt Ltd,never
19090,Has relevent experience,9,1000-4999,Pvt Ltd,>4
32807,No relevent experience,5,50-99,Pvt Ltd,4
2713,Has relevent experience,10,10000+,Pvt Ltd,1
21486,Has relevent experience,>20,<10,Pvt Ltd,2
27986,Has relevent experience,16,1000-4999,Pvt Ltd,3
27288,Has relevent experience,5,<10,Early Stage Startup,1
32562,Has relevent experience,18,,,never
33235,No relevent experience,4,,,never
25059,Has relevent experience,>20,<10,Early Stage Startup,>4
10154,No relevent experience,14,,,1
28567,Has relevent experience,5,,,>4
27480,Has relevent experience,6,,,1
33013,No relevent experience,6,10/49,Early Stage Startup,1
14763,Has relevent experience,11,,,>4
15612,Has relevent experience,2,10/49,Pvt Ltd,never
15052,Has relevent experience,10,10/49,Pvt Ltd,1
15045,Has relevent experience,12,100-500,,3
1606,Has relevent experience,17,50-99,Funded Startup,1
19973,Has relevent experience,16,10000+,Pvt Ltd,1
12198,No relevent experience,3,500-999,Funded Startup,1
27791,Has relevent experience,5,<10,Early Stage Startup,1
23321,Has relevent experience,3,10/49,Pvt Ltd,1
14129,Has relevent experience,17,,,1
11302,Has relevent experience,6,50-99,Funded Startup,1
26669,Has relevent experience,6,50-99,Pvt Ltd,2
2482,Has relevent experience,2,<10,Early Stage Startup,
32974,Has relevent experience,6,1000-4999,,1
19833,Has relevent experience,6,<10,Pvt Ltd,1
22626,Has relevent experience,6,50-99,Pvt Ltd,1
30349,Has relevent experience,12,100-500,Pvt Ltd,>4
27738,Has relevent experience,>20,100-500,Pvt Ltd,3
5666,Has relevent experience,14,50-99,Pvt Ltd,1
27821,Has relevent experience,>20,10000+,Pvt Ltd,>4
4277,Has relevent experience,>20,,,2
16130,Has relevent experience,5,10000+,,2
19635,No relevent experience,5,10000+,Pvt Ltd,1
32223,Has relevent experience,2,500-999,,1
9092,No relevent experience,7,,,4
12485,Has relevent experience,>20,100-500,Pvt Ltd,2
19536,Has relevent experience,5,500-999,Pvt Ltd,1
8777,No relevent experience,14,,,never
1902,Has relevent experience,6,500-999,NGO,1
17774,Has relevent experience,4,,,1
15078,No relevent experience,11,,,1
11176,No relevent experience,3,10000+,Other,
25455,Has relevent experience,>20,10/49,Pvt Ltd,2
25053,Has relevent experience,>20,500-999,Pvt Ltd,4
16781,Has relevent experience,>20,10/49,Pvt Ltd,1
25922,Has relevent experience,>20,100-500,,1
6607,Has relevent experience,5,<10,Early Stage Startup,never
29062,No relevent experience,5,,,never
10203,No relevent experience,5,,,1
24835,Has relevent experience,15,,,1
31237,Has relevent experience,4,50-99,Pvt Ltd,1
28398,Has relevent experience,14,100-500,Pvt Ltd,>4
6007,Has relevent experience,>20,100-500,Pvt Ltd,>4
3479,No relevent experience,4,,Public Sector,1
9099,No relevent experience,2,,,never
15756,No relevent experience,2,10/49,Early Stage Startup,1
29971,No relevent experience,4,1000-4999,Public Sector,1
3702,Has relevent experience,6,10/49,Pvt Ltd,>4
26024,Has relevent experience,18,500-999,Pvt Ltd,>4
20706,Has relevent experience,4,100-500,Pvt Ltd,2
2905,Has relevent experience,13,100-500,Pvt Ltd,1
18076,Has relevent experience,5,100-500,Funded Startup,3
30287,Has relevent experience,7,50-99,Pvt Ltd,1
11450,No relevent experience,19,1000-4999,Public Sector,>4
29675,Has relevent experience,12,10000+,Pvt Ltd,4
4779,Has relevent experience,17,,,
14765,Has relevent experience,7,10/49,Pvt Ltd,2
28791,No relevent experience,5,10000+,Public Sector,>4
30634,No relevent experience,10,,,3
2052,Has relevent experience,9,50-99,Pvt Ltd,4
13577,Has relevent experience,16,50-99,Pvt Ltd,3
10087,No relevent experience,17,5000-9999,Pvt Ltd,>4
24915,Has relevent experience,6,10/49,Pvt Ltd,1
33069,No relevent experience,1,,,1
9300,Has relevent experience,13,10/49,Pvt Ltd,>4
32572,Has relevent experience,9,10/49,Pvt Ltd,2
31287,Has relevent experience,3,<10,Pvt Ltd,1
33360,Has relevent experience,17,,,>4
25971,Has relevent experience,18,100-500,Pvt Ltd,never
62,No relevent experience,3,,,1
31051,Has relevent experience,>20,50-99,Pvt Ltd,>4
5620,Has relevent experience,4,100-500,Pvt Ltd,1
8608,Has relevent experience,7,100-500,NGO,>4
9034,Has relevent experience,8,10000+,Pvt Ltd,2
6655,Has relevent experience,4,10/49,Early Stage Startup,3
21468,Has relevent experience,5,10/49,Early Stage Startup,3
27374,No relevent experience,4,1000-4999,,1
20325,Has relevent experience,>20,5000-9999,Pvt Ltd,>4
2953,Has relevent experience,5,100-500,Pvt Ltd,3
11343,No relevent experience,3,,,3
27137,No relevent experience,>20,10000+,Pvt Ltd,4
27485,Has relevent experience,7,100-500,Pvt Ltd,4
26540,Has relevent experience,2,100-500,Pvt Ltd,1
20225,Has relevent experience,11,50-99,Pvt Ltd,2
29843,No relevent experience,4,,,4
20182,No relevent experience,>20,10000+,Public Sector,
19948,Has relevent experience,5,10000+,Pvt Ltd,1
17369,No relevent experience,3,,,never
22369,Has relevent experience,14,50-99,Pvt Ltd,1
25641,Has relevent experience,13,10000+,Pvt Ltd,4
16539,Has relevent experience,10,50-99,Pvt Ltd,4
21754,No relevent experience,>20,500-999,,2
24201,Has relevent experience,5,,,never
24320,No relevent experience,6,1000-4999,Pvt Ltd,3
6428,Has relevent experience,12,50-99,Funded Startup,1
19315,Has relevent experience,2,100-500,Pvt Ltd,1
25018,Has relevent experience,7,50-99,Pvt Ltd,1
14865,No relevent experience,2,,,1
25927,Has relevent experience,4,,,1
7406,Has relevent experience,11,50-99,Pvt Ltd,2
29698,No relevent experience,3,,,never
27355,Has relevent experience,6,,,2
33192,Has relevent experience,5,,,1
17819,Has relevent experience,5,,,1
6410,No relevent experience,3,50-99,Pvt Ltd,1
3465,Has relevent experience,3,<10,Pvt Ltd,3
1780,No relevent experience,5,,,1
1034,No relevent experience,6,,Pvt Ltd,never
10058,Has relevent experience,7,,,
814,Has relevent experience,14,100-500,Pvt Ltd,4
14058,Has relevent experience,10,<10,Pvt Ltd,>4
29673,No relevent experience,3,<10,Public Sector,never
23711,Has relevent experience,19,,,>4
3536,Has relevent experience,14,100-500,Pvt Ltd,2
13541,No relevent experience,>20,50-99,Pvt Ltd,1
10059,Has relevent experience,9,10000+,Pvt Ltd,1
758,Has relevent experience,16,500-999,Pvt Ltd,4
7819,No relevent experience,6,,,never
12564,No relevent experience,15,,,>4
19483,Has relevent experience,2,50-99,Pvt Ltd,1
8365,Has relevent experience,5,<10,Early Stage Startup,2
32018,Has relevent experience,>20,,Public Sector,>4
31631,Has relevent experience,6,50-99,Funded Startup,1
10888,Has relevent experience,14,500-999,Public Sector,4
9864,No relevent experience,7,,,never
29349,Has relevent experience,>20,10000+,Pvt Ltd,1
32326,Has relevent experience,4,50-99,Pvt Ltd,4
15604,No relevent experience,1,100-500,,1
12900,Has relevent experience,>20,100-500,Pvt Ltd,1
4964,Has relevent experience,6,50-99,Other,1
27449,Has relevent experience,9,50-99,Pvt Ltd,>4
16938,Has relevent experience,15,100-500,Pvt Ltd,1
19735,Has relevent experience,>20,50-99,Pvt Ltd,>4
7221,Has relevent experience,4,100-500,Early Stage Startup,4
29512,No relevent experience,5,,,never
24656,Has relevent experience,3,10000+,Pvt Ltd,1
6513,Has relevent experience,6,<10,Pvt Ltd,1
11160,Has relevent experience,16,1000-4999,Pvt Ltd,1
14608,No relevent experience,<1,,,never
569,Has relevent experience,12,500-999,Pvt Ltd,>4
7068,No relevent experience,>20,,,>4
32792,Has relevent experience,>20,100-500,Pvt Ltd,1
21708,Has relevent experience,4,50-99,Pvt Ltd,4
14490,Has relevent experience,>20,100-500,NGO,>4
22182,Has relevent experience,3,,,3
12571,Has relevent experience,9,100-500,Pvt Ltd,>4
19531,Has relevent experience,>20,50-99,Pvt Ltd,1
6858,Has relevent experience,6,500-999,Pvt Ltd,3
24041,Has relevent experience,7,1000-4999,Pvt Ltd,>4
27333,Has relevent experience,7,<10,Pvt Ltd,1
23591,Has relevent experience,>20,100-500,Pvt Ltd,2
27556,Has relevent experience,>20,100-500,Funded Startup,2
15328,No relevent experience,1,10000+,Pvt Ltd,1
5740,Has relevent experience,15,<10,Pvt Ltd,>4
14472,No relevent experience,19,,,
22585,No relevent experience,2,1000-4999,Pvt Ltd,1
9738,Has relevent experience,13,,,3
27567,Has relevent experience,>20,<10,Pvt Ltd,3
19292,No relevent experience,4,100-500,Public Sector,1
17419,Has relevent experience,11,1000-4999,Pvt Ltd,1
23754,No relevent experience,<1,,,never
22927,Has relevent experience,15,<10,Pvt Ltd,3
26797,No relevent experience,2,,,never
30503,No relevent experience,2,,,never
21294,No relevent experience,2,<10,Pvt Ltd,1
4853,No relevent experience,4,,,2
13121,Has relevent experience,14,<10,Pvt Ltd,
26112,Has relevent experience,>20,10000+,Pvt Ltd,>4
3813,No relevent experience,3,,Pvt Ltd,never
8223,Has relevent experience,>20,50-99,Pvt Ltd,1
964,Has relevent experience,19,,,1
16182,Has relevent experience,5,10000+,Pvt Ltd,1
1548,Has relevent experience,3,<10,Early Stage Startup,never
20748,Has relevent experience,8,50-99,Pvt Ltd,1
15151,Has relevent experience,<1,1000-4999,Pvt Ltd,1
269,Has relevent experience,11,50-99,Pvt Ltd,1
2078,Has relevent experience,15,1000-4999,Pvt Ltd,3
12714,Has relevent experience,>20,50-99,Pvt Ltd,>4
783,Has relevent experience,6,1000-4999,Pvt Ltd,1
31474,No relevent experience,3,,Pvt Ltd,never
29382,Has relevent experience,>20,,,1
29386,No relevent experience,4,,,1
26906,Has relevent experience,>20,50-99,Funded Startup,>4
16582,Has relevent experience,>20,,,2
14417,Has relevent experience,>20,10000+,Pvt Ltd,4
23690,Has relevent experience,4,50-99,,1
13146,No relevent experience,5,500-999,Public Sector,1
23848,No relevent experience,2,,Public Sector,never
30741,Has relevent experience,>20,50-99,NGO,1
13912,Has relevent experience,4,100-500,Pvt Ltd,1
5901,Has relevent experience,6,1000-4999,Pvt Ltd,2
20124,Has relevent experience,>20,100-500,Pvt Ltd,1
10937,Has relevent experience,>20,1000-4999,Public Sector,>4
24764,Has relevent experience,5,50-99,Pvt Ltd,1
13463,No relevent experience,6,,,1
14878,Has relevent experience,15,100-500,Pvt Ltd,1
19192,Has relevent experience,4,,,1
4156,Has relevent experience,3,,Pvt Ltd,never
12153,No relevent experience,2,,,2
31239,Has relevent experience,19,10000+,Pvt Ltd,>4
23902,Has relevent experience,18,<10,Pvt Ltd,1
4893,Has relevent experience,4,50-99,Pvt Ltd,1
21179,No relevent experience,10,,,never
11911,Has relevent experience,19,1000-4999,Pvt Ltd,1
12615,Has relevent experience,5,100-500,Pvt Ltd,1
19040,No relevent experience,4,,,1
10183,Has relevent experience,11,500-999,Pvt Ltd,3
30042,No relevent experience,11,,,1
14370,No relevent experience,4,,,1
5792,Has relevent experience,9,<10,Funded Startup,1
8720,Has relevent experience,>20,50-99,Pvt Ltd,3
17042,No relevent experience,4,,,2
23696,Has relevent experience,>20,50-99,Pvt Ltd,>4
19443,No relevent experience,5,,,3
15676,Has relevent experience,4,50-99,Funded Startup,2
24351,Has relevent experience,5,10000+,Pvt Ltd,never
751,Has relevent experience,8,500-999,Pvt Ltd,1
2577,No relevent experience,5,,Pvt Ltd,never
3538,Has relevent experience,>20,10000+,Pvt Ltd,>4
22590,Has relevent experience,7,,,>4
3887,Has relevent experience,13,5000-9999,Pvt Ltd,1
12122,Has relevent experience,3,50-99,Public Sector,2
16535,Has relevent experience,5,100-500,,1
17916,Has relevent experience,4,<10,Pvt Ltd,1
32811,Has relevent experience,4,,,1
31539,Has relevent experience,10,10/49,Pvt Ltd,>4
19507,No relevent experience,3,,,never
20061,Has relevent experience,8,,,>4
7244,Has relevent experience,3,100-500,NGO,>4
2720,Has relevent experience,7,<10,Early Stage Startup,1
6066,Has relevent experience,>20,50-99,Pvt Ltd,>4
9662,Has relevent experience,>20,,,1
4179,Has relevent experience,17,10000+,Pvt Ltd,4
29249,Has relevent experience,2,,,2
13391,Has relevent experience,3,<10,,never
14834,Has relevent experience,2,<10,Pvt Ltd,1
32114,No relevent experience,9,,,>4
14580,No relevent experience,3,100-500,Pvt Ltd,3
26803,No relevent experience,1,,,never
8415,Has relevent experience,>20,100-500,,
3794,Has relevent experience,>20,<10,Funded Startup,>4
30176,Has relevent experience,9,500-999,Pvt Ltd,2
14303,Has relevent experience,11,,,4
25708,No relevent experience,6,50-99,NGO,1
252,Has relevent experience,11,1000-4999,Pvt Ltd,1
33197,No relevent experience,4,,Pvt Ltd,never
4344,Has relevent experience,16,1000-4999,Pvt Ltd,1
3759,Has relevent experience,>20,500-999,Pvt Ltd,2
2731,Has relevent experience,<1,10000+,Pvt Ltd,
12575,Has relevent experience,>20,500-999,Pvt Ltd,1
20879,No relevent experience,4,100-500,,never
9541,Has relevent experience,15,,,1
22654,Has relevent experience,5,50-99,Pvt Ltd,1
24068,Has relevent experience,3,10/49,Public Sector,1
18671,No relevent experience,4,,,never
19581,Has relevent experience,6,100-500,Pvt Ltd,1
1975,Has relevent experience,9,10000+,Pvt Ltd,1
26169,Has relevent experience,6,100-500,Pvt Ltd,1
30426,No relevent experience,3,,Pvt Ltd,never
25707,Has relevent experience,5,50-99,Pvt Ltd,1
20351,Has relevent experience,5,100-500,Pvt Ltd,1
4468,Has relevent experience,>20,,,2
9657,Has relevent experience,3,10/49,Funded Startup,1
9033,No relevent experience,<1,,,1
25396,Has relevent experience,17,50-99,Pvt Ltd,1
30079,Has relevent experience,15,5000-9999,Pvt Ltd,2
32292,Has relevent experience,8,,,3
16121,Has relevent experience,4,50-99,Pvt Ltd,1
19861,No relevent experience,5,,,never
13328,Has relevent experience,14,10000+,Pvt Ltd,1
543,Has relevent experience,7,50-99,Pvt Ltd,2
10295,Has relevent experience,>20,1000-4999,Pvt Ltd,3
24561,Has relevent experience,>20,,,>4
27461,Has relevent experience,18,50-99,Funded Startup,>4
31399,Has relevent experience,14,,,4
12032,Has relevent experience,>20,,,>4
10031,Has relevent experience,8,<10,Early Stage Startup,1
21660,Has relevent experience,7,1000-4999,Pvt Ltd,1
3155,Has relevent experience,>20,1000-4999,Pvt Ltd,>4
27038,No relevent experience,20,,,>4
5431,No relevent experience,3,,,never
13433,Has relevent experience,7,1000-4999,Pvt Ltd,4
16929,Has relevent experience,15,1000-4999,Pvt Ltd,4
12499,Has relevent experience,15,500-999,Pvt Ltd,>4
31842,Has relevent experience,12,50-99,Pvt Ltd,3
15547,Has relevent experience,7,10000+,Pvt Ltd,4
20398,Has relevent experience,9,100-500,Pvt Ltd,1
12821,Has relevent experience,5,,,2
3853,Has relevent experience,4,,,1
12556,No relevent experience,10,,Public Sector,1
26177,No relevent experience,>20,10/49,Pvt Ltd,1
8067,Has relevent experience,14,1000-4999,Pvt Ltd,>4
9403,Has relevent experience,16,50-99,Pvt Ltd,3
13112,Has relevent experience,>20,50-99,Pvt Ltd,1
12486,Has relevent experience,6,50-99,Pvt Ltd,3
8796,Has relevent experience,5,<10,Pvt Ltd,1
7687,Has relevent experience,>20,1000-4999,Pvt Ltd,1
6559,No relevent experience,4,,,2
3352,Has relevent experience,9,,,2
17940,No relevent experience,13,,,never
32321,Has relevent experience,<1,50-99,NGO,1
14165,Has relevent experience,9,10/49,Early Stage Startup,1
27889,Has relevent experience,16,50-99,Pvt Ltd,>4
28017,Has relevent experience,16,,,>4
30377,Has relevent experience,5,<10,Other,1
9748,Has relevent experience,>20,100-500,Pvt Ltd,>4
29692,Has relevent experience,>20,1000-4999,Pvt Ltd,1
25448,Has relevent experience,7,,,>4
28345,Has relevent experience,6,10/49,Pvt Ltd,2
16375,Has relevent experience,<1,10/49,Pvt Ltd,1
607,Has relevent experience,13,50-99,Pvt Ltd,4
5952,Has relevent experience,20,10000+,Pvt Ltd,>4
25604,No relevent experience,11,,,2
18993,No relevent experience,5,50-99,Funded Startup,1
9984,No relevent experience,3,50-99,Pvt Ltd,1
142,Has relevent experience,>20,100-500,Pvt Ltd,3
4747,Has relevent experience,>20,,,>4
33244,Has relevent experience,8,1000-4999,Pvt Ltd,4
32209,No relevent experience,5,1000-4999,Public Sector,1
3005,Has relevent experience,8,<10,Early Stage Startup,1
24322,Has relevent experience,>20,5000-9999,Pvt Ltd,2
26705,Has relevent experience,6,10000+,Public Sector,2
12487,Has relevent experience,3,500-999,Pvt Ltd,2
19175,No relevent experience,7,,,1
33357,Has relevent experience,4,100-500,Pvt Ltd,1
22119,Has relevent experience,3,100-500,Pvt Ltd,2
29990,Has relevent experience,>20,10/49,Funded Startup,2
15370,Has relevent experience,9,50-99,,2
17937,No relevent experience,5,,,never
23613,Has relevent experience,>20,,,>4
4216,Has relevent experience,>20,100-500,Pvt Ltd,1
25530,No relevent experience,>20,,,>4
7235,Has relevent experience,19,50-99,Funded Startup,3
14976,Has relevent experience,10,,,never
15502,Has relevent experience,8,50-99,Funded Startup,>4
2069,Has relevent experience,>20,<10,Pvt Ltd,>4
33139,No relevent experience,5,,,1
9468,Has relevent experience,4,50-99,NGO,4
25820,Has relevent experience,19,10000+,Pvt Ltd,1
18401,Has relevent experience,5,10/49,Pvt Ltd,3
28970,No relevent experience,5,,,1
50,Has relevent experience,>20,10000+,Pvt Ltd,1
21591,Has relevent experience,>20,50-99,,>4
7715,Has relevent experience,5,10/49,Pvt Ltd,2
26617,Has relevent experience,10,10/49,Pvt Ltd,1
936,Has relevent experience,8,50-99,Funded Startup,4
8894,Has relevent experience,11,<10,Pvt Ltd,>4
22180,Has relevent experience,>20,100-500,Pvt Ltd,2
3120,Has relevent experience,14,100-500,,>4
11906,Has relevent experience,>20,100-500,Pvt Ltd,>4
7222,Has relevent experience,16,1000-4999,Pvt Ltd,1
6111,No relevent experience,>20,<10,Funded Startup,1
29172,Has relevent experience,15,1000-4999,Pvt Ltd,2
18229,No relevent experience,10,,,1
22239,Has relevent experience,5,1000-4999,Pvt Ltd,3
19129,No relevent experience,19,1000-4999,Pvt Ltd,2
17040,Has relevent experience,4,100-500,Pvt Ltd,2
24259,Has relevent experience,4,50-99,Pvt Ltd,2
19834,Has relevent experience,8,5000-9999,Pvt Ltd,never
23101,Has relevent experience,10,,,1
21628,Has relevent experience,4,100-500,,never
10679,Has relevent experience,2,10/49,Pvt Ltd,1
20845,No relevent experience,2,50-99,Funded Startup,1
31429,Has relevent experience,5,100-500,NGO,1
23841,Has relevent experience,>20,1000-4999,Pvt Ltd,1
32378,No relevent experience,10,50-99,Pvt Ltd,4
20618,Has relevent experience,14,50-99,Pvt Ltd,2
13231,Has relevent experience,9,50-99,Pvt Ltd,4
4379,Has relevent experience,>20,5000-9999,NGO,>4
16015,Has relevent experience,5,,Pvt Ltd,>4
5954,Has relevent experience,7,100-500,Pvt Ltd,1
26134,No relevent experience,2,,,never
29814,No relevent experience,16,10000+,Pvt Ltd,>4
27621,Has relevent experience,>20,100-500,Pvt Ltd,1
3755,Has relevent experience,6,10000+,Pvt Ltd,3
14521,Has relevent experience,>20,100-500,Pvt Ltd,1
29642,No relevent experience,3,,,1
17778,Has relevent experience,<1,,,never
8812,Has relevent experience,7,50-99,Pvt Ltd,>4
5277,Has relevent experience,3,,,1
2762,Has relevent experience,1,<10,Pvt Ltd,1
4259,No relevent experience,17,,,2
23721,No relevent experience,1,,,never
33130,Has relevent experience,>20,,,1
21508,Has relevent experience,9,10000+,Pvt Ltd,1
29733,Has relevent experience,19,500-999,NGO,1
22146,Has relevent experience,4,5000-9999,Pvt Ltd,2
8936,Has relevent experience,4,50-99,Pvt Ltd,1
25520,Has relevent experience,>20,100-500,Pvt Ltd,>4
30301,Has relevent experience,1,5000-9999,Pvt Ltd,1
4792,No relevent experience,6,,,1
15864,Has relevent experience,7,10000+,Pvt Ltd,1
14235,Has relevent experience,>20,500-999,Pvt Ltd,>4
6074,Has relevent experience,>20,50-99,Funded Startup,4
5565,Has relevent experience,17,1000-4999,Pvt Ltd,>4
22567,Has relevent experience,11,10/49,Pvt Ltd,1
22197,Has relevent experience,19,1000-4999,Pvt Ltd,>4
23633,No relevent experience,>20,10000+,Public Sector,>4
5983,Has relevent experience,6,50-99,Pvt Ltd,1
9985,Has relevent experience,11,10/49,Pvt Ltd,never
14351,Has relevent experience,>20,,,1
28359,No relevent experience,>20,,,>4
6774,Has relevent experience,16,50-99,Pvt Ltd,2
5384,Has relevent experience,16,<10,Funded Startup,
16762,Has relevent experience,12,10000+,Pvt Ltd,>4
13784,Has relevent experience,10,<10,Pvt Ltd,3
8409,Has relevent experience,14,<10,Pvt Ltd,1
9512,Has relevent experience,<1,50-99,Funded Startup,1
1640,No relevent experience,4,,,never
7089,No relevent experience,2,10/49,Early Stage Startup,1
3989,Has relevent experience,7,<10,Funded Startup,1
2756,Has relevent experience,8,50-99,Pvt Ltd,1
28672,No relevent experience,19,1000-4999,Pvt Ltd,1
110,Has relevent experience,>20,,,>4
31114,No relevent experience,5,,,1
22981,Has relevent experience,18,100-500,Pvt Ltd,4
18468,Has relevent experience,2,50-99,Pvt Ltd,1
10672,No relevent experience,<1,50-99,NGO,3
25954,Has relevent experience,>20,1000-4999,Pvt Ltd,2
28980,No relevent experience,8,,,1
19517,Has relevent experience,9,50-99,Other,2
15613,Has relevent experience,2,500-999,Funded Startup,never
5149,Has relevent experience,10,10000+,Pvt Ltd,never
4065,Has relevent experience,14,,,3
16509,Has relevent experience,15,10/49,Pvt Ltd,3
18360,No relevent experience,<1,,,never
19695,No relevent experience,17,,,1
6765,Has relevent experience,8,50-99,Pvt Ltd,1
20041,No relevent experience,2,,,never
18313,No relevent experience,2,,,never
30926,Has relevent experience,>20,<10,Pvt Ltd,>4
30328,Has relevent experience,14,,,1
9177,Has relevent experience,8,10/49,Pvt Ltd,1
31020,No relevent experience,4,,,1
2009,Has relevent experience,15,1000-4999,Pvt Ltd,4
3188,Has relevent experience,8,10000+,NGO,never
28914,No relevent experience,<1,,,never
1199,No relevent experience,12,100-500,NGO,1
10538,Has relevent experience,17,50-99,NGO,>4
1792,No relevent experience,3,,Pvt Ltd,never
25276,Has relevent experience,8,,,1
4907,Has relevent experience,12,<10,Pvt Ltd,2
19759,Has relevent experience,1,50-99,,1
294,Has relevent experience,19,500-999,Pvt Ltd,2
28153,Has relevent experience,>20,50-99,,>4
28338,Has relevent experience,>20,10000+,Public Sector,1
19327,No relevent experience,5,,,never
6069,Has relevent experience,6,50-99,Pvt Ltd,>4
25306,Has relevent experience,9,50-99,Pvt Ltd,1
12113,Has relevent experience,3,,,1
4592,No relevent experience,2,,,
14104,Has relevent experience,>20,50-99,Pvt Ltd,3
446,No relevent experience,1,,,
23452,No relevent experience,5,,,
12043,No relevent experience,3,,,never
2135,No relevent experience,1,,,never
33127,Has relevent experience,4,<10,Pvt Ltd,4
24439,No relevent experience,>20,,,>4
33113,Has relevent experience,19,50-99,Funded Startup,1
30128,Has relevent experience,>20,,,2
31322,Has relevent experience,19,10000+,Pvt Ltd,1
4366,Has relevent experience,9,10/49,Pvt Ltd,1
21890,Has relevent experience,4,,,1
14160,Has relevent experience,12,,,1
16126,No relevent experience,3,10000+,Pvt Ltd,2
27616,Has relevent experience,5,50-99,Pvt Ltd,1
24307,Has relevent experience,11,500-999,Pvt Ltd,1
18147,Has relevent experience,7,100-500,Pvt Ltd,never
4145,Has relevent experience,20,500-999,Pvt Ltd,>4
29837,Has relevent experience,5,100-500,Pvt Ltd,1
24744,No relevent experience,<1,,,never
1710,No relevent experience,>20,1000-4999,Pvt Ltd,>4
31119,Has relevent experience,3,50-99,Pvt Ltd,1
19160,No relevent experience,11,,,>4
23343,No relevent experience,<1,,,
9323,Has relevent experience,>20,100-500,Funded Startup,4
744,Has relevent experience,4,<10,Pvt Ltd,1
9916,Has relevent experience,>20,100-500,Pvt Ltd,>4
5307,Has relevent experience,3,50-99,,1
30874,Has relevent experience,>20,,,1
32300,No relevent experience,>20,500-999,Pvt Ltd,4
25901,Has relevent experience,3,10000+,Pvt Ltd,1
9376,Has relevent experience,14,10000+,Pvt Ltd,never
18978,Has relevent experience,19,100-500,Pvt Ltd,1
6988,Has relevent experience,17,,,3
19762,Has relevent experience,>20,,,>4
28270,Has relevent experience,6,1000-4999,Pvt Ltd,1
4900,No relevent experience,10,,,4
10269,Has relevent experience,>20,,,4
6854,Has relevent experience,12,<10,Funded Startup,2
19252,No relevent experience,6,,,never
26642,Has relevent experience,1,,,1
33071,Has relevent experience,10,50-99,Pvt Ltd,1
18148,No relevent experience,2,,,1
6852,Has relevent experience,10,1000-4999,Pvt Ltd,1
14507,No relevent experience,3,10000+,Pvt Ltd,1
23327,Has relevent experience,6,100-500,,3
6104,Has relevent experience,5,100-500,Pvt Ltd,1
29309,Has relevent experience,2,50-99,NGO,1
28537,Has relevent experience,9,100-500,Pvt Ltd,4
754,No relevent experience,2,,,1
27015,Has relevent experience,16,5000-9999,Pvt Ltd,1
30434,No relevent experience,9,,,1
26028,No relevent experience,3,1000-4999,Pvt Ltd,1
9804,Has relevent experience,14,50-99,Pvt Ltd,>4
6387,Has relevent experience,9,,,never
11158,No relevent experience,2,,,never
7552,Has relevent experience,>20,100-500,Pvt Ltd,>4
1562,No relevent experience,17,10000+,Pvt Ltd,>4
9583,Has relevent experience,17,5000-9999,Pvt Ltd,>4
15600,Has relevent experience,15,5000-9999,Pvt Ltd,>4
28097,Has relevent experience,15,10000+,Pvt Ltd,2
27633,Has relevent experience,3,1000-4999,Pvt Ltd,3
15066,Has relevent experience,4,5000-9999,Pvt Ltd,1
1564,Has relevent experience,5,10000+,Pvt Ltd,1
19767,Has relevent experience,4,,,1
1355,Has relevent experience,>20,50-99,Other,1
9022,No relevent experience,1,,,1
5125,Has relevent experience,10,,,>4
29495,No relevent experience,4,50-99,Pvt Ltd,1
4717,Has relevent experience,13,,,1
16720,No relevent experience,10,,,never
6137,Has relevent experience,2,<10,Pvt Ltd,1
1285,Has relevent experience,11,100-500,Pvt Ltd,never
24839,No relevent experience,2,,,never
4359,Has relevent experience,>20,10/49,Other,>4
13734,Has relevent experience,16,<10,Pvt Ltd,1
17219,No relevent experience,1,50-99,Pvt Ltd,1
2096,Has relevent experience,10,50-99,Pvt Ltd,3
16112,Has relevent experience,4,1000-4999,Pvt Ltd,2
23913,Has relevent experience,6,50-99,Pvt Ltd,1
11507,No relevent experience,10,5000-9999,Pvt Ltd,1
15321,Has relevent experience,9,10000+,Pvt Ltd,2
23678,Has relevent experience,>20,10/49,,
27950,Has relevent experience,3,,,2
15295,Has relevent experience,9,10000+,Pvt Ltd,1
18537,Has relevent experience,>20,,,>4
6863,No relevent experience,3,<10,Early Stage Startup,
28047,Has relevent experience,5,100-500,Funded Startup,1
26708,Has relevent experience,8,50-99,Pvt Ltd,1
17990,No relevent experience,2,,,never
9035,No relevent experience,3,,,never
10801,Has relevent experience,4,100-500,Public Sector,2
17320,No relevent experience,4,,,1
624,Has relevent experience,>20,100-500,Pvt Ltd,2
22000,Has relevent experience,>20,,,1
30555,Has relevent experience,4,,,1
16862,Has relevent experience,6,100-500,Pvt Ltd,1
25649,Has relevent experience,>20,10000+,Pvt Ltd,>4
1384,No relevent experience,3,,,1
10605,Has relevent experience,12,10/49,Pvt Ltd,1
10887,Has relevent experience,>20,<10,Pvt Ltd,>4
28870,Has relevent experience,14,,Public Sector,1
17270,Has relevent experience,15,50-99,Pvt Ltd,>4
5816,Has relevent experience,9,1000-4999,Pvt Ltd,4
23568,Has relevent experience,>20,,,>4
25042,Has relevent experience,3,1000-4999,Pvt Ltd,2
15662,Has relevent experience,9,100-500,Pvt Ltd,1
3551,Has relevent experience,>20,100-500,Pvt Ltd,>4
20595,Has relevent experience,>20,50-99,Pvt Ltd,1
17776,No relevent experience,5,,,1
1551,Has relevent experience,>20,100-500,Funded Startup,1
27183,Has relevent experience,15,10/49,Funded Startup,1
32503,Has relevent experience,15,50-99,Pvt Ltd,2
1761,Has relevent experience,>20,10000+,Pvt Ltd,2
30920,Has relevent experience,20,100-500,Pvt Ltd,2
15655,No relevent experience,4,,,
30238,Has relevent experience,>20,,,>4
3394,Has relevent experience,4,10000+,Pvt Ltd,2
3464,Has relevent experience,2,100-500,Pvt Ltd,1
13189,Has relevent experience,>20,500-999,NGO,>4
18056,Has relevent experience,>20,50-99,Pvt Ltd,2
15047,Has relevent experience,>20,50-99,Other,1
32870,Has relevent experience,1,50-99,Pvt Ltd,1
26065,Has relevent experience,>20,100-500,Pvt Ltd,>4
25989,Has relevent experience,>20,<10,Early Stage Startup,2
107,No relevent experience,14,100-500,Funded Startup,1
8395,Has relevent experience,7,50-99,Funded Startup,1
23353,No relevent experience,1,500-999,,never
26225,Has relevent experience,9,,,>4
22258,Has relevent experience,5,10/49,Pvt Ltd,2
26916,No relevent experience,>20,50-99,Funded Startup,1
24430,No relevent experience,18,100-500,Pvt Ltd,>4
1585,Has relevent experience,16,1000-4999,Pvt Ltd,2
3797,Has relevent experience,15,<10,Pvt Ltd,4
23050,Has relevent experience,5,10/49,Pvt Ltd,1
5409,Has relevent experience,20,100-500,Pvt Ltd,>4
8405,No relevent experience,1,10000+,,1
8838,No relevent experience,2,,,1
28659,Has relevent experience,9,500-999,Pvt Ltd,1
17865,Has relevent experience,10,100-500,Pvt Ltd,2
7331,No relevent experience,10,,,>4
9405,Has relevent experience,<1,,,1
27404,No relevent experience,>20,50-99,Pvt Ltd,2
20288,Has relevent experience,6,,,2
18472,Has relevent experience,<1,100-500,,1
22448,Has relevent experience,13,<10,Early Stage Startup,>4
23068,Has relevent experience,>20,50-99,NGO,1
9603,Has relevent experience,8,50-99,Early Stage Startup,1
1984,Has relevent experience,6,10/49,Pvt Ltd,1
3247,Has relevent experience,19,1000-4999,Pvt Ltd,
5778,Has relevent experience,3,500-999,Pvt Ltd,2
27741,Has relevent experience,13,1000-4999,Pvt Ltd,1
30601,No relevent experience,2,,Pvt Ltd,never
1223,Has relevent experience,>20,,,1
5535,No relevent experience,>20,,,>4
5481,Has relevent experience,7,,,>4
32175,Has relevent experience,10,10000+,Pvt Ltd,1
20979,Has relevent experience,>20,100-500,Pvt Ltd,1
20957,No relevent experience,2,<10,Early Stage Startup,1
20981,Has relevent experience,>20,<10,Pvt Ltd,2
25519,No relevent experience,1,,,never
22649,No relevent experience,<1,,,never
29482,Has relevent experience,>20,100-500,NGO,4
7309,Has relevent experience,>20,,,2
20854,Has relevent experience,10,100-500,Pvt Ltd,1
29842,No relevent experience,5,,,2
26834,No relevent experience,<1,,,never
10980,Has relevent experience,9,<10,Pvt Ltd,1
6128,Has relevent experience,>20,100-500,Pvt Ltd,>4
1270,Has relevent experience,4,<10,Funded Startup,1
21492,Has relevent experience,9,1000-4999,Pvt Ltd,>4
27023,No relevent experience,2,<10,,1
27085,Has relevent experience,4,100-500,Funded Startup,1
31071,Has relevent experience,15,50-99,Funded Startup,2
22838,No relevent experience,<1,,,never
30811,No relevent experience,4,,,never
24774,Has relevent experience,18,,,>4
29620,No relevent experience,2,,,never
1982,No relevent experience,3,,,never
19572,No relevent experience,7,50-99,Pvt Ltd,1
22382,Has relevent experience,>20,<10,Pvt Ltd,>4
5537,Has relevent experience,19,10000+,Pvt Ltd,4
13612,Has relevent experience,<1,50-99,Pvt Ltd,1
1535,Has relevent experience,18,5000-9999,Pvt Ltd,4
27061,Has relevent experience,13,50-99,Pvt Ltd,>4
16163,Has relevent experience,>20,,,>4
26787,No relevent experience,20,,,2
15761,Has relevent experience,12,50-99,,2
16009,Has relevent experience,10,50-99,Pvt Ltd,1
4020,Has relevent experience,>20,10000+,Pvt Ltd,2
20522,Has relevent experience,4,10/49,Pvt Ltd,2
22918,Has relevent experience,4,500-999,,1
13377,Has relevent experience,3,,,1
6107,Has relevent experience,6,1000-4999,Pvt Ltd,3
16143,Has relevent experience,>20,,,>4
10599,Has relevent experience,9,50-99,Pvt Ltd,never
19360,Has relevent experience,8,,Public Sector,2
8496,Has relevent experience,>20,100-500,Pvt Ltd,>4
22440,Has relevent experience,7,10000+,,1
23363,No relevent experience,5,100-500,Pvt Ltd,1
12781,Has relevent experience,>20,,,1
24106,Has relevent experience,8,10/49,Pvt Ltd,4
30487,Has relevent experience,<1,100-500,Pvt Ltd,1
19330,Has relevent experience,>20,1000-4999,Pvt Ltd,>4
2355,Has relevent experience,10,5000-9999,NGO,4
2909,Has relevent experience,7,50-99,Pvt Ltd,3
18037,No relevent experience,1,,,never
12962,No relevent experience,1,,,never
23350,Has relevent experience,9,50-99,Pvt Ltd,1
32262,No relevent experience,3,,,1
28421,Has relevent experience,5,10/49,Pvt Ltd,1
9054,Has relevent experience,12,100-500,Pvt Ltd,>4
17244,Has relevent experience,>20,,Pvt Ltd,>4
31069,No relevent experience,15,,,2
25324,Has relevent experience,>20,100-500,Pvt Ltd,>4
7682,Has relevent experience,6,5000-9999,NGO,1
20368,Has relevent experience,2,50-99,Pvt Ltd,2
18371,No relevent experience,9,10000+,Pvt Ltd,1
6896,Has relevent experience,18,,,>4
8975,No relevent experience,5,<10,NGO,1
1883,Has relevent experience,11,100-500,Pvt Ltd,1
31394,Has relevent experience,>20,10000+,Public Sector,1
26123,Has relevent experience,>20,5000-9999,Pvt Ltd,2
2770,Has relevent experience,>20,,,1
25139,No relevent experience,9,10000+,NGO,2
26140,Has relevent experience,3,5000-9999,,1
746,Has relevent experience,>20,10000+,Pvt Ltd,2
24695,Has relevent experience,10,<10,Pvt Ltd,4
33265,No relevent experience,7,10/49,Pvt Ltd,1
1495,No relevent experience,15,,Pvt Ltd,never
22950,Has relevent experience,5,50-99,Pvt Ltd,1
14579,Has relevent experience,7,500-999,Pvt Ltd,never
24631,Has relevent experience,2,10000+,Pvt Ltd,1
32490,Has relevent experience,16,50-99,Funded Startup,1
27936,Has relevent experience,5,,,1
5338,No relevent experience,4,100-500,NGO,1
15303,No relevent experience,4,,,never
30678,No relevent experience,1,,,1
156,Has relevent experience,12,10/49,Funded Startup,2
26038,Has relevent experience,>20,,,1
21916,Has relevent experience,14,,,1
1999,No relevent experience,2,,Funded Startup,1
757,Has relevent experience,>20,50-99,Pvt Ltd,2
10268,No relevent experience,2,500-999,Public Sector,2
6420,No relevent experience,<1,,,never
14230,No relevent experience,4,,,2
18349,Has relevent experience,3,10000+,Pvt Ltd,2
17238,Has relevent experience,7,50-99,Pvt Ltd,1
6675,Has relevent experience,11,100-500,Pvt Ltd,2
7628,Has relevent experience,14,<10,Funded Startup,1
24181,Has relevent experience,11,10/49,,never
2114,Has relevent experience,6,50-99,,1
2664,Has relevent experience,4,50-99,Pvt Ltd,1
2290,Has relevent experience,15,10000+,Pvt Ltd,2
23546,No relevent experience,5,,,never
5682,Has relevent experience,>20,10000+,Pvt Ltd,>4
6171,Has relevent experience,2,10000+,Pvt Ltd,1
11396,No relevent experience,4,,,never
21043,Has relevent experience,>20,10000+,Public Sector,2
19797,Has relevent experience,13,100-500,Pvt Ltd,>4
3350,No relevent experience,9,10000+,Pvt Ltd,never
27620,Has relevent experience,9,10/49,Funded Startup,1
13441,Has relevent experience,9,<10,Pvt Ltd,3
22538,Has relevent experience,7,,,1
14098,Has relevent experience,11,10/49,Funded Startup,1
12776,Has relevent experience,10,,,>4
5494,Has relevent experience,>20,,,2
19098,Has relevent experience,>20,,,2
8355,Has relevent experience,10,100-500,Pvt Ltd,>4
14758,No relevent experience,4,10000+,Pvt Ltd,1
3379,Has relevent experience,>20,<10,Pvt Ltd,>4
32791,Has relevent experience,11,50-99,Pvt Ltd,2
20941,Has relevent experience,4,50-99,Pvt Ltd,1
6623,Has relevent experience,16,1000-4999,Pvt Ltd,4
22147,No relevent experience,2,,Public Sector,1
32539,Has relevent experience,>20,,,1
17525,Has relevent experience,12,100-500,Pvt Ltd,3
9241,Has relevent experience,11,10/49,Pvt Ltd,3
25368,Has relevent experience,6,100-500,Pvt Ltd,4
8171,Has relevent experience,3,5000-9999,Pvt Ltd,1
12102,Has relevent experience,4,50-99,Pvt Ltd,1
5713,Has relevent experience,4,500-999,Pvt Ltd,1
28969,Has relevent experience,>20,100-500,Pvt Ltd,2
19382,Has relevent experience,15,50-99,Pvt Ltd,3
29790,No relevent experience,9,,,1
3509,Has relevent experience,12,,,2
2573,Has relevent experience,10,10000+,Pvt Ltd,1
29125,Has relevent experience,7,,,2
14431,Has relevent experience,11,,,3
7251,No relevent experience,6,<10,Pvt Ltd,>4
31559,Has relevent experience,>20,100-500,Pvt Ltd,>4
4040,Has relevent experience,7,1000-4999,Pvt Ltd,1
31189,Has relevent experience,5,10/49,Public Sector,1
11199,Has relevent experience,15,,,4
10963,No relevent experience,11,,,1
3288,Has relevent experience,5,10/49,Pvt Ltd,2
4797,Has relevent experience,5,,,1
12177,Has relevent experience,9,50-99,Funded Startup,1
18600,Has relevent experience,<1,10000+,Pvt Ltd,never
24494,Has relevent experience,4,,,2
18181,Has relevent experience,5,,,1
638,Has relevent experience,1,<10,Pvt Ltd,1
31623,Has relevent experience,12,10000+,Pvt Ltd,2
32199,Has relevent experience,7,,,2
23882,No relevent experience,10,10000+,Pvt Ltd,1
12434,Has relevent experience,4,100-500,Pvt Ltd,1
25976,Has relevent experience,5,100-500,Pvt Ltd,1
15444,Has relevent experience,>20,100-500,Pvt Ltd,1
6869,Has relevent experience,6,500-999,Pvt Ltd,1
11592,No relevent experience,14,50-99,NGO,1
21831,Has relevent experience,10,10/49,Pvt Ltd,>4
10300,No relevent experience,10,10000+,Public Sector,2
19420,Has relevent experience,5,50-99,Pvt Ltd,3
17812,Has relevent experience,7,,,3
14315,No relevent experience,1,,,never
14076,Has relevent experience,>20,10/49,Pvt Ltd,1
11797,Has relevent experience,>20,50-99,Pvt Ltd,>4
3909,Has relevent experience,1,1000-4999,NGO,1
13877,Has relevent experience,20,5000-9999,Pvt Ltd,2
29549,Has relevent experience,4,50-99,Pvt Ltd,1
433,No relevent experience,5,,Pvt Ltd,never
10753,Has relevent experience,16,100-500,NGO,1
11509,Has relevent experience,4,100-500,Pvt Ltd,4
17591,No relevent experience,3,,,never
14965,Has relevent experience,,,,
14722,Has relevent experience,7,50-99,Pvt Ltd,1
1469,No relevent experience,4,,,
5853,Has relevent experience,7,<10,Pvt Ltd,>4
4675,No relevent experience,4,,,never
23985,Has relevent experience,12,,,1
22717,Has relevent experience,4,50-99,,
27817,No relevent experience,5,,,never
19397,Has relevent experience,11,10/49,Pvt Ltd,4
24903,No relevent experience,<1,,,never
30872,No relevent experience,10,10000+,Pvt Ltd,>4
16376,Has relevent experience,6,5000-9999,NGO,never
1895,Has relevent experience,15,10/49,Pvt Ltd,1
20848,Has relevent experience,12,50-99,Pvt Ltd,1
1993,Has relevent experience,1,50-99,Pvt Ltd,1
18768,Has relevent experience,6,100-500,Pvt Ltd,2
22006,No relevent experience,4,,,never
18323,No relevent experience,5,,,never
32661,Has relevent experience,6,10000+,Pvt Ltd,1
33258,Has relevent experience,9,10/49,Pvt Ltd,4
24296,Has relevent experience,5,<10,Pvt Ltd,1
21781,No relevent experience,2,,,1
20248,Has relevent experience,15,50-99,Pvt Ltd,4
3506,Has relevent experience,17,50-99,Pvt Ltd,>4
7061,Has relevent experience,6,,,
12272,Has relevent experience,9,100-500,,1
32542,Has relevent experience,>20,<10,Pvt Ltd,never
18834,Has relevent experience,5,10/49,Pvt Ltd,3
6744,Has relevent experience,10,100-500,Pvt Ltd,1
13339,No relevent experience,<1,10/49,Pvt Ltd,1
20712,Has relevent experience,>20,,,>4
25805,Has relevent experience,1,10000+,Pvt Ltd,1
19387,Has relevent experience,14,1000-4999,Pvt Ltd,1
28471,Has relevent experience,>20,10000+,Pvt Ltd,>4
17306,No relevent experience,4,,,2
692,Has relevent experience,>20,100-500,Funded Startup,1
7493,Has relevent experience,6,50-99,Pvt Ltd,2
30723,Has relevent experience,13,1000-4999,NGO,1
32470,Has relevent experience,11,<10,Pvt Ltd,1
22164,Has relevent experience,>20,<10,Funded Startup,>4
12331,No relevent experience,2,,,
31165,No relevent experience,2,,,never
30395,Has relevent experience,15,50-99,Pvt Ltd,>4
5500,Has relevent experience,5,,,>4
12611,Has relevent experience,5,,,1
2244,Has relevent experience,15,50-99,Pvt Ltd,3
3986,Has relevent experience,4,10000+,Pvt Ltd,2
29198,Has relevent experience,5,1000-4999,Pvt Ltd,>4
23080,Has relevent experience,>20,,Pvt Ltd,1
30412,No relevent experience,3,,,>4
28378,No relevent experience,8,1000-4999,Pvt Ltd,1
6475,No relevent experience,2,,,never
663,Has relevent experience,>20,50-99,Pvt Ltd,>4
5591,Has relevent experience,7,500-999,Pvt Ltd,3
15552,Has relevent experience,2,5000-9999,Pvt Ltd,
13313,Has relevent experience,4,10000+,Pvt Ltd,1
30832,No relevent experience,1,,,1
31166,No relevent experience,6,1000-4999,Pvt Ltd,never
7695,Has relevent experience,8,100-500,NGO,1
4395,No relevent experience,6,500-999,Public Sector,>4
8245,Has relevent experience,14,100-500,Pvt Ltd,>4
10452,No relevent experience,9,10000+,Pvt Ltd,>4
3640,Has relevent experience,18,500-999,Pvt Ltd,>4
27673,Has relevent experience,20,,,1
30356,Has relevent experience,17,,,2
20701,Has relevent experience,7,<10,Early Stage Startup,never
18307,No relevent experience,<1,,,1
13799,Has relevent experience,9,50-99,Pvt Ltd,2
12369,Has relevent experience,5,10/49,Pvt Ltd,1
14279,Has relevent experience,4,10/49,Pvt Ltd,2
29761,No relevent experience,3,,,never
27320,Has relevent experience,>20,10000+,Pvt Ltd,>4
17687,Has relevent experience,6,100-500,Pvt Ltd,1
18685,Has relevent experience,>20,500-999,Pvt Ltd,1
18224,Has relevent experience,1,,,never
15972,Has relevent experience,19,500-999,Pvt Ltd,3
30585,Has relevent experience,6,50-99,Pvt Ltd,3
16884,Has relevent experience,15,100-500,Pvt Ltd,>4
28688,Has relevent experience,13,500-999,Pvt Ltd,>4
16068,Has relevent experience,19,,,never
10634,Has relevent experience,>20,,,>4
4933,Has relevent experience,>20,<10,Pvt Ltd,>4
12622,Has relevent experience,4,50-99,Pvt Ltd,never
22001,No relevent experience,>20,,,>4
22882,Has relevent experience,14,50-99,Pvt Ltd,>4
17364,No relevent experience,5,,,1
8254,Has relevent experience,11,100-500,Pvt Ltd,>4
23966,Has relevent experience,>20,10000+,Pvt Ltd,1
12771,Has relevent experience,2,<10,Funded Startup,2
29007,Has relevent experience,13,50-99,Funded Startup,1
11107,Has relevent experience,7,100-500,Pvt Ltd,1
7294,Has relevent experience,11,100-500,Pvt Ltd,2
23085,Has relevent experience,15,50-99,Pvt Ltd,3
6945,Has relevent experience,>20,10000+,Public Sector,>4
12710,Has relevent experience,9,1000-4999,Pvt Ltd,1
6340,Has relevent experience,>20,,Pvt Ltd,3
29985,No relevent experience,>20,1000-4999,Pvt Ltd,1
20889,Has relevent experience,>20,10000+,Pvt Ltd,>4
13885,Has relevent experience,18,10000+,Pvt Ltd,1
30927,Has relevent experience,5,,,2
22249,Has relevent experience,>20,10/49,Pvt Ltd,1
2138,Has relevent experience,>20,<10,Pvt Ltd,1
6318,Has relevent experience,14,10000+,Pvt Ltd,1
2391,No relevent experience,>20,,,2
30848,No relevent experience,2,,,never
12892,Has relevent experience,10,100-500,,never
24030,No relevent experience,6,50-99,Pvt Ltd,>4
4394,Has relevent experience,>20,,,>4
262,No relevent experience,8,,Pvt Ltd,never
25550,No relevent experience,8,<10,Pvt Ltd,>4
21515,Has relevent experience,>20,10/49,Pvt Ltd,1
12435,Has relevent experience,10,50-99,Pvt Ltd,1
2395,Has relevent experience,7,<10,Early Stage Startup,1
31395,Has relevent experience,6,100-500,Pvt Ltd,1
30802,Has relevent experience,>20,10000+,Pvt Ltd,4
22895,Has relevent experience,>20,<10,Pvt Ltd,>4
18087,Has relevent experience,>20,,,>4
3007,Has relevent experience,4,50-99,Pvt Ltd,
1644,No relevent experience,14,,,never
15175,Has relevent experience,>20,100-500,NGO,>4
899,Has relevent experience,>20,,,>4
13489,No relevent experience,<1,50-99,,1
25265,No relevent experience,3,,,2
13034,Has relevent experience,10,50-99,Pvt Ltd,1
14818,No relevent experience,1,,,1
6782,Has relevent experience,8,10000+,Pvt Ltd,1
455,Has relevent experience,4,100-500,Funded Startup,2
21694,Has relevent experience,>20,10000+,Pvt Ltd,>4
28208,No relevent experience,5,,,never
23534,No relevent experience,6,50-99,Public Sector,2
16891,Has relevent experience,16,10000+,Pvt Ltd,3
30677,Has relevent experience,>20,50-99,Pvt Ltd,1
24875,No relevent experience,,10/49,,1
4418,Has relevent experience,>20,,,>4
29425,Has relevent experience,>20,,,>4
29893,Has relevent experience,>20,500-999,Funded Startup,>4
910,Has relevent experience,7,<10,Funded Startup,1
19529,Has relevent experience,<1,1000-4999,Pvt Ltd,1
671,Has relevent experience,>20,10000+,Pvt Ltd,1
324,Has relevent experience,>20,<10,Pvt Ltd,4
6131,Has relevent experience,>20,,,never
9374,Has relevent experience,>20,1000-4999,Pvt Ltd,>4
15270,No relevent experience,4,,,never
21539,Has relevent experience,11,10/49,Pvt Ltd,3
26308,No relevent experience,6,,,1
14106,No relevent experience,<1,,,1
12263,Has relevent experience,3,,,>4
31455,No relevent experience,3,,,1
19445,Has relevent experience,8,5000-9999,Pvt Ltd,4
9260,Has relevent experience,3,100-500,Pvt Ltd,2
5955,Has relevent experience,10,,Pvt Ltd,2
12876,Has relevent experience,5,50-99,Pvt Ltd,2
295,No relevent experience,4,,,never
27013,No relevent experience,17,,,>4
32208,Has relevent experience,9,10/49,Funded Startup,1
27152,Has relevent experience,5,50-99,,2
9986,Has relevent experience,>20,100-500,Funded Startup,3
1660,Has relevent experience,8,,,1
6629,Has relevent experience,10,1000-4999,Pvt Ltd,1
24282,Has relevent experience,20,500-999,Pvt Ltd,>4
30394,Has relevent experience,5,100-500,Pvt Ltd,1
28743,No relevent experience,1,,,1
23692,Has relevent experience,>20,10/49,Pvt Ltd,>4
22470,Has relevent experience,17,10000+,Pvt Ltd,>4
28559,Has relevent experience,>20,10/49,Pvt Ltd,1
31082,No relevent experience,13,10000+,Public Sector,4
20636,Has relevent experience,>20,,,
14584,Has relevent experience,4,1000-4999,Public Sector,1
27871,Has relevent experience,7,50-99,Pvt Ltd,>4
29770,No relevent experience,4,10000+,,1
26620,Has relevent experience,8,,,2
18424,No relevent experience,>20,5000-9999,Public Sector,3
24161,Has relevent experience,4,10/49,Pvt Ltd,never
2342,Has relevent experience,>20,50-99,Pvt Ltd,1
28805,Has relevent experience,19,100-500,NGO,1
13329,Has relevent experience,>20,,,>4
18995,No relevent experience,2,,,never
2869,Has relevent experience,15,,,>4
24574,No relevent experience,<1,,,never
5316,No relevent experience,3,,Pvt Ltd,never
22614,Has relevent experience,5,<10,Early Stage Startup,1
12549,Has relevent experience,6,50-99,,1
438,Has relevent experience,>20,1000-4999,Public Sector,>4
15908,Has relevent experience,7,10/49,Funded Startup,2
15170,No relevent experience,<1,,,never
13556,No relevent experience,1,,,never
16429,No relevent experience,2,10/49,Pvt Ltd,1
9025,Has relevent experience,11,100-500,Pvt Ltd,>4
27720,Has relevent experience,19,100-500,Funded Startup,2
21646,No relevent experience,5,,,never
11962,Has relevent experience,>20,10/49,Pvt Ltd,1
2157,Has relevent experience,18,<10,Pvt Ltd,>4
7815,Has relevent experience,19,50-99,Pvt Ltd,>4
28986,Has relevent experience,>20,100-500,Pvt Ltd,1
4753,No relevent experience,2,,Pvt Ltd,never
22453,Has relevent experience,9,1000-4999,NGO,2
24154,No relevent experience,7,50-99,Funded Startup,1
11418,No relevent experience,16,,,1
25589,No relevent experience,7,5000-9999,Pvt Ltd,2
11439,Has relevent experience,5,10000+,Pvt Ltd,1
8729,No relevent experience,5,,,1
18828,Has relevent experience,3,10/49,Pvt Ltd,1
19552,Has relevent experience,>20,500-999,Pvt Ltd,2
6520,Has relevent experience,>20,,,>4
1930,Has relevent experience,5,50-99,Pvt Ltd,1
11306,Has relevent experience,16,10000+,Pvt Ltd,2
18837,Has relevent experience,5,,,2
28678,Has relevent experience,4,100-500,Pvt Ltd,2
189,Has relevent experience,13,500-999,Pvt Ltd,1
5642,Has relevent experience,5,500-999,Pvt Ltd,1
13320,Has relevent experience,15,,,>4
24312,Has relevent experience,4,,,1
17879,No relevent experience,2,,,2
23960,Has relevent experience,>20,,,2
10671,Has relevent experience,8,10000+,Pvt Ltd,3
4338,Has relevent experience,>20,100-500,Pvt Ltd,1
6313,Has relevent experience,18,50-99,Pvt Ltd,4
25482,Has relevent experience,18,100-500,Pvt Ltd,>4
26022,Has relevent experience,11,50-99,Public Sector,1
28481,Has relevent experience,18,,Pvt Ltd,>4
27611,Has relevent experience,>20,100-500,Pvt Ltd,>4
31931,Has relevent experience,2,50-99,Pvt Ltd,never
7465,Has relevent experience,4,100-500,Pvt Ltd,2
14121,Has relevent experience,3,100-500,NGO,1
10567,Has relevent experience,>20,100-500,Pvt Ltd,2
21921,Has relevent experience,>20,500-999,Pvt Ltd,2
10020,Has relevent experience,16,500-999,Pvt Ltd,1
7755,Has relevent experience,>20,50-99,Pvt Ltd,>4
26835,Has relevent experience,1,10/49,Pvt Ltd,never
20172,Has relevent experience,11,1000-4999,Pvt Ltd,>4
23107,Has relevent experience,>20,100-500,Pvt Ltd,1
26378,No relevent experience,2,,,never
5358,Has relevent experience,2,500-999,Pvt Ltd,1
22496,Has relevent experience,2,5000-9999,Pvt Ltd,never
8203,Has relevent experience,5,<10,Early Stage Startup,
29559,Has relevent experience,15,100-500,Pvt Ltd,2
25151,No relevent experience,3,,,3
2957,Has relevent experience,>20,500-999,Pvt Ltd,>4
182,Has relevent experience,10,,Pvt Ltd,1
22578,Has relevent experience,2,,,1
5379,Has relevent experience,7,100-500,Pvt Ltd,2
18274,Has relevent experience,9,<10,Funded Startup,1
32824,Has relevent experience,1,50-99,Pvt Ltd,1
21804,No relevent experience,<1,,,never
24426,Has relevent experience,>20,100-500,Pvt Ltd,1
33090,Has relevent experience,12,10000+,,1
15453,Has relevent experience,7,,,1
24436,Has relevent experience,14,10/49,Pvt Ltd,>4
11252,No relevent experience,14,,,1
27747,Has relevent experience,11,,,2
31084,Has relevent experience,>20,10000+,Pvt Ltd,>4
13711,Has relevent experience,11,<10,Early Stage Startup,1
23429,Has relevent experience,5,100-500,Pvt Ltd,>4
8247,No relevent experience,6,,,never
23573,No relevent experience,7,,,1
12327,Has relevent experience,>20,,,>4
15514,Has relevent experience,15,1000-4999,Pvt Ltd,1
8266,Has relevent experience,8,<10,Early Stage Startup,1
22204,Has relevent experience,10,500-999,Public Sector,1
18334,No relevent experience,<1,,,never
10826,Has relevent experience,12,10000+,Public Sector,>4
5746,Has relevent experience,>20,100-500,Pvt Ltd,>4
6806,Has relevent experience,4,100-500,Pvt Ltd,2
25445,No relevent experience,3,50-99,Pvt Ltd,1
18732,No relevent experience,7,50-99,Public Sector,1
16108,Has relevent experience,>20,10000+,Pvt Ltd,2
25158,Has relevent experience,17,,,>4
16313,Has relevent experience,10,100-500,,1
23297,Has relevent experience,>20,10/49,Other,1
24946,Has relevent experience,16,100-500,Pvt Ltd,3
31048,Has relevent experience,10,<10,Pvt Ltd,1
20490,Has relevent experience,6,1000-4999,Pvt Ltd,3
28560,Has relevent experience,16,10/49,,1
18980,Has relevent experience,12,50-99,Pvt Ltd,2
29039,No relevent experience,>20,10000+,Pvt Ltd,>4
15786,Has relevent experience,4,50-99,Pvt Ltd,1
19439,No relevent experience,<1,,,1
21298,No relevent experience,14,10000+,Public Sector,2
21161,No relevent experience,19,100-500,Pvt Ltd,>4
32128,Has relevent experience,>20,100-500,Pvt Ltd,2
6245,No relevent experience,1,,,never
14163,Has relevent experience,15,10000+,Pvt Ltd,>4
26726,Has relevent experience,7,,,never
27941,No relevent experience,11,10000+,Pvt Ltd,2
33350,Has relevent experience,4,<10,Pvt Ltd,3
18617,Has relevent experience,11,5000-9999,Pvt Ltd,1
10939,Has relevent experience,12,100-500,Pvt Ltd,1
15423,Has relevent experience,6,10/49,NGO,>4
27562,No relevent experience,2,,,never
19664,Has relevent experience,>20,10000+,Pvt Ltd,>4
20727,Has relevent experience,15,100-500,Pvt Ltd,3
30594,Has relevent experience,>20,1000-4999,Other,>4
16211,Has relevent experience,11,,,4
7592,No relevent experience,6,,,never
14298,Has relevent experience,7,100-500,Pvt Ltd,2
16022,Has relevent experience,12,10/49,Pvt Ltd,1
3337,Has relevent experience,4,100-500,Pvt Ltd,3
25548,No relevent experience,3,50-99,Pvt Ltd,2
27560,Has relevent experience,11,10000+,Pvt Ltd,1
23929,No relevent experience,18,,,>4
22315,Has relevent experience,4,10/49,Funded Startup,2
8508,Has relevent experience,13,1000-4999,Pvt Ltd,1
31752,Has relevent experience,3,10/49,Early Stage Startup,1
14548,Has relevent experience,3,,,2
4412,Has relevent experience,>20,10000+,Pvt Ltd,never
5495,Has relevent experience,5,,,1
8452,Has relevent experience,11,50-99,Funded Startup,1
12430,Has relevent experience,5,50-99,Pvt Ltd,1
5373,No relevent experience,1,,Pvt Ltd,never
451,Has relevent experience,10,50-99,Pvt Ltd,2
23099,Has relevent experience,19,50-99,Pvt Ltd,4
14317,No relevent experience,7,1000-4999,Pvt Ltd,2
31225,No relevent experience,7,,,1
26877,Has relevent experience,9,500-999,Pvt Ltd,1
11281,No relevent experience,3,,,never
31573,Has relevent experience,>20,,,2
15026,No relevent experience,<1,,,1
9018,Has relevent experience,6,50-99,Pvt Ltd,1
18022,Has relevent experience,11,500-999,Pvt Ltd,4
3737,No relevent experience,11,50-99,Pvt Ltd,2
1445,Has relevent experience,3,,,never
7847,Has relevent experience,>20,10000+,Pvt Ltd,>4
9151,No relevent experience,7,,,1
21769,Has relevent experience,>20,<10,Pvt Ltd,>4
12031,Has relevent experience,5,,,1
31056,Has relevent experience,9,,,3
19386,No relevent experience,9,500-999,Pvt Ltd,>4
19366,Has relevent experience,6,100-500,Pvt Ltd,1
12877,Has relevent experience,17,10000+,Pvt Ltd,>4
28342,Has relevent experience,15,1000-4999,Pvt Ltd,2
12675,Has relevent experience,13,50-99,Funded Startup,1
29087,Has relevent experience,>20,10000+,Pvt Ltd,>4
30281,Has relevent experience,6,500-999,Pvt Ltd,2
10077,Has relevent experience,10,<10,Early Stage Startup,1
21915,Has relevent experience,11,10000+,Pvt Ltd,>4
11662,No relevent experience,5,1000-4999,,1
1426,No relevent experience,<1,50-99,Pvt Ltd,1
17313,Has relevent experience,6,,,4
21525,Has relevent experience,15,50-99,Pvt Ltd,never
32933,Has relevent experience,17,100-500,Pvt Ltd,>4
5097,No relevent experience,<1,,,1
31140,No relevent experience,<1,,,never
19268,No relevent experience,16,10/49,Pvt Ltd,1
5920,Has relevent experience,11,50-99,Pvt Ltd,4
25795,No relevent experience,>20,1000-4999,NGO,4
8867,No relevent experience,10,<10,Pvt Ltd,2
4624,No relevent experience,3,,Pvt Ltd,never
17757,Has relevent experience,11,10000+,,1
6259,Has relevent experience,15,50-99,Pvt Ltd,>4
20915,No relevent experience,2,,,never
9008,No relevent experience,3,,,1
13516,Has relevent experience,7,100-500,Early Stage Startup,>4
23234,Has relevent experience,6,<10,Pvt Ltd,2
29796,Has relevent experience,>20,100-500,NGO,1
28454,Has relevent experience,>20,50-99,Pvt Ltd,>4
29450,No relevent experience,2,<10,Early Stage Startup,never
24557,Has relevent experience,14,100-500,Pvt Ltd,>4
13615,No relevent experience,<1,,,
16642,Has relevent experience,15,10/49,Funded Startup,2
19706,Has relevent experience,,<10,Early Stage Startup,
3653,Has relevent experience,11,10000+,Pvt Ltd,>4
29987,Has relevent experience,>20,10000+,Pvt Ltd,>4
20542,Has relevent experience,16,100-500,Pvt Ltd,>4
2236,No relevent experience,8,,,1
13965,Has relevent experience,4,,,1
18308,Has relevent experience,4,10/49,,1
31060,No relevent experience,5,,,1
23783,No relevent experience,2,100-500,Pvt Ltd,
12350,No relevent experience,>20,50-99,Pvt Ltd,1
22871,No relevent experience,10,5000-9999,Pvt Ltd,2
4985,No relevent experience,4,,Public Sector,1
23395,Has relevent experience,14,10/49,Funded Startup,never
24733,Has relevent experience,16,,,>4
5515,Has relevent experience,>20,100-500,Pvt Ltd,>4
7191,Has relevent experience,9,10/49,Pvt Ltd,>4
5023,Has relevent experience,2,50-99,Pvt Ltd,never
22827,No relevent experience,14,500-999,Public Sector,1
8920,Has relevent experience,7,10/49,Pvt Ltd,1
28611,Has relevent experience,>20,1000-4999,Pvt Ltd,>4
21749,Has relevent experience,>20,500-999,Pvt Ltd,2
29359,Has relevent experience,7,10000+,Pvt Ltd,2
17355,Has relevent experience,4,100-500,Pvt Ltd,1
14706,Has relevent experience,9,,,>4
5707,Has relevent experience,9,10/49,Funded Startup,2
24866,No relevent experience,4,,,never
21329,No relevent experience,>20,500-999,Pvt Ltd,never
32367,Has relevent experience,5,100-500,Pvt Ltd,1
32657,Has relevent experience,6,,,1
15737,Has relevent experience,6,,,1
11378,No relevent experience,4,,,never
20705,Has relevent experience,>20,50-99,Pvt Ltd,3
5598,Has relevent experience,2,<10,Pvt Ltd,1
13926,Has relevent experience,7,1000-4999,Pvt Ltd,4
2701,Has relevent experience,>20,10000+,Pvt Ltd,2
33016,Has relevent experience,>20,,,2
4570,No relevent experience,2,,,1
5884,No relevent experience,7,100-500,Pvt Ltd,3
24182,Has relevent experience,19,10000+,Pvt Ltd,never
31755,Has relevent experience,11,10000+,Pvt Ltd,3
22499,Has relevent experience,6,50-99,Pvt Ltd,1
14519,Has relevent experience,15,50-99,Pvt Ltd,2
10697,Has relevent experience,9,50-99,Pvt Ltd,
28006,Has relevent experience,18,,,1
23054,Has relevent experience,19,,,1
20290,No relevent experience,5,,,never
8657,No relevent experience,2,,,1
20181,Has relevent experience,18,50-99,Pvt Ltd,1
4550,Has relevent experience,8,,,1
581,Has relevent experience,9,100-500,Pvt Ltd,3
18561,No relevent experience,5,,,1
16334,Has relevent experience,4,,,1
1805,Has relevent experience,17,50-99,Funded Startup,1
9347,Has relevent experience,3,100-500,Public Sector,2
9062,Has relevent experience,1,500-999,Pvt Ltd,never
2639,Has relevent experience,7,,,1
18922,No relevent experience,4,,,never
32363,Has relevent experience,<1,,Pvt Ltd,never
25487,Has relevent experience,8,1000-4999,Public Sector,3
28297,Has relevent experience,>20,10000+,Pvt Ltd,1
14455,Has relevent experience,3,10000+,Pvt Ltd,1
18342,Has relevent experience,1,50-99,Pvt Ltd,1
24336,No relevent experience,3,,,never
30851,Has relevent experience,1,1000-4999,Public Sector,1
30182,Has relevent experience,6,,,2
2601,Has relevent experience,>20,,,2
2314,No relevent experience,7,10000+,Pvt Ltd,1
16919,Has relevent experience,>20,500-999,Pvt Ltd,4
19497,Has relevent experience,5,10000+,Pvt Ltd,never
19884,Has relevent experience,9,,,1
26789,Has relevent experience,3,50-99,Pvt Ltd,1
6029,Has relevent experience,>20,,,1
1428,No relevent experience,18,100-500,Pvt Ltd,>4
20601,No relevent experience,3,,,3
16949,Has relevent experience,20,1000-4999,NGO,>4
17511,Has relevent experience,>20,100-500,Pvt Ltd,1
24623,Has relevent experience,18,100-500,Pvt Ltd,1
1804,Has relevent experience,6,10/49,Pvt Ltd,never
5201,No relevent experience,>20,,,1
27705,Has relevent experience,>20,10000+,Pvt Ltd,never
8675,No relevent experience,16,100-500,Pvt Ltd,1
9647,Has relevent experience,3,50-99,Early Stage Startup,1
16967,No relevent experience,7,,,1
8760,No relevent experience,5,1000-4999,Pvt Ltd,never
4433,Has relevent experience,5,100-500,Pvt Ltd,2
6011,Has relevent experience,2,100-500,Early Stage Startup,2
25161,Has relevent experience,6,1000-4999,Pvt Ltd,4
30896,Has relevent experience,>20,100-500,Pvt Ltd,4
4590,Has relevent experience,3,10/49,,2
25045,No relevent experience,3,10000+,Pvt Ltd,1
4022,Has relevent experience,11,50-99,Early Stage Startup,never
28769,Has relevent experience,>20,50-99,Pvt Ltd,4
7978,Has relevent experience,2,10000+,Pvt Ltd,1
33095,Has relevent experience,19,50-99,Pvt Ltd,1
21799,Has relevent experience,>20,100-500,Funded Startup,2
31781,Has relevent experience,3,10/49,Funded Startup,1
31256,Has relevent experience,19,<10,Pvt Ltd,1
27696,Has relevent experience,>20,10000+,Pvt Ltd,>4
2385,No relevent experience,15,<10,Pvt Ltd,>4
8954,Has relevent experience,3,<10,Pvt Ltd,1
9325,Has relevent experience,>20,,,>4
16469,No relevent experience,>20,100-500,Pvt Ltd,2
15377,Has relevent experience,3,,,1
30183,No relevent experience,>20,,,>4
33199,Has relevent experience,7,50-99,Funded Startup,4
30855,Has relevent experience,8,10000+,Pvt Ltd,2
29273,No relevent experience,8,10000+,Pvt Ltd,>4
27891,Has relevent experience,>20,500-999,Pvt Ltd,2
13445,Has relevent experience,8,50-99,,3
31912,Has relevent experience,3,<10,Public Sector,1
8786,Has relevent experience,6,50-99,Funded Startup,1
17063,Has relevent experience,4,5000-9999,Pvt Ltd,1
17946,No relevent experience,11,1000-4999,Pvt Ltd,2
13496,Has relevent experience,<1,10/49,,1
29415,Has relevent experience,15,10000+,Pvt Ltd,1
25804,Has relevent experience,8,10/49,Pvt Ltd,2
20077,Has relevent experience,>20,500-999,,2
32402,Has relevent experience,5,50-99,Public Sector,2
27668,Has relevent experience,14,10000+,Pvt Ltd,4
25565,Has relevent experience,15,100-500,Public Sector,1
17058,No relevent experience,2,,,1
16323,No relevent experience,4,,,1
26860,No relevent experience,9,,,1
15624,No relevent experience,17,,,2
24788,No relevent experience,5,,Public Sector,1
7457,Has relevent experience,13,100-500,Pvt Ltd,>4
8152,Has relevent experience,4,50-99,Pvt Ltd,2
2828,Has relevent experience,8,5000-9999,Pvt Ltd,1
4385,No relevent experience,4,,,
24912,No relevent experience,5,10000+,Pvt Ltd,1
23351,Has relevent experience,2,50-99,Pvt Ltd,
8888,Has relevent experience,7,<10,Early Stage Startup,1
31653,No relevent experience,6,,,1
1648,No relevent experience,5,,,1
17984,Has relevent experience,>20,100-500,Pvt Ltd,2
5470,Has relevent experience,14,100-500,Pvt Ltd,4
8910,Has relevent experience,7,10000+,Pvt Ltd,1
49,Has relevent experience,>20,10000+,Pvt Ltd,2
24794,No relevent experience,7,10000+,Pvt Ltd,2
8712,No relevent experience,1,,Other,never
27580,Has relevent experience,6,10000+,Pvt Ltd,2
16982,Has relevent experience,14,<10,Pvt Ltd,4
13551,Has relevent experience,7,10/49,Pvt Ltd,2
8853,No relevent experience,>20,10000+,Pvt Ltd,>4
31137,Has relevent experience,>20,,,2
24188,Has relevent experience,5,50-99,Pvt Ltd,1
19632,No relevent experience,1,,,never
5887,Has relevent experience,11,,,4
23000,No relevent experience,>20,,,>4
7175,Has relevent experience,5,100-500,Pvt Ltd,1
14709,Has relevent experience,2,,,1
7513,Has relevent experience,4,10000+,Pvt Ltd,1
23431,No relevent experience,1,,,never
972,No relevent experience,3,<10,Funded Startup,1
845,Has relevent experience,>20,50-99,Pvt Ltd,>4
22126,Has relevent experience,6,10/49,,1
32220,Has relevent experience,18,10000+,,1
8230,No relevent experience,1,,,never
7067,Has relevent experience,15,100-500,Pvt Ltd,1
11941,Has relevent experience,2,10/49,,2
3634,Has relevent experience,9,,,1
13326,Has relevent experience,9,1000-4999,,1
7245,Has relevent experience,14,100-500,NGO,1
10292,Has relevent experience,>20,50-99,Pvt Ltd,>4
18987,No relevent experience,1,,,never
12897,No relevent experience,1,,,1
8240,Has relevent experience,5,10/49,Pvt Ltd,1
16337,No relevent experience,3,,,never
859,Has relevent experience,6,10000+,Pvt Ltd,1
615,Has relevent experience,4,<10,Pvt Ltd,1
24537,Has relevent experience,14,50-99,Pvt Ltd,4
19283,Has relevent experience,7,1000-4999,Pvt Ltd,1
32905,Has relevent experience,10,,,>4
16209,Has relevent experience,>20,10000+,Pvt Ltd,4
11103,Has relevent experience,6,10/49,Pvt Ltd,never
9627,No relevent experience,4,,,never
5053,Has relevent experience,6,1000-4999,Public Sector,1
29219,No relevent experience,3,,,never
9581,Has relevent experience,>20,,,>4
16263,No relevent experience,2,,,never
8697,Has relevent experience,15,<10,Pvt Ltd,3
15099,Has relevent experience,>20,500-999,Pvt Ltd,2
7130,No relevent experience,11,,,4
24239,Has relevent experience,11,10000+,Pvt Ltd,2
14352,Has relevent experience,16,<10,Pvt Ltd,>4
2460,Has relevent experience,12,50-99,Pvt Ltd,never
8229,No relevent experience,2,,,never
3222,Has relevent experience,11,,,1
1997,Has relevent experience,8,10000+,Public Sector,1
17025,Has relevent experience,15,10000+,Pvt Ltd,1
12441,No relevent experience,4,,,1
26329,No relevent experience,7,,,2
8412,Has relevent experience,2,50-99,Pvt Ltd,1
14857,Has relevent experience,8,500-999,Pvt Ltd,never
14146,No relevent experience,2,,,1
31289,Has relevent experience,14,50-99,Pvt Ltd,>4
28682,Has relevent experience,6,500-999,Pvt Ltd,2
9912,Has relevent experience,10,10/49,Pvt Ltd,1
16445,No relevent experience,1,,,1
13310,Has relevent experience,5,50-99,Pvt Ltd,1
9723,Has relevent experience,6,50-99,Public Sector,2
516,Has relevent experience,>20,,,>4
21008,Has relevent experience,9,10/49,Pvt Ltd,2
5114,Has relevent experience,3,50-99,Funded Startup,1
14846,Has relevent experience,10,10000+,Pvt Ltd,2
20995,No relevent experience,3,,,1
7625,Has relevent experience,>20,,,1
28352,Has relevent experience,12,1000-4999,Pvt Ltd,1
14055,No relevent experience,8,50-99,Funded Startup,1
6005,No relevent experience,7,5000-9999,Pvt Ltd,2
12625,Has relevent experience,9,10000+,Pvt Ltd,>4
18278,No relevent experience,3,500-999,Pvt Ltd,2
17202,Has relevent experience,>20,100-500,Pvt Ltd,>4
9447,Has relevent experience,16,10/49,Pvt Ltd,2
23194,No relevent experience,16,<10,Pvt Ltd,>4
8851,No relevent experience,3,,,never
26602,Has relevent experience,5,<10,Funded Startup,1
16243,Has relevent experience,11,1000-4999,Pvt Ltd,1
7035,Has relevent experience,9,<10,,1
28906,Has relevent experience,18,500-999,Pvt Ltd,1
8386,Has relevent experience,<1,500-999,Pvt Ltd,1
20617,Has relevent experience,6,<10,Pvt Ltd,>4
27956,Has relevent experience,17,10000+,Pvt Ltd,1
16980,No relevent experience,5,,,never
1767,Has relevent experience,>20,,,2
6932,Has relevent experience,9,10000+,Pvt Ltd,never
809,Has relevent experience,>20,100-500,NGO,>4
9697,Has relevent experience,>20,,Public Sector,1
12637,No relevent experience,<1,10000+,Pvt Ltd,1
15878,Has relevent experience,8,50-99,Early Stage Startup,1
4874,Has relevent experience,>20,1000-4999,Public Sector,>4
30799,Has relevent experience,18,1000-4999,Other,4
5835,Has relevent experience,19,,,1
24572,Has relevent experience,8,<10,Pvt Ltd,2
75,No relevent experience,3,,Pvt Ltd,never
12344,Has relevent experience,5,100-500,Pvt Ltd,2
13270,No relevent experience,>20,,,>4
5686,Has relevent experience,9,10/49,Pvt Ltd,1
9900,Has relevent experience,2,,,1
5446,Has relevent experience,7,100-500,Pvt Ltd,>4
12224,Has relevent experience,>20,100-500,Pvt Ltd,>4
3657,Has relevent experience,14,100-500,Pvt Ltd,2
9439,No relevent experience,6,10000+,Pvt Ltd,1
3431,Has relevent experience,16,<10,Pvt Ltd,3
17459,Has relevent experience,>20,,,>4
11062,Has relevent experience,>20,<10,Pvt Ltd,>4
26136,Has relevent experience,2,5000-9999,Pvt Ltd,2
31443,Has relevent experience,15,100-500,Pvt Ltd,>4
19891,Has relevent experience,>20,10000+,Pvt Ltd,>4
21624,Has relevent experience,>20,50-99,Pvt Ltd,2
3857,Has relevent experience,11,<10,Pvt Ltd,1
7662,No relevent experience,2,,,1
2834,Has relevent experience,<1,100-500,Pvt Ltd,1
18621,Has relevent experience,5,100-500,Pvt Ltd,2
24301,No relevent experience,2,,,1
27322,No relevent experience,1,,,never
4898,No relevent experience,6,,,1
18714,Has relevent experience,>20,,,3
16546,Has relevent experience,4,1000-4999,Pvt Ltd,2
8783,Has relevent experience,3,,,>4
27387,Has relevent experience,9,1000-4999,Pvt Ltd,1
7725,Has relevent experience,5,1000-4999,Pvt Ltd,never
11636,No relevent experience,11,,,never
14820,Has relevent experience,11,100-500,Pvt Ltd,3
18872,Has relevent experience,10,10000+,Pvt Ltd,2
33377,Has relevent experience,10,100-500,Pvt Ltd,2
31344,Has relevent experience,>20,100-500,Public Sector,>4
22968,Has relevent experience,9,<10,Funded Startup,3
22171,Has relevent experience,19,100-500,Public Sector,1
20927,Has relevent experience,18,,,
11820,Has relevent experience,>20,10/49,Pvt Ltd,3
6195,Has relevent experience,9,1000-4999,Pvt Ltd,2
30129,No relevent experience,5,,,1
13654,Has relevent experience,5,50-99,Pvt Ltd,2
2523,No relevent experience,11,1000-4999,Pvt Ltd,>4
23979,Has relevent experience,9,,,2
30080,Has relevent experience,6,,,never
9620,Has relevent experience,15,100-500,Funded Startup,>4
32665,No relevent experience,3,,,never
16716,No relevent experience,5,<10,Pvt Ltd,3
4237,No relevent experience,15,,,2
23117,No relevent experience,6,,,1
17317,Has relevent experience,6,50-99,Pvt Ltd,1
18708,No relevent experience,5,,,never
9969,Has relevent experience,12,,,1
9141,Has relevent experience,>20,,,>4
3958,Has relevent experience,10,10000+,Pvt Ltd,>4
12783,Has relevent experience,8,100-500,Pvt Ltd,>4
7850,Has relevent experience,>20,<10,Pvt Ltd,never
19392,No relevent experience,4,10/49,Pvt Ltd,1
7073,No relevent experience,3,10/49,Pvt Ltd,1
33118,Has relevent experience,8,10000+,Pvt Ltd,1
7274,Has relevent experience,12,500-999,,1
4221,No relevent experience,7,,Pvt Ltd,never
9474,No relevent experience,6,10000+,Pvt Ltd,1
22331,No relevent experience,9,,,never
3384,Has relevent experience,5,10000+,Pvt Ltd,2
21095,No relevent experience,1,,,never
11749,No relevent experience,2,,,never
2849,No relevent experience,3,50-99,Funded Startup,1
32436,No relevent experience,3,,Public Sector,never
19399,Has relevent experience,1,500-999,Pvt Ltd,1
11175,Has relevent experience,14,1000-4999,Pvt Ltd,1
12743,Has relevent experience,9,50-99,Pvt Ltd,never
7594,No relevent experience,15,,,1
26012,No relevent experience,4,10/49,Early Stage Startup,1
4553,No relevent experience,<1,,Pvt Ltd,never
26884,Has relevent experience,15,10000+,,3
4117,Has relevent experience,>20,100-500,Funded Startup,>4
32785,No relevent experience,5,,,never
30661,No relevent experience,9,100-500,Pvt Ltd,1
27047,Has relevent experience,9,50-99,Pvt Ltd,2
30116,Has relevent experience,7,50-99,Pvt Ltd,1
23942,Has relevent experience,13,10/49,Funded Startup,4
30610,Has relevent experience,5,<10,Early Stage Startup,2
27364,Has relevent experience,4,<10,Funded Startup,1
18017,No relevent experience,1,<10,NGO,never
1920,Has relevent experience,10,50-99,Public Sector,2
7166,No relevent experience,18,10000+,Pvt Ltd,>4
5022,No relevent experience,4,,,never
20835,No relevent experience,4,1000-4999,,1
18025,Has relevent experience,>20,10000+,Pvt Ltd,>4
15758,Has relevent experience,17,<10,Pvt Ltd,>4
31748,Has relevent experience,7,10000+,Public Sector,1
31005,No relevent experience,3,,,never
20858,Has relevent experience,16,10/49,Pvt Ltd,2
27548,No relevent experience,3,,,never
21132,No relevent experience,8,,,1
2169,Has relevent experience,4,10/49,Early Stage Startup,1
21693,Has relevent experience,13,1000-4999,Pvt Ltd,>4
11354,Has relevent experience,>20,<10,Pvt Ltd,>4
13566,Has relevent experience,2,50-99,,2
14102,Has relevent experience,8,100-500,,4
21574,Has relevent experience,>20,,,4
33046,Has relevent experience,>20,10000+,Pvt Ltd,>4
12859,Has relevent experience,5,50-99,Funded Startup,1
3508,Has relevent experience,>20,100-500,Pvt Ltd,>4
4469,Has relevent experience,10,1000-4999,Pvt Ltd,2
8503,No relevent experience,2,,,never
202,No relevent experience,>20,10/49,Funded Startup,>4
32926,No relevent experience,19,10000+,Pvt Ltd,4
5234,Has relevent experience,6,100-500,Funded Startup,1
5221,Has relevent experience,>20,,,>4
25382,Has relevent experience,10,10000+,Pvt Ltd,4
19960,Has relevent experience,6,50-99,Pvt Ltd,1
14527,Has relevent experience,<1,<10,Early Stage Startup,1
21069,No relevent experience,3,,,
20193,No relevent experience,10,,,1
11980,No relevent experience,15,,,1
30243,Has relevent experience,9,<10,Pvt Ltd,never
14986,Has relevent experience,>20,10/49,Pvt Ltd,never
17222,Has relevent experience,12,,Pvt Ltd,1
13731,Has relevent experience,7,10/49,,1
13439,Has relevent experience,>20,500-999,Pvt Ltd,>4
22923,No relevent experience,6,,,2
1356,Has relevent experience,>20,<10,Pvt Ltd,>4
23551,No relevent experience,9,,,1
6110,Has relevent experience,>20,10/49,Pvt Ltd,>4
11738,Has relevent experience,10,,,1
2102,Has relevent experience,5,100-500,Early Stage Startup,2
12176,Has relevent experience,>20,50-99,Funded Startup,1
32124,Has relevent experience,19,<10,Pvt Ltd,1
1516,Has relevent experience,7,50-99,,1
9631,Has relevent experience,14,10000+,Pvt Ltd,never
3522,Has relevent experience,>20,100-500,Funded Startup,2
15084,Has relevent experience,11,,,1
32528,No relevent experience,3,,,never
11337,No relevent experience,9,,,never
28301,Has relevent experience,>20,10000+,Pvt Ltd,>4
4229,Has relevent experience,8,50-99,Funded Startup,1
8541,Has relevent experience,>20,500-999,NGO,
23178,No relevent experience,4,10000+,Pvt Ltd,1
20643,Has relevent experience,4,10000+,Pvt Ltd,never
10666,Has relevent experience,19,10000+,Pvt Ltd,never
6336,No relevent experience,2,,,never
19510,Has relevent experience,11,,,1
2733,No relevent experience,2,,Pvt Ltd,never
27264,Has relevent experience,9,100-500,Pvt Ltd,>4
7676,No relevent experience,3,10/49,Funded Startup,3
12466,Has relevent experience,>20,10/49,Funded Startup,2
8301,Has relevent experience,3,500-999,Pvt Ltd,1
10991,No relevent experience,2,,,1
7252,Has relevent experience,2,,,1
18303,No relevent experience,3,,,
7675,Has relevent experience,19,,,2
8898,Has relevent experience,14,10000+,Pvt Ltd,4
22735,Has relevent experience,>20,10000+,Pvt Ltd,>4
3093,Has relevent experience,>20,,,>4
11259,Has relevent experience,14,50-99,Pvt Ltd,4
733,Has relevent experience,14,,Pvt Ltd,>4
27932,No relevent experience,3,,,never
7153,Has relevent experience,8,10/49,Early Stage Startup,1
10870,Has relevent experience,3,50-99,Pvt Ltd,1
16114,Has relevent experience,8,10000+,Pvt Ltd,1
32158,Has relevent experience,16,10000+,Pvt Ltd,3
22048,Has relevent experience,>20,<10,Pvt Ltd,4
14707,No relevent experience,3,10/49,Pvt Ltd,1
4678,Has relevent experience,>20,<10,Early Stage Startup,2
10070,Has relevent experience,>20,100-500,Funded Startup,3
18571,Has relevent experience,7,50-99,Pvt Ltd,1
16340,Has relevent experience,12,1000-4999,Pvt Ltd,never
18026,No relevent experience,7,,,never
10541,Has relevent experience,2,,,2
10036,No relevent experience,10,,Public Sector,>4
2792,Has relevent experience,>20,5000-9999,Pvt Ltd,>4
162,Has relevent experience,>20,500-999,Pvt Ltd,3
5070,No relevent experience,3,,,never
10530,Has relevent experience,7,50-99,Pvt Ltd,1
22378,No relevent experience,>20,,,never
20865,Has relevent experience,>20,50-99,Pvt Ltd,1
7344,No relevent experience,3,,,never
6789,No relevent experience,5,500-999,Pvt Ltd,1
12839,No relevent experience,<1,,,never
30306,Has relevent experience,7,100-500,Pvt Ltd,1
16274,No relevent experience,>20,,,>4
13694,Has relevent experience,5,<10,Early Stage Startup,1
12232,Has relevent experience,14,50-99,Pvt Ltd,2
5154,No relevent experience,4,100-500,Pvt Ltd,2
1272,Has relevent experience,>20,,,1
26890,Has relevent experience,5,500-999,Pvt Ltd,1
15515,Has relevent experience,16,100-500,NGO,1
11301,No relevent experience,10,,NGO,3
16516,Has relevent experience,12,50-99,Pvt Ltd,2
32632,Has relevent experience,7,50-99,Pvt Ltd,never
16778,No relevent experience,1,500-999,Pvt Ltd,1
7423,No relevent experience,2,,,1
2649,No relevent experience,4,,,1
8063,Has relevent experience,>20,<10,Pvt Ltd,>4
3936,Has relevent experience,6,50-99,Pvt Ltd,3
17750,No relevent experience,5,10/49,,4
29305,Has relevent experience,14,<10,Pvt Ltd,>4
4190,Has relevent experience,>20,,,>4
8775,Has relevent experience,15,,,1
29702,No relevent experience,>20,,,>4
23171,No relevent experience,6,,Public Sector,2
32035,Has relevent experience,3,100-500,Pvt Ltd,2
11765,Has relevent experience,>20,100-500,Pvt Ltd,>4
22347,Has relevent experience,19,5000-9999,Pvt Ltd,1
19548,Has relevent experience,1,100-500,NGO,1
21037,No relevent experience,14,,,2
3201,Has relevent experience,>20,50-99,NGO,>4
17150,Has relevent experience,7,<10,,never
23683,No relevent experience,4,10000+,Pvt Ltd,1
27331,No relevent experience,8,,,2
21562,Has relevent experience,15,50-99,Funded Startup,2
6960,Has relevent experience,15,5000-9999,Pvt Ltd,>4
21720,Has relevent experience,>20,,Pvt Ltd,2
24059,Has relevent experience,1,10000+,Pvt Ltd,1
19226,No relevent experience,2,50-99,,never
4083,Has relevent experience,9,<10,Pvt Ltd,>4
32154,Has relevent experience,>20,100-500,Pvt Ltd,>4
14600,Has relevent experience,10,100-500,Pvt Ltd,>4
2636,Has relevent experience,3,,,1
10987,Has relevent experience,6,500-999,Pvt Ltd,2
9286,No relevent experience,2,,,never
31724,Has relevent experience,>20,50-99,Pvt Ltd,>4
27742,No relevent experience,4,,,never
29059,Has relevent experience,5,<10,,1
25451,Has relevent experience,>20,1000-4999,Pvt Ltd,3
32644,Has relevent experience,17,50-99,Pvt Ltd,>4
16755,No relevent experience,7,,,never
23051,Has relevent experience,4,10000+,Pvt Ltd,1
26905,Has relevent experience,5,50-99,Funded Startup,1
3290,No relevent experience,<1,,,>4
10409,Has relevent experience,6,50-99,Pvt Ltd,>4
24679,Has relevent experience,3,<10,Public Sector,1
7290,No relevent experience,2,,,1
622,Has relevent experience,10,,,1
5468,No relevent experience,>20,10000+,Pvt Ltd,1
19809,Has relevent experience,>20,50-99,Pvt Ltd,1
15492,Has relevent experience,7,<10,Early Stage Startup,1
19828,Has relevent experience,4,,,1
15389,No relevent experience,7,50-99,Pvt Ltd,1
16133,No relevent experience,9,,,1
26522,No relevent experience,3,,,2
25240,Has relevent experience,7,10000+,NGO,1
28899,Has relevent experience,>20,50-99,Pvt Ltd,>4
8,No relevent experience,13,100-500,Funded Startup,2
15273,Has relevent experience,,,,
1005,Has relevent experience,14,100-500,Funded Startup,2
19199,Has relevent experience,7,,,1
18623,No relevent experience,4,,,1
11436,No relevent experience,11,,,1
12679,Has relevent experience,>20,10000+,Pvt Ltd,>4
8046,Has relevent experience,9,10/49,Pvt Ltd,>4
240,No relevent experience,7,,,>4
31302,No relevent experience,12,,,4
5860,Has relevent experience,5,<10,Funded Startup,3
32707,Has relevent experience,>20,1000-4999,,1
9293,Has relevent experience,15,10000+,Pvt Ltd,1
5122,No relevent experience,7,,,2
24520,Has relevent experience,7,<10,,1
21184,Has relevent experience,5,10000+,Pvt Ltd,1
5310,Has relevent experience,5,50-99,Funded Startup,1
7241,Has relevent experience,15,100-500,Pvt Ltd,2
8664,Has relevent experience,>20,500-999,Pvt Ltd,>4
24686,No relevent experience,13,,,never
28612,Has relevent experience,>20,500-999,,1
31754,Has relevent experience,9,50-99,Pvt Ltd,1
22415,No relevent experience,<1,10/49,Pvt Ltd,never
10797,Has relevent experience,>20,10000+,Pvt Ltd,3
10926,Has relevent experience,9,100-500,Pvt Ltd,1
3934,Has relevent experience,10,100-500,Pvt Ltd,3
13331,Has relevent experience,15,100-500,Pvt Ltd,3
25666,Has relevent experience,3,<10,,1
17280,Has relevent experience,13,,,1
32569,Has relevent experience,4,1000-4999,Pvt Ltd,2
26081,No relevent experience,7,,,1
16958,Has relevent experience,5,50-99,Pvt Ltd,2
31667,Has relevent experience,1,,,1
27671,Has relevent experience,9,100-500,Pvt Ltd,1
890,Has relevent experience,10,10000+,Pvt Ltd,1
25500,Has relevent experience,13,1000-4999,NGO,3
29697,No relevent experience,>20,1000-4999,Pvt Ltd,1
6397,Has relevent experience,>20,50-99,Funded Startup,>4
4081,Has relevent experience,15,100-500,Pvt Ltd,2
17682,Has relevent experience,7,50-99,Pvt Ltd,1
29774,Has relevent experience,6,50-99,Pvt Ltd,1
10018,Has relevent experience,12,10000+,Pvt Ltd,4
28242,Has relevent experience,>20,1000-4999,Pvt Ltd,1
22447,Has relevent experience,19,,,1
26880,Has relevent experience,10,10/49,Pvt Ltd,3
20839,Has relevent experience,>20,10000+,Pvt Ltd,>4
20626,Has relevent experience,7,50-99,Pvt Ltd,2
2764,Has relevent experience,19,50-99,Pvt Ltd,>4
26362,No relevent experience,6,,,never
17628,Has relevent experience,1,1000-4999,Pvt Ltd,1
21040,Has relevent experience,5,10000+,Pvt Ltd,1
5689,Has relevent experience,8,,,2
12313,No relevent experience,19,,,1
20729,No relevent experience,7,1000-4999,Public Sector,>4
23143,Has relevent experience,9,10/49,Pvt Ltd,1
31770,Has relevent experience,2,10000+,Pvt Ltd,1
22651,Has relevent experience,13,,,2
3779,Has relevent experience,4,50-99,Pvt Ltd,3
21926,Has relevent experience,2,100-500,,1
1544,Has relevent experience,6,100-500,Pvt Ltd,2
30323,Has relevent experience,18,,,1
23285,Has relevent experience,16,,,1
5905,Has relevent experience,<1,50-99,Pvt Ltd,1
5752,Has relevent experience,7,100-500,Pvt Ltd,1
32724,Has relevent experience,5,100-500,Pvt Ltd,1
4831,Has relevent experience,10,100-500,Pvt Ltd,never
25424,No relevent experience,2,,,never
23415,Has relevent experience,9,<10,Funded Startup,2
505,No relevent experience,2,,Pvt Ltd,never
8841,Has relevent experience,11,50-99,Public Sector,1
24354,Has relevent experience,19,,,never
23502,Has relevent experience,5,100-500,Pvt Ltd,1
32138,No relevent experience,10,10/49,Pvt Ltd,>4
10085,Has relevent experience,10,1000-4999,Pvt Ltd,1
9307,Has relevent experience,11,1000-4999,Pvt Ltd,2
13973,No relevent experience,<1,,,
25284,No relevent experience,2,,,2
28520,Has relevent experience,>20,10/49,Funded Startup,2
12582,Has relevent experience,15,10/49,Early Stage Startup,1
30863,Has relevent experience,5,50-99,Pvt Ltd,1
12393,Has relevent experience,>20,10/49,Funded Startup,>4
16127,Has relevent experience,5,500-999,Pvt Ltd,1
15703,Has relevent experience,12,,,>4
668,Has relevent experience,2,10/49,Early Stage Startup,1
20613,Has relevent experience,9,50-99,Pvt Ltd,1
28455,Has relevent experience,10,10/49,Pvt Ltd,1
214,Has relevent experience,2,10/49,Pvt Ltd,never
14087,Has relevent experience,14,10000+,Pvt Ltd,1
14134,Has relevent experience,>20,,,>4
10784,Has relevent experience,>20,,Pvt Ltd,2
26641,Has relevent experience,17,1000-4999,Pvt Ltd,4
24274,Has relevent experience,5,,,1
28463,No relevent experience,9,,,2
24902,Has relevent experience,8,10000+,Pvt Ltd,1
22699,No relevent experience,9,10000+,Pvt Ltd,never
28369,Has relevent experience,11,500-999,Pvt Ltd,1
24038,No relevent experience,6,,,1
8577,Has relevent experience,17,1000-4999,Pvt Ltd,1
13195,No relevent experience,5,100-500,Public Sector,1
13387,Has relevent experience,7,100-500,Pvt Ltd,>4
32781,No relevent experience,2,,,never
26476,Has relevent experience,11,5000-9999,Pvt Ltd,3
10857,No relevent experience,1,,,1
24407,Has relevent experience,7,,,1
28935,Has relevent experience,3,100-500,Pvt Ltd,1
19048,No relevent experience,3,10000+,Pvt Ltd,3
235,No relevent experience,6,,Pvt Ltd,1
19363,Has relevent experience,17,,,>4
8987,Has relevent experience,3,50-99,Pvt Ltd,1
7717,Has relevent experience,>20,,,>4
14941,No relevent experience,3,,,1
19465,Has relevent experience,16,10/49,Pvt Ltd,3
6729,No relevent experience,8,,,1
22861,Has relevent experience,8,10/49,Funded Startup,1
3572,Has relevent experience,19,10000+,Pvt Ltd,never
1486,No relevent experience,6,,Pvt Ltd,never
6594,Has relevent experience,14,<10,Pvt Ltd,1
32118,Has relevent experience,14,<10,Pvt Ltd,1
28299,No relevent experience,4,1000-4999,Pvt Ltd,1
21573,Has relevent experience,3,<10,Pvt Ltd,2
12945,Has relevent experience,3,1000-4999,Pvt Ltd,1
1099,Has relevent experience,>20,1000-4999,Pvt Ltd,2
20428,Has relevent experience,7,100-500,Funded Startup,1
24032,Has relevent experience,19,100-500,Pvt Ltd,>4
31439,Has relevent experience,>20,,,1
6446,No relevent experience,3,100-500,NGO,2
9704,Has relevent experience,>20,<10,Pvt Ltd,1
32677,Has relevent experience,17,5000-9999,NGO,>4
13428,Has relevent experience,5,<10,,2
5434,No relevent experience,2,,Pvt Ltd,never
12324,Has relevent experience,11,5000-9999,Pvt Ltd,1
31532,Has relevent experience,18,100-500,Pvt Ltd,>4
28212,Has relevent experience,3,,,1
15362,No relevent experience,3,,,1
21111,Has relevent experience,>20,50-99,Pvt Ltd,>4
14458,No relevent experience,11,10/49,Public Sector,1
9386,Has relevent experience,>20,100-500,Public Sector,>4
31138,Has relevent experience,5,<10,Pvt Ltd,1
31143,Has relevent experience,>20,500-999,Other,>4
11203,No relevent experience,1,,,1
32412,No relevent experience,5,50-99,Pvt Ltd,1
17745,Has relevent experience,3,50-99,Pvt Ltd,2
11080,Has relevent experience,6,50-99,Pvt Ltd,1
10472,No relevent experience,9,,Pvt Ltd,1
11657,Has relevent experience,>20,5000-9999,Pvt Ltd,>4
3298,Has relevent experience,19,10000+,Pvt Ltd,>4
21991,Has relevent experience,5,50-99,Pvt Ltd,never
24896,Has relevent experience,>20,10000+,Pvt Ltd,>4
33266,Has relevent experience,14,50-99,Pvt Ltd,>4
10368,No relevent experience,11,,,4
7732,No relevent experience,6,,,1
5721,Has relevent experience,16,10000+,Public Sector,1
31939,Has relevent experience,2,50-99,Pvt Ltd,1
27262,Has relevent experience,>20,<10,Pvt Ltd,1
1722,Has relevent experience,14,5000-9999,Public Sector,1
13063,Has relevent experience,15,10000+,Pvt Ltd,1
25031,Has relevent experience,18,50-99,Pvt Ltd,
5499,Has relevent experience,8,50-99,Funded Startup,1
13385,Has relevent experience,15,10/49,Pvt Ltd,2
19002,Has relevent experience,9,,,1
19784,Has relevent experience,16,<10,Pvt Ltd,1
23485,Has relevent experience,2,100-500,NGO,1
13773,Has relevent experience,8,500-999,Pvt Ltd,>4
27112,Has relevent experience,>20,,,2
26396,No relevent experience,10,,,never
14476,Has relevent experience,6,10/49,Pvt Ltd,>4
23797,No relevent experience,5,10/49,Early Stage Startup,1
29387,Has relevent experience,>20,,,never
31942,Has relevent experience,19,10/49,Funded Startup,2
21990,No relevent experience,1,,,1
8469,No relevent experience,<1,,,never
26115,Has relevent experience,>20,50-99,Pvt Ltd,>4
20850,Has relevent experience,11,100-500,Pvt Ltd,>4
24444,Has relevent experience,<1,50-99,,1
19770,No relevent experience,5,10/49,,1
31057,No relevent experience,6,10000+,Pvt Ltd,1
11215,Has relevent experience,10,10000+,Other,1
32159,Has relevent experience,14,50-99,Funded Startup,1
20354,No relevent experience,8,,,1
31999,No relevent experience,1,,Pvt Ltd,never
25437,Has relevent experience,16,1000-4999,Pvt Ltd,1
6163,Has relevent experience,16,10000+,NGO,1
28804,Has relevent experience,>20,100-500,Public Sector,>4
12623,Has relevent experience,4,10000+,Pvt Ltd,1
30870,Has relevent experience,9,10000+,Pvt Ltd,>4
10375,Has relevent experience,>20,5000-9999,Pvt Ltd,2
7007,Has relevent experience,11,100-500,Pvt Ltd,1
7404,No relevent experience,10,1000-4999,Public Sector,1
11851,Has relevent experience,>20,,,2
24370,Has relevent experience,9,10/49,Funded Startup,1
11202,Has relevent experience,13,,,1
25910,Has relevent experience,5,<10,Pvt Ltd,1
6546,No relevent experience,13,50-99,Public Sector,>4
12508,Has relevent experience,8,,,1
28634,No relevent experience,2,,,never
2192,Has relevent experience,<1,50-99,Pvt Ltd,never
7135,Has relevent experience,>20,50-99,Pvt Ltd,>4
21042,Has relevent experience,,50-99,Funded Startup,>4
15592,Has relevent experience,7,1000-4999,Pvt Ltd,1
26185,No relevent experience,2,50-99,Pvt Ltd,2
9883,Has relevent experience,>20,,,2
20919,Has relevent experience,9,<10,Pvt Ltd,3
4030,Has relevent experience,7,1000-4999,NGO,3
29932,Has relevent experience,17,10000+,NGO,3
12169,Has relevent experience,>20,100-500,Pvt Ltd,>4
12566,Has relevent experience,18,10/49,Early Stage Startup,>4
29167,Has relevent experience,>20,10000+,Pvt Ltd,2
18838,Has relevent experience,16,500-999,Pvt Ltd,4
10382,Has relevent experience,18,10000+,Pvt Ltd,1
9691,Has relevent experience,17,10000+,Pvt Ltd,>4
13315,Has relevent experience,9,10000+,Pvt Ltd,1
32003,Has relevent experience,16,100-500,Funded Startup,1
13766,Has relevent experience,8,<10,Pvt Ltd,1
30560,No relevent experience,3,,,never
9924,Has relevent experience,>20,10/49,Pvt Ltd,1
17893,No relevent experience,2,,,never
11647,Has relevent experience,>20,50-99,Pvt Ltd,1
25733,Has relevent experience,15,10/49,Funded Startup,4
29336,Has relevent experience,>20,50-99,Pvt Ltd,1
18078,No relevent experience,4,,,1
2145,No relevent experience,6,,,never
2984,Has relevent experience,12,50-99,Pvt Ltd,2
32030,No relevent experience,5,,,1
10871,Has relevent experience,>20,500-999,Pvt Ltd,3
3613,Has relevent experience,14,<10,Funded Startup,1
26253,No relevent experience,>20,,,3
2440,Has relevent experience,17,10000+,Pvt Ltd,1
1772,Has relevent experience,6,50-99,Funded Startup,4
4711,Has relevent experience,14,10/49,Funded Startup,1
15513,Has relevent experience,15,10/49,Pvt Ltd,2
30827,Has relevent experience,11,10/49,Pvt Ltd,2
21090,Has relevent experience,4,500-999,Pvt Ltd,2
30390,Has relevent experience,>20,,,1
2946,No relevent experience,2,,Pvt Ltd,1
23444,No relevent experience,8,,Public Sector,3
13718,Has relevent experience,12,100-500,Pvt Ltd,2
15603,Has relevent experience,7,500-999,,2
14570,No relevent experience,2,,,never
23094,Has relevent experience,11,10000+,Pvt Ltd,>4
315,No relevent experience,16,10000+,NGO,1
21512,Has relevent experience,14,10/49,Pvt Ltd,>4
24680,No relevent experience,5,1000-4999,NGO,3
32798,Has relevent experience,2,50-99,Pvt Ltd,
2249,No relevent experience,2,100-500,Pvt Ltd,1
17343,Has relevent experience,<1,,,1
4408,Has relevent experience,7,,,1
32076,Has relevent experience,11,50-99,Pvt Ltd,1
28137,Has relevent experience,6,,,4
22387,Has relevent experience,12,50-99,,3
2706,Has relevent experience,5,10/49,Early Stage Startup,2
11373,No relevent experience,6,,,1
18656,Has relevent experience,6,5000-9999,Pvt Ltd,1
5846,Has relevent experience,>20,,,>4
24716,Has relevent experience,4,,,2
30142,Has relevent experience,9,1000-4999,Pvt Ltd,3
18390,Has relevent experience,2,,,1
2252,Has relevent experience,8,50-99,Pvt Ltd,1
29859,Has relevent experience,<1,100-500,,never
13495,Has relevent experience,>20,50-99,Funded Startup,1
29967,Has relevent experience,19,1000-4999,,2
11335,No relevent experience,13,,,never
16533,Has relevent experience,4,,,1
14760,Has relevent experience,7,,,1
24056,Has relevent experience,8,50-99,Pvt Ltd,1
17326,Has relevent experience,4,,,never
7814,Has relevent experience,6,50-99,Pvt Ltd,1
32084,Has relevent experience,17,10/49,Funded Startup,1
30207,Has relevent experience,5,,,1
20905,Has relevent experience,10,100-500,Pvt Ltd,>4
1061,Has relevent experience,13,10/49,Pvt Ltd,>4
14502,Has relevent experience,14,50-99,Pvt Ltd,>4
31746,Has relevent experience,<1,,,1
2059,Has relevent experience,15,10/49,Funded Startup,>4
15039,Has relevent experience,10,50-99,NGO,2
24954,Has relevent experience,14,,,>4
20423,Has relevent experience,7,10000+,Pvt Ltd,4
30989,Has relevent experience,>20,100-500,Public Sector,2
20953,No relevent experience,2,,,never
26013,Has relevent experience,9,1000-4999,Pvt Ltd,1
21761,No relevent experience,3,10000+,Public Sector,1
6723,Has relevent experience,10,100-500,Pvt Ltd,1
506,Has relevent experience,>20,100-500,Pvt Ltd,>4
23504,No relevent experience,4,,,
11508,Has relevent experience,7,100-500,Funded Startup,2
14726,Has relevent experience,15,<10,Pvt Ltd,>4
17033,No relevent experience,5,,,never
23652,Has relevent experience,9,1000-4999,Public Sector,3
33264,Has relevent experience,10,5000-9999,Pvt Ltd,2
1860,Has relevent experience,11,500-999,Pvt Ltd,1
6324,Has relevent experience,6,100-500,,1
32246,Has relevent experience,>20,50-99,Pvt Ltd,>4
28932,Has relevent experience,15,500-999,Pvt Ltd,1
24913,Has relevent experience,9,10000+,Pvt Ltd,1
28385,Has relevent experience,5,10/49,Funded Startup,1
15000,Has relevent experience,7,10000+,Pvt Ltd,>4
27553,Has relevent experience,>20,<10,Pvt Ltd,>4
14995,No relevent experience,2,,,1
23165,No relevent experience,2,50-99,Pvt Ltd,1
21982,Has relevent experience,3,50-99,Pvt Ltd,2
17766,Has relevent experience,>20,50-99,Funded Startup,1
22019,Has relevent experience,>20,,,>4
30032,Has relevent experience,>20,,,1
18251,Has relevent experience,3,10000+,Pvt Ltd,2
30318,Has relevent experience,>20,50-99,Pvt Ltd,4
4521,No relevent experience,11,,Pvt Ltd,never
23724,Has relevent experience,6,50-99,Funded Startup,1
22596,Has relevent experience,10,,,2
17586,No relevent experience,2,,,1
562,Has relevent experience,16,5000-9999,Pvt Ltd,1
18585,No relevent experience,4,,,1
5292,No relevent experience,6,,,never
18613,No relevent experience,3,100-500,Pvt Ltd,2
1068,Has relevent experience,7,100-500,Pvt Ltd,1
6219,Has relevent experience,>20,,,1
22020,Has relevent experience,8,5000-9999,Pvt Ltd,2
30545,Has relevent experience,9,<10,Funded Startup,1
12537,No relevent experience,9,50-99,Pvt Ltd,2
21,Has relevent experience,8,,,2
24278,Has relevent experience,3,1000-4999,Pvt Ltd,never
9932,Has relevent experience,7,10/49,,2
17671,Has relevent experience,5,<10,Pvt Ltd,3
4458,No relevent experience,1,,Pvt Ltd,never
26528,Has relevent experience,>20,50-99,Pvt Ltd,2
15736,No relevent experience,1,,,never
9223,Has relevent experience,2,<10,Early Stage Startup,2
10402,Has relevent experience,12,10000+,Pvt Ltd,>4
30662,Has relevent experience,19,,,1
24313,No relevent experience,4,,Public Sector,1
18938,Has relevent experience,7,100-500,Pvt Ltd,3
15354,Has relevent experience,6,<10,Other,2
25320,No relevent experience,19,<10,Pvt Ltd,>4
28796,No relevent experience,>20,,,2
28186,No relevent experience,6,100-500,Pvt Ltd,1
12784,Has relevent experience,15,50-99,Pvt Ltd,1
15415,Has relevent experience,2,1000-4999,Pvt Ltd,1
2974,Has relevent experience,10,50-99,Other,2
33331,Has relevent experience,4,,,1
17741,Has relevent experience,19,100-500,Pvt Ltd,>4
16241,Has relevent experience,6,500-999,Public Sector,1
27284,Has relevent experience,19,500-999,Funded Startup,4
27856,Has relevent experience,>20,50-99,Pvt Ltd,>4
11910,No relevent experience,7,,,never
31121,No relevent experience,10,10/49,Pvt Ltd,1
8970,Has relevent experience,5,50-99,Funded Startup,1
30249,Has relevent experience,6,1000-4999,Public Sector,3
24698,Has relevent experience,5,50-99,Early Stage Startup,1
11604,No relevent experience,<1,50-99,,1
9188,No relevent experience,6,10/49,Funded Startup,never
11249,No relevent experience,3,,,never
10896,Has relevent experience,>20,,,2
19045,Has relevent experience,>20,,,1
20901,No relevent experience,4,,,1
7970,Has relevent experience,>20,500-999,Pvt Ltd,>4
5262,Has relevent experience,7,<10,Funded Startup,1
8265,No relevent experience,3,,,never
13989,Has relevent experience,5,50-99,Pvt Ltd,1
23160,No relevent experience,4,,,never
17156,Has relevent experience,9,10000+,Pvt Ltd,1
27448,Has relevent experience,16,50-99,Pvt Ltd,1
2769,No relevent experience,2,,Pvt Ltd,never
22935,No relevent experience,3,,,
25835,Has relevent experience,>20,,,>4
24175,Has relevent experience,>20,1000-4999,Pvt Ltd,4
23368,No relevent experience,7,,,1
12497,Has relevent experience,13,10/49,Early Stage Startup,>4
5748,Has relevent experience,12,10/49,Pvt Ltd,1
2868,Has relevent experience,6,<10,Pvt Ltd,4
13111,Has relevent experience,>20,1000-4999,Public Sector,2
30588,No relevent experience,2,,,1
8478,Has relevent experience,19,,,>4
25499,Has relevent experience,14,500-999,Funded Startup,1
17559,Has relevent experience,5,50-99,Early Stage Startup,1
1991,Has relevent experience,4,100-500,Pvt Ltd,2
22361,No relevent experience,<1,1000-4999,Public Sector,1
24873,Has relevent experience,4,100-500,Pvt Ltd,1
10735,No relevent experience,6,,,never
28226,No relevent experience,7,5000-9999,Pvt Ltd,1
24333,Has relevent experience,12,1000-4999,Pvt Ltd,>4
31737,Has relevent experience,>20,1000-4999,Pvt Ltd,>4
27391,No relevent experience,5,10000+,Pvt Ltd,1
18085,Has relevent experience,>20,,,1
6974,No relevent experience,8,,,1
26239,No relevent experience,>20,,,>4
5352,Has relevent experience,2,10/49,Pvt Ltd,1
15274,No relevent experience,3,,,never
30711,Has relevent experience,12,50-99,Funded Startup,1
7981,Has relevent experience,6,<10,Pvt Ltd,2
30659,No relevent experience,3,,,>4
12063,Has relevent experience,7,<10,Early Stage Startup,2
27219,No relevent experience,2,,,1
27149,Has relevent experience,17,50-99,Funded Startup,1
18761,Has relevent experience,16,50-99,Funded Startup,2
18230,No relevent experience,15,,,1
25974,Has relevent experience,>20,100-500,Funded Startup,1
31509,Has relevent experience,8,,,1
5268,Has relevent experience,10,500-999,Pvt Ltd,2
22332,No relevent experience,2,,,never
15412,No relevent experience,7,10000+,Public Sector,2
26328,Has relevent experience,17,,,1
11798,No relevent experience,1,,,never
2947,Has relevent experience,4,500-999,Pvt Ltd,1
27565,Has relevent experience,9,<10,Funded Startup,1
18587,Has relevent experience,10,1000-4999,NGO,2
15067,Has relevent experience,6,<10,Early Stage Startup,2
14919,Has relevent experience,6,50-99,Pvt Ltd,1
534,Has relevent experience,15,100-500,Funded Startup,1
30792,Has relevent experience,9,50-99,Pvt Ltd,4
9171,Has relevent experience,>20,,,2
18562,Has relevent experience,3,500-999,Pvt Ltd,1
29319,Has relevent experience,8,10/49,Pvt Ltd,2
25683,Has relevent experience,11,10/49,Early Stage Startup,1
4121,Has relevent experience,3,100-500,Pvt Ltd,1
11700,Has relevent experience,>20,1000-4999,Public Sector,>4
4520,Has relevent experience,4,10000+,Pvt Ltd,1
17239,Has relevent experience,10,50-99,Pvt Ltd,3
785,Has relevent experience,15,100-500,Pvt Ltd,>4
29646,No relevent experience,3,10/49,Pvt Ltd,1
29034,Has relevent experience,6,500-999,NGO,2
17475,Has relevent experience,5,10000+,Pvt Ltd,1
18255,No relevent experience,>20,10000+,Pvt Ltd,3
173,Has relevent experience,>20,1000-4999,Pvt Ltd,>4
29599,Has relevent experience,>20,50-99,Pvt Ltd,>4
21304,No relevent experience,8,1000-4999,Pvt Ltd,2
13178,Has relevent experience,8,50-99,Funded Startup,3
6403,No relevent experience,11,,,1
6577,Has relevent experience,5,100-500,Public Sector,2
25238,Has relevent experience,6,1000-4999,Pvt Ltd,1
6589,Has relevent experience,11,5000-9999,Pvt Ltd,1
23868,Has relevent experience,3,<10,Funded Startup,1
30733,Has relevent experience,9,50-99,Pvt Ltd,1
7838,Has relevent experience,12,100-500,Pvt Ltd,1
4651,No relevent experience,7,,,2
4212,Has relevent experience,8,50-99,Pvt Ltd,>4
13469,Has relevent experience,12,1000-4999,Pvt Ltd,1
33187,Has relevent experience,5,500-999,Pvt Ltd,>4
8601,No relevent experience,4,,,1
27511,Has relevent experience,>20,,,>4
9949,Has relevent experience,15,50-99,Pvt Ltd,>4
28020,No relevent experience,2,,,never
22589,Has relevent experience,13,<10,Early Stage Startup,1
16736,No relevent experience,,10000+,,
12145,No relevent experience,<1,,,never
9538,Has relevent experience,19,10000+,Pvt Ltd,>4
810,Has relevent experience,>20,50-99,Pvt Ltd,4
13368,Has relevent experience,>20,10000+,Pvt Ltd,1
16275,Has relevent experience,10,1000-4999,Pvt Ltd,3
10376,Has relevent experience,2,500-999,Funded Startup,1
30596,Has relevent experience,>20,<10,Pvt Ltd,>4
5700,Has relevent experience,12,10/49,Pvt Ltd,1
5732,Has relevent experience,9,100-500,Pvt Ltd,1
7587,Has relevent experience,>20,100-500,NGO,1
28414,Has relevent experience,7,1000-4999,Pvt Ltd,>4
22304,No relevent experience,2,100-500,,1
18869,Has relevent experience,4,50-99,Pvt Ltd,1
16392,Has relevent experience,>20,10/49,Pvt Ltd,1
3044,Has relevent experience,>20,,,>4
21030,No relevent experience,4,,,4
26555,Has relevent experience,>20,<10,Pvt Ltd,>4
10537,Has relevent experience,2,1000-4999,Pvt Ltd,1
27594,Has relevent experience,10,50-99,Pvt Ltd,
11222,Has relevent experience,16,<10,Pvt Ltd,never
11740,Has relevent experience,>20,500-999,Pvt Ltd,>4
17053,Has relevent experience,>20,100-500,Pvt Ltd,1
7670,No relevent experience,9,,,1
18739,Has relevent experience,1,10000+,Pvt Ltd,never
26967,Has relevent experience,3,10000+,Pvt Ltd,1
5719,No relevent experience,2,5000-9999,,1
25959,Has relevent experience,16,<10,Pvt Ltd,1
19691,Has relevent experience,13,5000-9999,Public Sector,>4
2540,Has relevent experience,11,100-500,Pvt Ltd,2
6232,Has relevent experience,2,50-99,,1
17148,Has relevent experience,6,500-999,Public Sector,1
25428,Has relevent experience,15,1000-4999,Pvt Ltd,>4
30127,Has relevent experience,15,10/49,Early Stage Startup,1
21197,Has relevent experience,7,5000-9999,Pvt Ltd,>4
3142,Has relevent experience,9,1000-4999,Pvt Ltd,>4
7192,No relevent experience,17,500-999,Pvt Ltd,3
15244,Has relevent experience,4,50-99,Pvt Ltd,1
32398,Has relevent experience,4,1000-4999,Pvt Ltd,1
31970,Has relevent experience,9,100-500,Pvt Ltd,1
29028,Has relevent experience,>20,1000-4999,Pvt Ltd,2
27757,Has relevent experience,18,100-500,Pvt Ltd,1
15112,No relevent experience,2,,,never
13653,Has relevent experience,16,5000-9999,Pvt Ltd,4
23526,No relevent experience,6,,,2
18812,Has relevent experience,14,50-99,,1
21314,No relevent experience,<1,,,never
25401,Has relevent experience,9,10000+,Pvt Ltd,4
7681,Has relevent experience,9,,,>4
16956,Has relevent experience,6,,,1
31906,Has relevent experience,7,,,4
4569,No relevent experience,7,,,1
16304,Has relevent experience,2,<10,Pvt Ltd,1
1519,No relevent experience,6,50-99,Funded Startup,1
2162,Has relevent experience,20,50-99,Pvt Ltd,2
25842,No relevent experience,9,5000-9999,Pvt Ltd,1
21013,Has relevent experience,2,10/49,Pvt Ltd,2
2178,Has relevent experience,12,50-99,Pvt Ltd,2
9346,Has relevent experience,14,50-99,Pvt Ltd,>4
24580,Has relevent experience,>20,50-99,Pvt Ltd,>4
3957,Has relevent experience,>20,500-999,Pvt Ltd,>4
15209,Has relevent experience,20,,Pvt Ltd,>4
33138,Has relevent experience,>20,10000+,Pvt Ltd,2
10763,No relevent experience,5,,Public Sector,2
3340,Has relevent experience,15,50-99,Funded Startup,1
1607,No relevent experience,5,,,1
11,Has relevent experience,11,,,4
7292,Has relevent experience,2,10/49,Pvt Ltd,1
12181,Has relevent experience,9,100-500,Pvt Ltd,2
27515,No relevent experience,1,,,1
5256,Has relevent experience,>20,500-999,Pvt Ltd,>4
14956,No relevent experience,<1,,,never
8945,Has relevent experience,6,50-99,Pvt Ltd,2
25268,Has relevent experience,4,100-500,Pvt Ltd,2
15127,No relevent experience,20,,,2
3015,Has relevent experience,>20,,,1
14632,No relevent experience,13,,Public Sector,>4
28228,No relevent experience,1,,,never
8206,Has relevent experience,10,50-99,Pvt Ltd,1
25091,Has relevent experience,>20,5000-9999,Pvt Ltd,1
30353,Has relevent experience,4,1000-4999,Public Sector,1
20312,Has relevent experience,10,<10,Pvt Ltd,1
32103,Has relevent experience,15,10/49,Funded Startup,1
27230,Has relevent experience,13,100-500,Funded Startup,1
26424,No relevent experience,12,10000+,Pvt Ltd,4
17704,No relevent experience,3,,,never
23617,No relevent experience,11,,,never
30603,No relevent experience,5,,,1
28623,Has relevent experience,4,5000-9999,Pvt Ltd,1
15082,Has relevent experience,14,50-99,Funded Startup,1
15393,No relevent experience,7,,,1
21716,No relevent experience,9,10000+,Pvt Ltd,never
10747,Has relevent experience,>20,1000-4999,Pvt Ltd,>4
10430,No relevent experience,>20,,,1
511,Has relevent experience,10,10/49,Pvt Ltd,4
18526,Has relevent experience,7,500-999,Funded Startup,never
884,No relevent experience,5,,Public Sector,1
13252,Has relevent experience,11,10/49,Pvt Ltd,1
29287,Has relevent experience,11,,,1
23821,No relevent experience,>20,10000+,NGO,>4
16173,Has relevent experience,9,10000+,Pvt Ltd,1
32187,Has relevent experience,8,1000-4999,Pvt Ltd,2
20562,No relevent experience,3,10000+,Pvt Ltd,never
21458,Has relevent experience,1,100-500,Pvt Ltd,1
2879,Has relevent experience,>20,50-99,Pvt Ltd,>4
24624,Has relevent experience,20,1000-4999,Pvt Ltd,1
10318,Has relevent experience,4,,,1
27470,Has relevent experience,>20,500-999,Pvt Ltd,4
27467,No relevent experience,4,,,1
1226,Has relevent experience,10,10/49,Pvt Ltd,1
15986,Has relevent experience,10,,,2
6371,Has relevent experience,13,<10,Early Stage Startup,1
3100,No relevent experience,5,,,
9567,Has relevent experience,>20,10/49,Funded Startup,1
14332,No relevent experience,5,100-500,Pvt Ltd,1
31835,Has relevent experience,1,<10,Early Stage Startup,1
26478,Has relevent experience,2,1000-4999,,1
4399,Has relevent experience,8,,,4
3776,No relevent experience,>20,50-99,Public Sector,>4
19914,No relevent experience,4,,,never
31062,Has relevent experience,4,50-99,Pvt Ltd,1
18075,Has relevent experience,3,10000+,Pvt Ltd,1
21074,Has relevent experience,9,10000+,Pvt Ltd,1
23049,Has relevent experience,>20,500-999,Pvt Ltd,>4
5822,No relevent experience,>20,,,1
13384,Has relevent experience,16,50-99,Pvt Ltd,>4
29788,Has relevent experience,>20,1000-4999,Pvt Ltd,1
16569,No relevent experience,14,10000+,Pvt Ltd,1
25058,Has relevent experience,11,500-999,Pvt Ltd,>4
14414,Has relevent experience,9,50-99,Pvt Ltd,2
32604,No relevent experience,10,,,1
5337,Has relevent experience,5,1000-4999,Pvt Ltd,2
7040,Has relevent experience,5,100-500,Pvt Ltd,>4
29145,Has relevent experience,6,5000-9999,Pvt Ltd,4
31503,Has relevent experience,15,500-999,Pvt Ltd,1
19161,Has relevent experience,5,<10,,never
28323,No relevent experience,2,,,never
30006,Has relevent experience,10,,,3
17278,No relevent experience,6,50-99,Pvt Ltd,1
14424,No relevent experience,4,100-500,Pvt Ltd,1
24219,Has relevent experience,>20,100-500,Pvt Ltd,1
15402,Has relevent experience,15,100-500,Pvt Ltd,>4
12034,Has relevent experience,18,,,never
19456,No relevent experience,5,50-99,Pvt Ltd,2
514,Has relevent experience,17,,,>4
26321,No relevent experience,10,,,2
29708,Has relevent experience,8,10/49,Pvt Ltd,1
11782,Has relevent experience,2,100-500,Pvt Ltd,2
16279,Has relevent experience,2,10000+,Pvt Ltd,1
5577,No relevent experience,<1,10/49,,1
9200,Has relevent experience,7,,,1
28717,Has relevent experience,11,5000-9999,Public Sector,2
17618,Has relevent experience,>20,,,1
31106,No relevent experience,3,50-99,Pvt Ltd,never
8792,Has relevent experience,11,,,>4
17752,Has relevent experience,>20,,,>4
4595,Has relevent experience,12,50-99,Pvt Ltd,1
29094,Has relevent experience,>20,1000-4999,Pvt Ltd,1
6943,Has relevent experience,10,500-999,Pvt Ltd,1
5692,Has relevent experience,10,50-99,Pvt Ltd,2
18033,Has relevent experience,1,,,1
6121,Has relevent experience,>20,100-500,NGO,>4
20222,Has relevent experience,6,,,1
7146,Has relevent experience,16,10/49,Pvt Ltd,
7150,No relevent experience,4,,,never
9326,No relevent experience,6,50-99,,1
25736,Has relevent experience,>20,50-99,Pvt Ltd,3
19769,No relevent experience,15,100-500,Pvt Ltd,never
22515,No relevent experience,4,,,never
24126,Has relevent experience,7,10000+,Pvt Ltd,4
14528,No relevent experience,2,,,never
31788,Has relevent experience,12,100-500,Pvt Ltd,3
19859,No relevent experience,>20,1000-4999,Public Sector,>4
6009,Has relevent experience,>20,100-500,Pvt Ltd,4
3809,No relevent experience,3,,,never
32214,Has relevent experience,>20,,,>4
12367,Has relevent experience,>20,50-99,Pvt Ltd,1
26040,No relevent experience,6,,,1
4349,No relevent experience,3,,Pvt Ltd,never
13670,Has relevent experience,15,100-500,Pvt Ltd,2
1117,No relevent experience,4,,,1
25332,Has relevent experience,2,50-99,,1
15866,Has relevent experience,14,10000+,Pvt Ltd,>4
7352,Has relevent experience,18,100-500,Pvt Ltd,2
7143,Has relevent experience,4,100-500,Pvt Ltd,1
23239,No relevent experience,2,,,never
30075,Has relevent experience,5,,,1
3650,Has relevent experience,11,50-99,,1
23397,Has relevent experience,9,50-99,,1
2218,Has relevent experience,7,500-999,Pvt Ltd,2
5321,No relevent experience,2,,Pvt Ltd,never
16696,Has relevent experience,>20,10/49,Early Stage Startup,2
21354,No relevent experience,>20,1000-4999,Pvt Ltd,2
17770,Has relevent experience,15,1000-4999,Pvt Ltd,1
27356,No relevent experience,5,,,never
23342,Has relevent experience,8,50-99,Pvt Ltd,1
447,Has relevent experience,2,10/49,Pvt Ltd,1
6042,Has relevent experience,>20,1000-4999,NGO,>4
22862,Has relevent experience,14,5000-9999,Pvt Ltd,>4
26242,Has relevent experience,11,100-500,,2
32481,No relevent experience,2,,,1
28129,Has relevent experience,18,1000-4999,Pvt Ltd,>4
6059,Has relevent experience,>20,50-99,Pvt Ltd,>4
28205,Has relevent experience,10,50-99,Pvt Ltd,2
9306,Has relevent experience,,,Pvt Ltd,>4
3285,Has relevent experience,10,5000-9999,,1
7651,No relevent experience,6,,,1
16191,Has relevent experience,12,,,>4
12614,No relevent experience,5,,,never
1686,No relevent experience,2,,,never
22551,Has relevent experience,7,100-500,Pvt Ltd,>4
26356,No relevent experience,13,100-500,Public Sector,2
17897,Has relevent experience,15,50-99,Pvt Ltd,4
9371,Has relevent experience,7,10000+,Pvt Ltd,2
12411,No relevent experience,13,,,1
13190,Has relevent experience,15,1000-4999,Pvt Ltd,3
23372,Has relevent experience,4,,,1
6811,No relevent experience,<1,,,never
25405,Has relevent experience,7,50-99,Pvt Ltd,1
23266,Has relevent experience,>20,,,2
22562,Has relevent experience,>20,<10,Pvt Ltd,>4
2450,Has relevent experience,3,100-500,Pvt Ltd,3
20652,Has relevent experience,10,,,1
8976,Has relevent experience,5,10000+,NGO,never
23148,No relevent experience,3,,,2
29014,Has relevent experience,>20,50-99,Pvt Ltd,1
17229,Has relevent experience,1,50-99,Pvt Ltd,1
29657,No relevent experience,<1,50-99,Pvt Ltd,1
31599,Has relevent experience,>20,100-500,Pvt Ltd,2
636,Has relevent experience,9,10000+,Pvt Ltd,1
25477,Has relevent experience,6,50-99,Public Sector,1
31933,No relevent experience,7,50-99,Pvt Ltd,never
2229,Has relevent experience,7,500-999,Pvt Ltd,>4
10794,No relevent experience,3,,,>4
14387,No relevent experience,12,,,never
12260,Has relevent experience,18,100-500,,1
32467,Has relevent experience,4,10/49,Pvt Ltd,4
31390,Has relevent experience,10,<10,Pvt Ltd,>4
32178,Has relevent experience,>20,10/49,Funded Startup,4
16709,No relevent experience,3,,,1
12457,Has relevent experience,7,10/49,NGO,>4
1014,Has relevent experience,7,,,4
16190,No relevent experience,3,,,3
12907,Has relevent experience,>20,,,1
24374,Has relevent experience,<1,100-500,Pvt Ltd,1
13186,Has relevent experience,8,,,4
4164,Has relevent experience,17,500-999,Pvt Ltd,>4
30552,No relevent experience,5,,,1
2603,Has relevent experience,3,50-99,Pvt Ltd,1
16846,No relevent experience,17,50-99,Pvt Ltd,>4
1662,Has relevent experience,8,,,1
6228,Has relevent experience,>20,10000+,Pvt Ltd,>4
26307,Has relevent experience,14,50-99,Pvt Ltd,>4
27055,Has relevent experience,7,,,3
28580,Has relevent experience,6,,,3
12655,No relevent experience,3,50-99,Pvt Ltd,3
21385,Has relevent experience,7,<10,Pvt Ltd,1
6345,Has relevent experience,15,100-500,Pvt Ltd,never
21893,Has relevent experience,>20,50-99,Funded Startup,1
16341,No relevent experience,4,50-99,,1
30105,Has relevent experience,1,10000+,Pvt Ltd,1
30008,Has relevent experience,3,1000-4999,Pvt Ltd,2
4617,Has relevent experience,6,10/49,Early Stage Startup,4
17314,No relevent experience,<1,,,never
29756,Has relevent experience,10,,,2
32879,No relevent experience,1,5000-9999,Pvt Ltd,1
24072,Has relevent experience,4,50-99,Funded Startup,1
23597,Has relevent experience,>20,,,>4
15847,Has relevent experience,>20,50-99,Pvt Ltd,>4
20664,Has relevent experience,12,100-500,Pvt Ltd,1
23559,Has relevent experience,11,,,2
5735,Has relevent experience,3,100-500,Funded Startup,2
4313,No relevent experience,1,,,1
31729,Has relevent experience,9,50-99,Funded Startup,1
26776,No relevent experience,<1,,,1
23520,Has relevent experience,9,10000+,Pvt Ltd,1
31657,Has relevent experience,4,,,1
9761,Has relevent experience,10,100-500,,1
9721,Has relevent experience,>20,1000-4999,NGO,>4
30895,Has relevent experience,6,10000+,,1
6819,No relevent experience,1,,,never
29372,Has relevent experience,8,,,1
27132,No relevent experience,3,50-99,Pvt Ltd,3
11005,Has relevent experience,10,,,never
1707,Has relevent experience,4,1000-4999,Pvt Ltd,1
25034,No relevent experience,2,1000-4999,Pvt Ltd,1
22541,No relevent experience,9,1000-4999,Public Sector,1
27052,Has relevent experience,12,100-500,Funded Startup,>4
24454,No relevent experience,3,,,never
24014,Has relevent experience,6,50-99,Pvt Ltd,1
9555,Has relevent experience,>20,10000+,,4
17816,Has relevent experience,5,10/49,Pvt Ltd,2
10916,Has relevent experience,11,100-500,NGO,1
9458,Has relevent experience,13,100-500,Pvt Ltd,3
11987,Has relevent experience,9,10/49,Early Stage Startup,4
19959,Has relevent experience,14,5000-9999,Pvt Ltd,3
28284,Has relevent experience,11,5000-9999,Pvt Ltd,1
11464,Has relevent experience,1,50-99,Pvt Ltd,1
13459,Has relevent experience,4,100-500,NGO,1
5926,Has relevent experience,>20,50-99,Funded Startup,>4
7975,Has relevent experience,4,500-999,Pvt Ltd,1
7882,Has relevent experience,6,500-999,Pvt Ltd,1
494,Has relevent experience,9,100-500,Funded Startup,2
12146,Has relevent experience,6,10000+,Pvt Ltd,1
5787,Has relevent experience,11,100-500,Pvt Ltd,1
14704,Has relevent experience,5,10000+,Pvt Ltd,1
3540,Has relevent experience,8,50-99,Pvt Ltd,2
27651,No relevent experience,14,100-500,Pvt Ltd,1
9253,No relevent experience,7,,,
16218,No relevent experience,7,100-500,Pvt Ltd,3
16062,Has relevent experience,13,,Pvt Ltd,4
15245,Has relevent experience,20,10000+,Pvt Ltd,1
13109,Has relevent experience,4,10/49,Pvt Ltd,1
16620,Has relevent experience,12,,,>4
5687,Has relevent experience,12,50-99,Pvt Ltd,1
27725,Has relevent experience,4,10/49,Pvt Ltd,4
7566,Has relevent experience,5,50-99,Pvt Ltd,1
10303,Has relevent experience,>20,,,1
15810,Has relevent experience,14,100-500,Pvt Ltd,1
30548,Has relevent experience,5,,,1
21509,Has relevent experience,2,10/49,Pvt Ltd,1
5460,Has relevent experience,9,10000+,Pvt Ltd,2
19998,Has relevent experience,9,50-99,Pvt Ltd,2
28273,Has relevent experience,14,10000+,Pvt Ltd,>4
30257,Has relevent experience,11,50-99,Pvt Ltd,>4
31241,Has relevent experience,14,,,1
20378,No relevent experience,7,,,1
29402,No relevent experience,7,500-999,NGO,2
23474,No relevent experience,2,,,never
22548,Has relevent experience,16,100-500,Other,never
98,No relevent experience,6,10/49,Pvt Ltd,>4
6105,Has relevent experience,3,,,1
23869,Has relevent experience,3,100-500,Pvt Ltd,2
17123,No relevent experience,,,,
28409,Has relevent experience,3,<10,Early Stage Startup,1
25618,Has relevent experience,3,5000-9999,Pvt Ltd,1
25048,No relevent experience,3,,,
32459,No relevent experience,6,,Pvt Ltd,never
16534,No relevent experience,1,,,
33223,Has relevent experience,1,500-999,Pvt Ltd,1
19824,Has relevent experience,10,1000-4999,Pvt Ltd,>4
11893,Has relevent experience,8,10000+,Pvt Ltd,4
28778,No relevent experience,2,50-99,Pvt Ltd,1
4051,Has relevent experience,>20,1000-4999,Pvt Ltd,>4
16523,Has relevent experience,7,50-99,Pvt Ltd,1
1165,Has relevent experience,11,100-500,Public Sector,>4
10090,No relevent experience,4,,,1
14711,Has relevent experience,11,500-999,Pvt Ltd,never
18366,Has relevent experience,6,1000-4999,,never
8293,Has relevent experience,9,1000-4999,Pvt Ltd,1
21164,No relevent experience,10,,,never
6430,Has relevent experience,12,<10,Pvt Ltd,1
32463,Has relevent experience,9,100-500,Pvt Ltd,3
30477,Has relevent experience,4,100-500,Pvt Ltd,never
2707,Has relevent experience,>20,10/49,Pvt Ltd,2
9167,Has relevent experience,4,,,4
25083,Has relevent experience,15,10000+,Pvt Ltd,4
503,Has relevent experience,14,10000+,Pvt Ltd,4
27607,Has relevent experience,8,50-99,Pvt Ltd,1
25915,Has relevent experience,14,,,1
30308,Has relevent experience,6,,,1
29607,Has relevent experience,10,10/49,Pvt Ltd,1
21938,No relevent experience,5,,,never
15076,Has relevent experience,9,10000+,Pvt Ltd,1
25278,Has relevent experience,6,,,1
3531,Has relevent experience,>20,,,>4
13796,Has relevent experience,>20,50-99,Pvt Ltd,>4
28272,Has relevent experience,>20,<10,Early Stage Startup,never
26345,Has relevent experience,9,5000-9999,Pvt Ltd,>4
5679,Has relevent experience,11,,Pvt Ltd,3
4435,Has relevent experience,9,,,1
19920,Has relevent experience,14,1000-4999,Pvt Ltd,1
28644,No relevent experience,18,,,2
8481,Has relevent experience,6,,Pvt Ltd,2
29166,Has relevent experience,14,<10,Funded Startup,1
8040,Has relevent experience,15,100-500,Pvt Ltd,>4
19085,Has relevent experience,10,1000-4999,Pvt Ltd,1
14948,Has relevent experience,>20,100-500,Pvt Ltd,>4
20158,Has relevent experience,7,,,1
10068,Has relevent experience,8,100-500,Funded Startup,1
15093,Has relevent experience,9,50-99,Pvt Ltd,1
16381,Has relevent experience,3,10/49,Pvt Ltd,1
24435,Has relevent experience,10,100-500,Public Sector,1
3824,Has relevent experience,>20,,Public Sector,>4
15858,Has relevent experience,12,100-500,Pvt Ltd,4
7249,Has relevent experience,>20,10/49,Funded Startup,3
6596,No relevent experience,15,,,>4
27630,No relevent experience,9,,,3
31058,Has relevent experience,15,1000-4999,Pvt Ltd,2
12408,No relevent experience,<1,,,never
32560,Has relevent experience,7,50-99,Funded Startup,3
12987,No relevent experience,>20,,,1
25022,Has relevent experience,17,<10,Pvt Ltd,1
20547,No relevent experience,2,,,2
27795,No relevent experience,6,,,never
29088,Has relevent experience,>20,50-99,Pvt Ltd,>4
14212,No relevent experience,2,,,2
5538,No relevent experience,10,,,2
20713,No relevent experience,<1,10000+,Pvt Ltd,1
23877,No relevent experience,6,,,never
9693,Has relevent experience,>20,50-99,Pvt Ltd,1
18146,Has relevent experience,6,100-500,Pvt Ltd,3
22883,Has relevent experience,>20,,,never
1461,Has relevent experience,18,,,1
24448,Has relevent experience,19,1000-4999,Pvt Ltd,>4
31735,Has relevent experience,6,50-99,Early Stage Startup,1
8080,No relevent experience,3,10000+,Pvt Ltd,3
26930,Has relevent experience,10,50-99,Pvt Ltd,1
11372,Has relevent experience,9,100-500,Pvt Ltd,1
13937,Has relevent experience,10,50-99,Pvt Ltd,2
24522,Has relevent experience,14,100-500,Funded Startup,1
6670,Has relevent experience,>20,1000-4999,Pvt Ltd,1
25159,Has relevent experience,>20,,,
3263,Has relevent experience,>20,,,1
10035,Has relevent experience,2,10000+,Pvt Ltd,2
7390,Has relevent experience,5,1000-4999,Pvt Ltd,1
26544,No relevent experience,14,<10,Early Stage Startup,1
32322,No relevent experience,7,,,never
21083,Has relevent experience,>20,1000-4999,Pvt Ltd,2
13254,Has relevent experience,15,50-99,Pvt Ltd,1
29267,Has relevent experience,>20,,,1
8129,Has relevent experience,18,50-99,Pvt Ltd,2
18631,Has relevent experience,11,100-500,Pvt Ltd,4
23833,Has relevent experience,3,10000+,Pvt Ltd,2
30841,Has relevent experience,5,100-500,Pvt Ltd,1
6656,Has relevent experience,6,10/49,Pvt Ltd,1
14602,No relevent experience,<1,100-500,NGO,1
11891,Has relevent experience,12,10/49,Pvt Ltd,2
30379,Has relevent experience,5,500-999,Funded Startup,2
3136,No relevent experience,14,1000-4999,Pvt Ltd,>4
13747,No relevent experience,>20,50-99,Pvt Ltd,>4
29271,Has relevent experience,5,1000-4999,Pvt Ltd,>4
21325,Has relevent experience,19,500-999,Pvt Ltd,4
8357,Has relevent experience,8,500-999,Pvt Ltd,2
30948,No relevent experience,5,50-99,Pvt Ltd,>4
22531,Has relevent experience,11,50-99,,2
5656,Has relevent experience,13,1000-4999,Public Sector,>4
21085,Has relevent experience,11,<10,Pvt Ltd,>4
20649,Has relevent experience,3,50-99,Pvt Ltd,1
19534,No relevent experience,6,10/49,Pvt Ltd,3
25393,Has relevent experience,11,100-500,Pvt Ltd,>4
2878,Has relevent experience,10,1000-4999,Pvt Ltd,never
24347,Has relevent experience,6,,Pvt Ltd,1
32192,Has relevent experience,16,10/49,Pvt Ltd,>4
13058,No relevent experience,6,,Public Sector,1
10613,Has relevent experience,4,<10,Funded Startup,2
20265,No relevent experience,<1,10/49,NGO,1
24897,Has relevent experience,12,50-99,,1
29152,Has relevent experience,4,100-500,Pvt Ltd,3
21321,No relevent experience,5,,,2
21411,Has relevent experience,8,10000+,Pvt Ltd,1
32170,Has relevent experience,7,50-99,Pvt Ltd,1
24678,No relevent experience,1,,,never
29895,Has relevent experience,15,500-999,,2
5827,Has relevent experience,2,50-99,Funded Startup,1
18608,Has relevent experience,5,100-500,Pvt Ltd,1
9048,No relevent experience,2,,,never
2083,Has relevent experience,8,50-99,Pvt Ltd,2
3002,No relevent experience,3,50-99,Pvt Ltd,1
29856,Has relevent experience,13,1000-4999,Pvt Ltd,1
22061,Has relevent experience,4,100-500,Pvt Ltd,2
2916,Has relevent experience,16,1000-4999,Pvt Ltd,2
23069,Has relevent experience,1,100-500,Pvt Ltd,1
19057,Has relevent experience,11,50-99,Pvt Ltd,1
12885,Has relevent experience,5,10/49,Funded Startup,2
20052,No relevent experience,13,,Pvt Ltd,never
10264,Has relevent experience,1,10000+,Pvt Ltd,1
32430,Has relevent experience,13,50-99,Pvt Ltd,1
348,Has relevent experience,10,50-99,Pvt Ltd,4
6130,No relevent experience,16,50-99,,never
8636,Has relevent experience,15,100-500,Pvt Ltd,3
3045,Has relevent experience,14,50-99,Pvt Ltd,1
32763,No relevent experience,2,50-99,,1
27509,Has relevent experience,>20,,,>4
20330,No relevent experience,6,,,never
15077,Has relevent experience,10,,,>4
25511,Has relevent experience,3,50-99,Pvt Ltd,2
6170,Has relevent experience,16,50-99,,2
18044,No relevent experience,<1,,,never
5733,Has relevent experience,6,100-500,Pvt Ltd,2
11571,No relevent experience,5,,,
20129,Has relevent experience,3,100-500,Funded Startup,1
22416,Has relevent experience,>20,,,>4
9724,Has relevent experience,>20,1000-4999,Pvt Ltd,1
12813,Has relevent experience,16,,,
15764,Has relevent experience,14,5000-9999,Pvt Ltd,>4
6003,Has relevent experience,11,100-500,Funded Startup,2
11934,Has relevent experience,10,10/49,Pvt Ltd,4
14957,No relevent experience,2,,,never
12658,Has relevent experience,6,,,>4
4181,No relevent experience,<1,500-999,Pvt Ltd,1
30192,Has relevent experience,14,500-999,Pvt Ltd,1
25068,Has relevent experience,3,50-99,Pvt Ltd,1
22356,Has relevent experience,1,<10,Funded Startup,1
19170,Has relevent experience,5,5000-9999,Pvt Ltd,1
18778,Has relevent experience,5,500-999,Pvt Ltd,never
14242,Has relevent experience,5,500-999,Pvt Ltd,never
21856,Has relevent experience,>20,5000-9999,Pvt Ltd,1
8222,Has relevent experience,5,,,1
17517,Has relevent experience,5,10000+,Other,1
6934,Has relevent experience,6,100-500,Funded Startup,1
24762,Has relevent experience,5,1000-4999,Pvt Ltd,never
20934,No relevent experience,6,,,never
25066,Has relevent experience,16,5000-9999,Pvt Ltd,2
15567,No relevent experience,<1,10000+,Pvt Ltd,2
9784,Has relevent experience,>20,1000-4999,Pvt Ltd,>4
26517,Has relevent experience,3,,,1
21598,Has relevent experience,>20,<10,Pvt Ltd,never
4489,Has relevent experience,8,,,2
2788,Has relevent experience,5,,,1
18069,Has relevent experience,>20,,,1
17531,Has relevent experience,6,,,1
22385,Has relevent experience,12,,,1
13705,Has relevent experience,5,10000+,Pvt Ltd,4
32064,No relevent experience,10,1000-4999,Public Sector,1
29865,Has relevent experience,15,1000-4999,Pvt Ltd,>4
28622,Has relevent experience,7,10/49,Pvt Ltd,1
99,No relevent experience,>20,,,>4
27549,Has relevent experience,15,5000-9999,Pvt Ltd,3
31170,Has relevent experience,11,<10,Pvt Ltd,1
21626,Has relevent experience,5,50-99,Pvt Ltd,1
30861,Has relevent experience,4,50-99,Pvt Ltd,1
16019,Has relevent experience,13,10000+,Pvt Ltd,4
11840,Has relevent experience,3,50-99,Pvt Ltd,1
8902,No relevent experience,1,,,never
5747,Has relevent experience,10,100-500,Pvt Ltd,2
16204,Has relevent experience,4,,,1
5602,Has relevent experience,4,100-500,NGO,1
18970,No relevent experience,7,10000+,Pvt Ltd,1
7938,No relevent experience,3,100-500,Pvt Ltd,3
24019,No relevent experience,>20,50-99,Pvt Ltd,>4
10001,No relevent experience,5,,,never
1979,No relevent experience,9,100-500,Pvt Ltd,never
25994,Has relevent experience,18,,,>4
11017,Has relevent experience,4,100-500,Pvt Ltd,1
9284,No relevent experience,5,,,3
1060,Has relevent experience,>20,100-500,Pvt Ltd,>4
6763,Has relevent experience,10,100-500,Pvt Ltd,>4
1964,No relevent experience,3,,Pvt Ltd,never
6293,Has relevent experience,4,10/49,,1
4710,No relevent experience,2,,,never
31323,Has relevent experience,>20,1000-4999,Pvt Ltd,1
2807,Has relevent experience,10,50-99,Pvt Ltd,1
32255,Has relevent experience,2,,,1
19092,Has relevent experience,6,10/49,,1
26193,No relevent experience,7,10/49,Pvt Ltd,1
4639,Has relevent experience,15,50-99,Pvt Ltd,2
12853,Has relevent experience,15,100-500,Pvt Ltd,>4
7247,Has relevent experience,11,10/49,Early Stage Startup,1
7,Has relevent experience,13,,,1
15575,Has relevent experience,>20,50-99,Pvt Ltd,1
11163,Has relevent experience,4,50-99,NGO,2
2527,No relevent experience,4,1000-4999,Pvt Ltd,1
17797,Has relevent experience,6,10000+,Pvt Ltd,1
8892,No relevent experience,1,,,never
5163,Has relevent experience,>20,,,1
28889,Has relevent experience,7,500-999,Other,3
1011,No relevent experience,4,,,never
4923,Has relevent experience,10,10000+,Pvt Ltd,1
21447,Has relevent experience,1,,,1
31357,Has relevent experience,12,1000-4999,Pvt Ltd,>4
12118,No relevent experience,>20,<10,Pvt Ltd,never
33133,Has relevent experience,9,10000+,Pvt Ltd,1
6306,Has relevent experience,7,<10,Pvt Ltd,>4
15204,Has relevent experience,>20,<10,NGO,>4
23532,No relevent experience,4,,,
16300,Has relevent experience,4,50-99,Pvt Ltd,1
15428,Has relevent experience,6,1000-4999,Pvt Ltd,2
7407,No relevent experience,5,,,1
2204,Has relevent experience,11,100-500,Pvt Ltd,1
17455,Has relevent experience,10,50-99,Pvt Ltd,>4
26090,Has relevent experience,16,1000-4999,Pvt Ltd,1
23124,Has relevent experience,2,100-500,,2
1413,No relevent experience,5,,,never
30757,Has relevent experience,14,50-99,Pvt Ltd,4
4684,No relevent experience,2,,Pvt Ltd,never
18772,Has relevent experience,>20,1000-4999,Pvt Ltd,>4
19902,Has relevent experience,2,,,1
16301,Has relevent experience,13,50-99,Pvt Ltd,2
32428,Has relevent experience,20,50-99,,1
25853,Has relevent experience,7,,,1
19592,Has relevent experience,6,,,3
1187,Has relevent experience,15,10000+,Pvt Ltd,>4
27645,Has relevent experience,>20,,,>4
23530,No relevent experience,5,10000+,Pvt Ltd,1
7010,Has relevent experience,5,<10,Pvt Ltd,1
24963,Has relevent experience,5,,,1
14902,Has relevent experience,8,50-99,Pvt Ltd,>4
28953,No relevent experience,2,,,1
12719,Has relevent experience,4,<10,Pvt Ltd,1
8383,Has relevent experience,>20,,,1
28677,Has relevent experience,>20,100-500,NGO,1
30954,No relevent experience,4,,,never
14148,Has relevent experience,>20,,,1
6766,Has relevent experience,16,50-99,Funded Startup,>4
16338,Has relevent experience,7,50-99,Pvt Ltd,1
13760,Has relevent experience,3,50-99,Pvt Ltd,1
19481,No relevent experience,11,100-500,,1
17544,No relevent experience,3,,,never
19984,Has relevent experience,4,1000-4999,Pvt Ltd,3
21776,Has relevent experience,>20,100-500,Pvt Ltd,>4
19910,Has relevent experience,7,,,1
13290,Has relevent experience,6,,,1
9074,Has relevent experience,>20,,,3
28793,No relevent experience,8,,,2
19113,No relevent experience,5,,,never
21437,No relevent experience,>20,,,>4
6543,Has relevent experience,>20,1000-4999,Pvt Ltd,>4
17507,No relevent experience,9,,,1
11843,Has relevent experience,6,,,1
22782,No relevent experience,7,500-999,Public Sector,1
21875,No relevent experience,1,,,1
22664,No relevent experience,8,100-500,Pvt Ltd,1
28553,No relevent experience,15,50-99,Funded Startup,2
17362,Has relevent experience,4,10/49,Pvt Ltd,1
2963,No relevent experience,<1,,,never
22543,Has relevent experience,10,50-99,Pvt Ltd,1
17201,Has relevent experience,6,100-500,Pvt Ltd,never
33228,Has relevent experience,10,,,>4
32050,Has relevent experience,6,10000+,Pvt Ltd,1
843,Has relevent experience,>20,,,1
31780,No relevent experience,14,10/49,Pvt Ltd,1
3457,Has relevent experience,>20,1000-4999,NGO,>4
16636,Has relevent experience,15,50-99,Pvt Ltd,1
20131,Has relevent experience,2,,,1
27346,Has relevent experience,>20,50-99,Funded Startup,2
1282,No relevent experience,19,10000+,Pvt Ltd,>4
33282,Has relevent experience,7,,,1
17401,Has relevent experience,9,,,never
5193,Has relevent experience,16,10/49,Funded Startup,4
11737,No relevent experience,>20,<10,Pvt Ltd,4
1545,Has relevent experience,7,50-99,Pvt Ltd,4
4554,No relevent experience,1,5000-9999,Pvt Ltd,1
12200,Has relevent experience,18,50-99,Pvt Ltd,3
7830,Has relevent experience,6,50-99,Pvt Ltd,>4
19409,Has relevent experience,14,,,>4
24136,No relevent experience,2,,,never
4014,Has relevent experience,4,50-99,Pvt Ltd,4
24999,No relevent experience,9,10000+,Pvt Ltd,4
18168,Has relevent experience,4,10000+,Pvt Ltd,1
28241,Has relevent experience,>20,50-99,Funded Startup,>4
1901,Has relevent experience,4,50-99,Funded Startup,1
9477,Has relevent experience,2,10/49,Pvt Ltd,1
5407,No relevent experience,3,,,1
21171,Has relevent experience,>20,50-99,Pvt Ltd,2
27048,Has relevent experience,>20,,,1
23517,No relevent experience,4,,,never
13752,Has relevent experience,7,50-99,Pvt Ltd,1
6214,No relevent experience,<1,,,never
13636,Has relevent experience,18,10/49,Early Stage Startup,1
19206,Has relevent experience,16,50-99,Public Sector,1
14747,No relevent experience,2,100-500,Pvt Ltd,1
24342,No relevent experience,15,<10,Pvt Ltd,1
4772,Has relevent experience,15,,,3
584,Has relevent experience,8,,,3
21676,Has relevent experience,11,,,1
18807,Has relevent experience,18,5000-9999,NGO,3
10101,Has relevent experience,4,<10,Funded Startup,1
14535,Has relevent experience,7,100-500,Pvt Ltd,1
29235,No relevent experience,>20,,,>4
22687,Has relevent experience,1,1000-4999,Pvt Ltd,
23621,No relevent experience,9,,,never
15142,No relevent experience,11,,,2
1505,Has relevent experience,12,100-500,Pvt Ltd,3
30988,Has relevent experience,>20,,,1
7870,Has relevent experience,11,10000+,Pvt Ltd,2
14020,Has relevent experience,10,50-99,Pvt Ltd,1
16443,Has relevent experience,3,10000+,Pvt Ltd,1
17431,Has relevent experience,8,,,
29542,Has relevent experience,11,50-99,Pvt Ltd,>4
32715,Has relevent experience,>20,50-99,Funded Startup,1
15647,No relevent experience,3,,,1
13493,No relevent experience,4,,,never
8957,Has relevent experience,11,<10,Early Stage Startup,never
12938,Has relevent experience,1,10/49,Pvt Ltd,1
968,Has relevent experience,8,,Public Sector,>4
33149,Has relevent experience,12,<10,Pvt Ltd,1
19126,Has relevent experience,10,10/49,Funded Startup,2
16305,No relevent experience,3,,,never
28162,Has relevent experience,2,100-500,Pvt Ltd,1
2310,Has relevent experience,5,50-99,Pvt Ltd,never
13935,Has relevent experience,>20,,,>4
19379,Has relevent experience,20,1000-4999,Pvt Ltd,>4
10157,Has relevent experience,>20,10000+,Pvt Ltd,>4
8143,No relevent experience,<1,10000+,Pvt Ltd,4
28417,Has relevent experience,7,50-99,NGO,4
12001,Has relevent experience,14,100-500,Pvt Ltd,1
3257,Has relevent experience,>20,100-500,Pvt Ltd,1
28046,Has relevent experience,7,100-500,Pvt Ltd,3
1534,Has relevent experience,8,,,1
31961,No relevent experience,>20,,,1
1337,No relevent experience,7,50-99,Pvt Ltd,4
9096,No relevent experience,>20,50-99,Pvt Ltd,>4
32904,Has relevent experience,9,1000-4999,Pvt Ltd,4
19115,Has relevent experience,9,10000+,Pvt Ltd,2
29998,Has relevent experience,3,10/49,Pvt Ltd,1
6120,Has relevent experience,16,,,2
12727,Has relevent experience,8,10/49,Pvt Ltd,1
18066,Has relevent experience,8,<10,Early Stage Startup,1
30193,Has relevent experience,5,100-500,Pvt Ltd,2
16159,Has relevent experience,15,1000-4999,Pvt Ltd,2
14930,No relevent experience,10,100-500,Public Sector,2
4885,No relevent experience,19,,,>4
32111,No relevent experience,2,10000+,Pvt Ltd,2
9686,Has relevent experience,15,500-999,Pvt Ltd,1
5207,No relevent experience,7,,,
32310,No relevent experience,4,,,never
31607,Has relevent experience,15,1000-4999,NGO,2
9128,No relevent experience,5,10/49,Public Sector,1
19778,Has relevent experience,14,10/49,Pvt Ltd,>4
10965,Has relevent experience,3,<10,,1
15606,Has relevent experience,8,10000+,Pvt Ltd,1
22383,No relevent experience,8,,,1
29988,Has relevent experience,3,,,2
22370,Has relevent experience,4,50-99,Pvt Ltd,1
15347,Has relevent experience,6,500-999,Pvt Ltd,never
4700,No relevent experience,2,,,1
1889,Has relevent experience,7,10000+,Pvt Ltd,3
1306,Has relevent experience,>20,100-500,Pvt Ltd,1
13820,No relevent experience,9,,,never
24028,Has relevent experience,2,100-500,Pvt Ltd,1
6879,Has relevent experience,<1,10/49,Pvt Ltd,1
30955,No relevent experience,3,100-500,NGO,1
11801,No relevent experience,3,100-500,Early Stage Startup,
29464,No relevent experience,12,,,never
3025,Has relevent experience,18,100-500,Early Stage Startup,>4
21846,Has relevent experience,5,,,1
32594,Has relevent experience,11,50-99,Funded Startup,2
3158,Has relevent experience,11,50-99,Pvt Ltd,4
19402,Has relevent experience,5,,,1
24499,Has relevent experience,2,<10,Pvt Ltd,
29441,Has relevent experience,6,50-99,Pvt Ltd,4
29017,Has relevent experience,4,500-999,Pvt Ltd,1
10519,Has relevent experience,3,,,2
3310,Has relevent experience,12,100-500,Pvt Ltd,>4
18662,Has relevent experience,6,10000+,Pvt Ltd,1
10985,Has relevent experience,6,50-99,Pvt Ltd,
29348,Has relevent experience,20,100-500,NGO,2
5452,Has relevent experience,16,50-99,Pvt Ltd,>4
31397,Has relevent experience,>20,<10,Pvt Ltd,>4
2560,Has relevent experience,8,1000-4999,Pvt Ltd,1
30985,No relevent experience,2,,,never
6487,Has relevent experience,13,10/49,Pvt Ltd,3
21414,Has relevent experience,12,50-99,,3
32613,No relevent experience,2,,Pvt Ltd,never
29001,Has relevent experience,19,5000-9999,Pvt Ltd,1
4864,Has relevent experience,>20,1000-4999,Pvt Ltd,2
23772,Has relevent experience,11,50-99,Pvt Ltd,4
109,Has relevent experience,14,1000-4999,Pvt Ltd,>4
26456,Has relevent experience,10,<10,NGO,1
23152,No relevent experience,4,,,never
25154,No relevent experience,3,100-500,Pvt Ltd,1
15289,Has relevent experience,6,100-500,,1
33379,Has relevent experience,18,<10,Pvt Ltd,2
3820,Has relevent experience,13,10000+,Pvt Ltd,3
21733,Has relevent experience,9,,,1
13122,Has relevent experience,>20,1000-4999,Pvt Ltd,>4
25331,No relevent experience,<1,,,1
18762,Has relevent experience,6,,,3
25727,No relevent experience,9,1000-4999,NGO,>4
787,Has relevent experience,16,1000-4999,Pvt Ltd,1
19608,Has relevent experience,10,5000-9999,Pvt Ltd,>4
28049,No relevent experience,5,50-99,Public Sector,1
1853,No relevent experience,2,,,never
18055,Has relevent experience,2,50-99,Funded Startup,1
26898,Has relevent experience,11,<10,Pvt Ltd,2
5167,No relevent experience,1,,,
21001,Has relevent experience,7,1000-4999,Pvt Ltd,1
11556,Has relevent experience,12,<10,Pvt Ltd,1
32851,Has relevent experience,>20,,,1
15283,No relevent experience,<1,,,never
8624,Has relevent experience,15,1000-4999,,>4
16374,Has relevent experience,9,50-99,,1
29119,Has relevent experience,4,,,never
26390,No relevent experience,2,<10,Pvt Ltd,1
19707,No relevent experience,2,50-99,Pvt Ltd,1
5013,Has relevent experience,5,50-99,,1
769,Has relevent experience,>20,1000-4999,Pvt Ltd,1
5951,Has relevent experience,10,,,1
32086,No relevent experience,2,,,never
17347,Has relevent experience,>20,5000-9999,Pvt Ltd,>4
21721,Has relevent experience,4,10/49,Pvt Ltd,1
11894,Has relevent experience,15,500-999,Funded Startup,1
2256,Has relevent experience,7,10000+,Pvt Ltd,never
27901,Has relevent experience,>20,5000-9999,Pvt Ltd,1
14078,Has relevent experience,>20,10000+,Public Sector,2
7271,Has relevent experience,7,50-99,Pvt Ltd,3
10942,No relevent experience,<1,,,1
30300,Has relevent experience,10,100-500,Pvt Ltd,>4
19845,Has relevent experience,6,10000+,Public Sector,1
30040,No relevent experience,6,,,1
28975,No relevent experience,12,500-999,Pvt Ltd,1
8974,No relevent experience,5,5000-9999,,1
10216,Has relevent experience,8,1000-4999,Pvt Ltd,>4
4875,No relevent experience,2,,Pvt Ltd,never
27927,No relevent experience,12,,,2
20969,Has relevent experience,10,<10,Pvt Ltd,2
20898,No relevent experience,3,,,never
27649,Has relevent experience,>20,10000+,Pvt Ltd,3
24200,No relevent experience,7,10000+,Pvt Ltd,1
24687,No relevent experience,>20,,,3
391,Has relevent experience,6,,,never
24778,Has relevent experience,>20,10000+,Public Sector,2
26080,No relevent experience,<1,,,1
32837,Has relevent experience,11,100-500,Pvt Ltd,1
10140,No relevent experience,<1,,,1
22868,Has relevent experience,13,1000-4999,Pvt Ltd,>4
16085,No relevent experience,<1,10000+,Pvt Ltd,>4
308,Has relevent experience,4,50-99,Pvt Ltd,2
27252,Has relevent experience,<1,,,2
33370,No relevent experience,6,,,1
29782,No relevent experience,5,,,never
13637,Has relevent experience,9,100-500,Pvt Ltd,never
6470,Has relevent experience,8,50-99,Pvt Ltd,1
19070,No relevent experience,3,,,never
19368,Has relevent experience,10,100-500,Pvt Ltd,>4
29696,Has relevent experience,3,,,2
22841,No relevent experience,14,,,>4
32307,No relevent experience,4,50-99,Pvt Ltd,1
5942,Has relevent experience,4,50-99,Pvt Ltd,1
20191,No relevent experience,<1,50-99,Funded Startup,1
9363,Has relevent experience,13,10000+,Public Sector,1
25744,No relevent experience,5,,,never
14951,Has relevent experience,16,1000-4999,Pvt Ltd,>4
14543,No relevent experience,6,<10,Funded Startup,2
748,Has relevent experience,>20,50-99,Pvt Ltd,4
13427,Has relevent experience,8,1000-4999,Pvt Ltd,4
32886,Has relevent experience,12,10/49,Pvt Ltd,1
15104,Has relevent experience,>20,10000+,Pvt Ltd,1
20100,No relevent experience,4,10/49,Pvt Ltd,1
18858,Has relevent experience,13,100-500,,2
24464,Has relevent experience,>20,50-99,,1
12082,Has relevent experience,13,500-999,Pvt Ltd,4
13783,Has relevent experience,18,10/49,NGO,2
9492,No relevent experience,6,,,2
14072,Has relevent experience,17,100-500,Pvt Ltd,2
13700,No relevent experience,5,100-500,Pvt Ltd,1
17036,Has relevent experience,5,,,>4
321,No relevent experience,8,,Pvt Ltd,never
17681,Has relevent experience,7,,,1
32023,No relevent experience,3,,,>4
19193,Has relevent experience,14,100-500,Pvt Ltd,2
15814,Has relevent experience,6,50-99,Funded Startup,4
26837,Has relevent experience,3,100-500,NGO,1
28294,Has relevent experience,14,<10,Pvt Ltd,4
13816,No relevent experience,2,10000+,Public Sector,1
8406,Has relevent experience,<1,1000-4999,Pvt Ltd,1
375,Has relevent experience,11,100-500,Pvt Ltd,2
22435,Has relevent experience,13,500-999,,
2890,Has relevent experience,11,50-99,Pvt Ltd,>4
16144,Has relevent experience,7,100-500,Pvt Ltd,1
26998,No relevent experience,2,10000+,Pvt Ltd,2
30034,Has relevent experience,>20,,,>4
7043,No relevent experience,4,50-99,Pvt Ltd,1
2117,Has relevent experience,13,50-99,Public Sector,3
7624,Has relevent experience,7,,,1
23075,Has relevent experience,>20,1000-4999,Public Sector,>4
9553,Has relevent experience,8,1000-4999,Pvt Ltd,2
23348,No relevent experience,4,50-99,Pvt Ltd,3
8134,Has relevent experience,4,50-99,Pvt Ltd,1
30420,No relevent experience,1,10000+,Public Sector,1
7895,No relevent experience,5,,,never
18751,Has relevent experience,11,10/49,Pvt Ltd,1
24487,Has relevent experience,>20,1000-4999,Pvt Ltd,>4
130,Has relevent experience,16,1000-4999,Public Sector,>4
1896,Has relevent experience,10,,Pvt Ltd,4
16779,Has relevent experience,16,<10,,1
1831,No relevent experience,3,<10,Funded Startup,>4
24441,Has relevent experience,17,50-99,Funded Startup,1
21062,Has relevent experience,14,100-500,Pvt Ltd,>4
13026,No relevent experience,7,,,1
19042,Has relevent experience,15,,,1
1755,Has relevent experience,>20,,,>4
30224,No relevent experience,3,50-99,Pvt Ltd,2
14213,Has relevent experience,5,<10,Funded Startup,2
22128,Has relevent experience,6,10000+,Pvt Ltd,1
21305,Has relevent experience,4,10/49,Pvt Ltd,1
20177,No relevent experience,>20,,,>4
25262,Has relevent experience,10,<10,Pvt Ltd,1
9146,Has relevent experience,>20,<10,Pvt Ltd,>4
31116,No relevent experience,4,,Pvt Ltd,never
24449,No relevent experience,4,50-99,Early Stage Startup,1
27126,Has relevent experience,3,,,1
13287,No relevent experience,7,,,never
3405,No relevent experience,6,,Pvt Ltd,never
18458,Has relevent experience,10,50-99,Early Stage Startup,2
24343,Has relevent experience,14,10/49,Pvt Ltd,1
11742,Has relevent experience,16,100-500,Pvt Ltd,1
9836,Has relevent experience,16,50-99,Pvt Ltd,2
13532,No relevent experience,10,50-99,Pvt Ltd,1
19871,Has relevent experience,5,50-99,Pvt Ltd,1
26665,No relevent experience,2,,,1
19076,No relevent experience,13,,,never
12009,No relevent experience,3,,,never
23495,Has relevent experience,16,50-99,Pvt Ltd,>4
6512,Has relevent experience,3,50-99,Pvt Ltd,1
8148,Has relevent experience,>20,50-99,Pvt Ltd,>4
6553,No relevent experience,10,50-99,Pvt Ltd,4
22755,Has relevent experience,19,100-500,Pvt Ltd,>4
1340,Has relevent experience,>20,,,1
24383,No relevent experience,3,100-500,Public Sector,2
4527,Has relevent experience,5,10000+,Pvt Ltd,2
32671,No relevent experience,2,50-99,NGO,never
10807,Has relevent experience,>20,50-99,Pvt Ltd,>4
25532,Has relevent experience,19,1000-4999,Pvt Ltd,1
15040,Has relevent experience,15,50-99,Pvt Ltd,1
24348,No relevent experience,2,,,never
2154,Has relevent experience,17,10000+,Pvt Ltd,2
5414,Has relevent experience,8,,,never
32730,Has relevent experience,<1,10000+,Pvt Ltd,2
1948,Has relevent experience,>20,50-99,Pvt Ltd,1
15365,Has relevent experience,16,10000+,Pvt Ltd,>4
24500,No relevent experience,11,,,1
14982,Has relevent experience,6,50-99,Pvt Ltd,1
25911,Has relevent experience,4,50-99,Funded Startup,2
27313,Has relevent experience,20,1000-4999,Pvt Ltd,3
18466,Has relevent experience,14,,Pvt Ltd,1
11537,No relevent experience,2,10/49,,1
29134,Has relevent experience,14,50-99,Pvt Ltd,>4
14141,Has relevent experience,2,<10,Pvt Ltd,1
13835,No relevent experience,<1,,,never
9568,No relevent experience,2,,,never
23201,Has relevent experience,9,10000+,Pvt Ltd,1
2843,No relevent experience,1,10/49,Pvt Ltd,1
26987,No relevent experience,5,50-99,Funded Startup,1
24365,Has relevent experience,1,<10,Early Stage Startup,
11052,Has relevent experience,19,,,1
3552,Has relevent experience,16,<10,Pvt Ltd,never
24651,Has relevent experience,4,<10,Funded Startup,1
4644,Has relevent experience,12,,,3
3082,Has relevent experience,19,10000+,Pvt Ltd,1
3886,No relevent experience,5,,Pvt Ltd,never
15821,Has relevent experience,3,50-99,Public Sector,2
10670,Has relevent experience,7,500-999,Pvt Ltd,1
20377,No relevent experience,1,10/49,,1
791,Has relevent experience,9,50-99,Pvt Ltd,2
11351,Has relevent experience,14,,Pvt Ltd,1
1460,Has relevent experience,6,100-500,Pvt Ltd,never
15778,Has relevent experience,15,10/49,Pvt Ltd,1
6870,Has relevent experience,9,500-999,Pvt Ltd,>4
32593,No relevent experience,6,,,1
21055,Has relevent experience,3,50-99,Pvt Ltd,1
24090,Has relevent experience,5,1000-4999,Pvt Ltd,1
17690,Has relevent experience,<1,1000-4999,Pvt Ltd,1
13053,Has relevent experience,6,10/49,Pvt Ltd,1
12229,Has relevent experience,17,1000-4999,Pvt Ltd,1
4485,No relevent experience,<1,,,never
12791,Has relevent experience,17,100-500,Pvt Ltd,1
6013,Has relevent experience,>20,10000+,Public Sector,3
27263,Has relevent experience,5,50-99,,1
13442,Has relevent experience,5,500-999,Pvt Ltd,1
10793,Has relevent experience,9,,,1
30581,Has relevent experience,>20,1000-4999,Pvt Ltd,2
23525,No relevent experience,1,,,1
9421,Has relevent experience,8,100-500,Pvt Ltd,>4
14714,Has relevent experience,4,10/49,Pvt Ltd,4
1725,Has relevent experience,16,,,4
3154,Has relevent experience,6,100-500,Pvt Ltd,1
6688,Has relevent experience,>20,50-99,Pvt Ltd,>4
17332,Has relevent experience,3,100-500,Funded Startup,1
15730,Has relevent experience,5,,Pvt Ltd,>4
7099,Has relevent experience,>20,10/49,Pvt Ltd,>4
8183,Has relevent experience,16,500-999,Pvt Ltd,1
21524,No relevent experience,4,10000+,Pvt Ltd,2
1524,Has relevent experience,10,1000-4999,Pvt Ltd,2
27737,Has relevent experience,>20,,,>4
27790,No relevent experience,14,,,2
11146,Has relevent experience,16,,,never
31520,No relevent experience,2,10000+,Pvt Ltd,1
12188,Has relevent experience,16,<10,Early Stage Startup,4
31178,Has relevent experience,5,100-500,Pvt Ltd,1
4712,Has relevent experience,5,10/49,Early Stage Startup,1
23483,Has relevent experience,2,500-999,Pvt Ltd,1
30227,Has relevent experience,7,50-99,Pvt Ltd,2
8907,Has relevent experience,>20,50-99,Pvt Ltd,1
15721,Has relevent experience,16,,,1
25015,Has relevent experience,>20,500-999,Pvt Ltd,4
1990,Has relevent experience,10,10/49,Early Stage Startup,1
30515,No relevent experience,7,,,never
26949,Has relevent experience,>20,1000-4999,Pvt Ltd,>4
31589,Has relevent experience,17,10/49,Pvt Ltd,3
31374,Has relevent experience,9,<10,Pvt Ltd,3
7705,Has relevent experience,15,500-999,Pvt Ltd,2
17146,Has relevent experience,11,,,1
558,No relevent experience,3,10/49,Pvt Ltd,3
1961,No relevent experience,7,,Pvt Ltd,never
26675,No relevent experience,2,,,1
33065,Has relevent experience,5,<10,Pvt Ltd,never
16281,Has relevent experience,6,100-500,Pvt Ltd,2
16036,No relevent experience,3,,,never
20620,Has relevent experience,19,1000-4999,Pvt Ltd,2
4196,No relevent experience,1,,,never
7892,Has relevent experience,3,100-500,,1
19768,No relevent experience,3,100-500,Pvt Ltd,1
33180,No relevent experience,>20,5000-9999,Pvt Ltd,>4
13215,Has relevent experience,10,10000+,Pvt Ltd,>4
2386,Has relevent experience,2,5000-9999,Pvt Ltd,2
18582,Has relevent experience,9,10000+,Pvt Ltd,4
25222,Has relevent experience,7,<10,Pvt Ltd,1
5697,Has relevent experience,>20,100-500,,1
5172,No relevent experience,3,,,never
1815,Has relevent experience,18,10000+,Pvt Ltd,>4
18347,Has relevent experience,6,<10,Pvt Ltd,1
3907,Has relevent experience,16,5000-9999,NGO,>4
372,No relevent experience,3,<10,Pvt Ltd,1
10580,Has relevent experience,16,100-500,Public Sector,2
33376,Has relevent experience,8,1000-4999,Public Sector,4
27970,No relevent experience,1,,,never
20568,Has relevent experience,16,50-99,Pvt Ltd,>4
9059,Has relevent experience,7,100-500,Pvt Ltd,1
27233,Has relevent experience,7,50-99,Pvt Ltd,1
30763,Has relevent experience,6,50-99,Funded Startup,1
12383,Has relevent experience,13,<10,Pvt Ltd,1
16428,Has relevent experience,4,5000-9999,,2
3074,Has relevent experience,>20,10/49,Funded Startup,1
18577,Has relevent experience,12,100-500,Pvt Ltd,2
26667,Has relevent experience,16,10000+,Pvt Ltd,2
16761,Has relevent experience,5,50-99,Pvt Ltd,>4
953,Has relevent experience,10,500-999,Pvt Ltd,1
22702,No relevent experience,6,,,1
20533,Has relevent experience,3,50-99,Pvt Ltd,1
26444,Has relevent experience,3,10/49,Public Sector,>4
6617,Has relevent experience,2,50-99,Pvt Ltd,1
1664,No relevent experience,5,,Public Sector,2
13312,Has relevent experience,>20,,,1
5051,Has relevent experience,7,,,1
27122,Has relevent experience,9,50-99,Pvt Ltd,1
13663,No relevent experience,17,,,>4
30803,No relevent experience,3,,,never
29610,No relevent experience,4,,,1
24856,Has relevent experience,14,1000-4999,Pvt Ltd,>4
27478,No relevent experience,19,,,1
24844,No relevent experience,6,,,never
13444,No relevent experience,11,50-99,Pvt Ltd,1
20446,Has relevent experience,4,50-99,Early Stage Startup,1
4296,Has relevent experience,>20,10/49,Funded Startup,>4
23167,No relevent experience,3,,,1
33297,Has relevent experience,>20,<10,Public Sector,>4
32407,Has relevent experience,15,10000+,Pvt Ltd,>4
32501,No relevent experience,9,,Pvt Ltd,1
18350,Has relevent experience,,50-99,Pvt Ltd,1
26286,Has relevent experience,2,50-99,Early Stage Startup,1
2526,Has relevent experience,7,1000-4999,Pvt Ltd,1
26269,Has relevent experience,>20,<10,Pvt Ltd,>4
8862,Has relevent experience,10,1000-4999,Pvt Ltd,>4
19713,Has relevent experience,>20,500-999,Pvt Ltd,>4
4104,Has relevent experience,>20,50-99,Pvt Ltd,>4
30230,Has relevent experience,>20,100-500,Pvt Ltd,1
14437,No relevent experience,4,,,
396,Has relevent experience,16,10/49,Funded Startup,4
21730,Has relevent experience,9,5000-9999,,
9720,Has relevent experience,15,10000+,Pvt Ltd,4
26319,Has relevent experience,10,1000-4999,Public Sector,1
11921,Has relevent experience,15,1000-4999,Pvt Ltd,1
12918,No relevent experience,8,5000-9999,Public Sector,4
13234,Has relevent experience,12,50-99,Early Stage Startup,>4
20788,Has relevent experience,7,10000+,Pvt Ltd,2
19380,Has relevent experience,>20,500-999,Public Sector,3
5852,No relevent experience,7,100-500,,1
26206,No relevent experience,12,100-500,,1
8417,No relevent experience,8,,,
4780,No relevent experience,<1,,Pvt Ltd,never
12186,No relevent experience,14,10/49,Public Sector,4
29233,No relevent experience,5,50-99,Pvt Ltd,3
18321,Has relevent experience,9,10/49,Pvt Ltd,1
25771,No relevent experience,8,10000+,Public Sector,4
6514,Has relevent experience,13,100-500,Funded Startup,1
7763,Has relevent experience,3,,Pvt Ltd,
901,Has relevent experience,4,1000-4999,Pvt Ltd,4
10267,No relevent experience,>20,,,never
2474,Has relevent experience,>20,10000+,Pvt Ltd,2
10054,Has relevent experience,13,500-999,Funded Startup,4
16767,Has relevent experience,14,50-99,Pvt Ltd,1
17256,Has relevent experience,6,10/49,Early Stage Startup,1
20557,Has relevent experience,7,50-99,Pvt Ltd,1
18784,No relevent experience,11,5000-9999,NGO,>4
21160,No relevent experience,5,,,1
24527,Has relevent experience,9,,,1
16927,Has relevent experience,17,,,1
19549,Has relevent experience,10,<10,Pvt Ltd,3
15987,Has relevent experience,12,50-99,Public Sector,1
30597,Has relevent experience,3,<10,Other,1
17580,Has relevent experience,8,,,1
2206,Has relevent experience,11,100-500,Pvt Ltd,2
10901,Has relevent experience,9,50-99,Pvt Ltd,4
6286,Has relevent experience,2,<10,Pvt Ltd,1
33168,Has relevent experience,<1,<10,Pvt Ltd,1
28497,Has relevent experience,10,50-99,Pvt Ltd,1
931,Has relevent experience,5,100-500,NGO,1
5579,No relevent experience,11,,Pvt Ltd,never
22350,Has relevent experience,6,5000-9999,,1
25365,Has relevent experience,14,,,>4
27270,Has relevent experience,6,,,never
30250,Has relevent experience,13,10/49,Funded Startup,3
6004,Has relevent experience,>20,100-500,Pvt Ltd,1
9675,Has relevent experience,>20,100-500,Pvt Ltd,1
11141,Has relevent experience,10,50-99,Pvt Ltd,1
12143,No relevent experience,>20,500-999,NGO,2
33190,Has relevent experience,9,10/49,Pvt Ltd,3
2129,Has relevent experience,4,50-99,Pvt Ltd,
4673,Has relevent experience,14,50-99,Pvt Ltd,3
2728,Has relevent experience,5,100-500,Pvt Ltd,1
18736,Has relevent experience,10,50-99,Funded Startup,1
19772,Has relevent experience,1,50-99,Pvt Ltd,
29911,No relevent experience,7,,,never
18353,Has relevent experience,1,100-500,Pvt Ltd,1
26857,Has relevent experience,4,50-99,Pvt Ltd,1
11590,No relevent experience,2,1000-4999,Pvt Ltd,2
8262,No relevent experience,8,,Public Sector,1
14668,No relevent experience,2,,,never
17104,Has relevent experience,>20,1000-4999,Pvt Ltd,3
764,Has relevent experience,>20,10000+,Pvt Ltd,>4
32234,No relevent experience,2,,,2
7149,Has relevent experience,>20,50-99,Pvt Ltd,>4
6119,Has relevent experience,>20,50-99,Pvt Ltd,>4
17974,Has relevent experience,11,50-99,Pvt Ltd,1
29411,Has relevent experience,>20,1000-4999,Pvt Ltd,1
17089,No relevent experience,6,,,never
4096,Has relevent experience,>20,50-99,Pvt Ltd,3
29066,No relevent experience,1,,,never
15456,Has relevent experience,2,<10,Early Stage Startup,1
16139,Has relevent experience,5,10/49,Pvt Ltd,4
18243,Has relevent experience,15,,,1
3935,No relevent experience,8,,Pvt Ltd,never
18954,No relevent experience,1,500-999,Public Sector,1
20256,No relevent experience,3,1000-4999,Pvt Ltd,1
30850,Has relevent experience,6,500-999,Pvt Ltd,1
19893,Has relevent experience,6,,,1
27518,Has relevent experience,18,100-500,Pvt Ltd,1
26297,Has relevent experience,9,<10,Early Stage Startup,2
1160,Has relevent experience,18,10000+,Pvt Ltd,>4
27014,No relevent experience,4,,,never
8824,Has relevent experience,18,100-500,Funded Startup,1
29439,Has relevent experience,12,500-999,Funded Startup,1
5068,Has relevent experience,15,100-500,Funded Startup,1
30554,Has relevent experience,4,10000+,Pvt Ltd,1
12255,Has relevent experience,20,1000-4999,Pvt Ltd,>4
14554,Has relevent experience,3,50-99,Pvt Ltd,1
24931,Has relevent experience,14,100-500,Pvt Ltd,1
23149,Has relevent experience,>20,100-500,Pvt Ltd,>4
23158,Has relevent experience,14,10000+,,2
8156,No relevent experience,3,,,never
22015,Has relevent experience,>20,,,>4
16237,No relevent experience,10,,,1
23067,Has relevent experience,11,1000-4999,Pvt Ltd,2
16502,No relevent experience,6,,,never
31714,Has relevent experience,3,,,1
7260,No relevent experience,5,,,
15333,Has relevent experience,8,50-99,Pvt Ltd,1
2289,Has relevent experience,14,50-99,Pvt Ltd,1
19025,No relevent experience,7,10000+,Public Sector,>4
22223,Has relevent experience,10,1000-4999,NGO,>4
4860,Has relevent experience,20,10000+,Pvt Ltd,>4
7556,No relevent experience,5,,,1
11501,Has relevent experience,4,10000+,Pvt Ltd,2
23920,No relevent experience,<1,,,
17844,Has relevent experience,6,1000-4999,Pvt Ltd,3
1448,Has relevent experience,17,,,>4
7302,Has relevent experience,5,100-500,Pvt Ltd,3
6659,Has relevent experience,3,1000-4999,Pvt Ltd,2
33278,Has relevent experience,6,<10,Pvt Ltd,never
26167,Has relevent experience,6,10/49,Early Stage Startup,1
17057,Has relevent experience,6,500-999,Pvt Ltd,2
12195,No relevent experience,5,10000+,Pvt Ltd,1
380,Has relevent experience,20,5000-9999,Pvt Ltd,1
30615,No relevent experience,7,,Pvt Ltd,never
10920,Has relevent experience,6,50-99,Early Stage Startup,1
21542,Has relevent experience,3,100-500,Funded Startup,1
13298,Has relevent experience,>20,100-500,Pvt Ltd,2
22627,Has relevent experience,1,10/49,Pvt Ltd,1
9185,Has relevent experience,4,,,2
1149,No relevent experience,4,1000-4999,,2
9349,Has relevent experience,14,50-99,Pvt Ltd,3
2267,Has relevent experience,13,50-99,Pvt Ltd,2
10490,Has relevent experience,>20,10000+,Pvt Ltd,>4
14475,Has relevent experience,>20,1000-4999,Pvt Ltd,never
30465,No relevent experience,9,,,3
29532,Has relevent experience,7,50-99,Pvt Ltd,4
31327,Has relevent experience,18,,,1
13522,Has relevent experience,>20,,,>4
10531,Has relevent experience,17,10000+,Pvt Ltd,1
13013,Has relevent experience,10,100-500,Pvt Ltd,4
27849,Has relevent experience,6,500-999,Pvt Ltd,1
21743,Has relevent experience,<1,500-999,Pvt Ltd,4
17530,Has relevent experience,16,500-999,Pvt Ltd,3
5959,Has relevent experience,6,100-500,Pvt Ltd,
16402,Has relevent experience,>20,,,>4
16615,Has relevent experience,16,,,
31134,No relevent experience,>20,50-99,Pvt Ltd,>4
27600,No relevent experience,16,,,never
13594,Has relevent experience,4,50-99,Pvt Ltd,2
10383,Has relevent experience,14,1000-4999,Pvt Ltd,>4
30363,Has relevent experience,>20,500-999,Public Sector,>4
12004,No relevent experience,8,100-500,Funded Startup,2
8094,No relevent experience,<1,,,never
5215,Has relevent experience,14,10000+,Pvt Ltd,1
10405,Has relevent experience,>20,10000+,Pvt Ltd,4
25798,Has relevent experience,13,10000+,Pvt Ltd,3
19855,Has relevent experience,5,50-99,Pvt Ltd,2
20316,Has relevent experience,10,5000-9999,Pvt Ltd,1
8282,Has relevent experience,8,100-500,Pvt Ltd,>4
14430,Has relevent experience,3,10/49,Early Stage Startup,
19993,No relevent experience,6,100-500,Public Sector,never
10236,No relevent experience,>20,10000+,Pvt Ltd,>4
23720,Has relevent experience,17,1000-4999,Pvt Ltd,2
30818,No relevent experience,9,,,never
30163,Has relevent experience,>20,,,>4
10094,Has relevent experience,10,1000-4999,Public Sector,>4
20008,Has relevent experience,18,100-500,Pvt Ltd,>4
9604,No relevent experience,1,,,never
32500,Has relevent experience,18,5000-9999,NGO,4
21879,No relevent experience,3,5000-9999,Pvt Ltd,2
5869,Has relevent experience,10,50-99,Pvt Ltd,4
28110,Has relevent experience,>20,10000+,Pvt Ltd,>4
25514,Has relevent experience,11,10/49,Funded Startup,1
3008,Has relevent experience,10,,,1
21289,Has relevent experience,5,10/49,Pvt Ltd,3
8069,Has relevent experience,14,50-99,Pvt Ltd,2
11538,No relevent experience,<1,,,never
21472,Has relevent experience,4,,,1
26001,Has relevent experience,4,500-999,Pvt Ltd,1
1844,Has relevent experience,6,50-99,Pvt Ltd,1
29775,Has relevent experience,3,500-999,Pvt Ltd,1
9951,Has relevent experience,16,1000-4999,NGO,1
5336,Has relevent experience,5,10/49,Funded Startup,2
14514,No relevent experience,8,,,never
26983,Has relevent experience,6,10000+,Pvt Ltd,1
4833,No relevent experience,9,,,1
24731,Has relevent experience,9,100-500,Pvt Ltd,2
21114,No relevent experience,1,,,never
4406,Has relevent experience,>20,100-500,Pvt Ltd,4
19539,Has relevent experience,>20,500-999,Pvt Ltd,>4
6535,Has relevent experience,5,500-999,Pvt Ltd,1
29993,Has relevent experience,>20,,,1
11665,Has relevent experience,>20,,,>4
32410,Has relevent experience,3,50-99,Pvt Ltd,1
6634,Has relevent experience,3,100-500,Pvt Ltd,1
21068,Has relevent experience,19,10/49,Pvt Ltd,>4
5975,Has relevent experience,3,50-99,Pvt Ltd,1
18211,No relevent experience,8,,,3
9336,No relevent experience,2,50-99,NGO,1
989,Has relevent experience,14,,,>4
30931,No relevent experience,8,100-500,Pvt Ltd,2
21561,Has relevent experience,13,50-99,,1
23580,No relevent experience,4,,,2
31411,Has relevent experience,9,,,1
18783,Has relevent experience,>20,,Pvt Ltd,>4
30364,No relevent experience,1,,,1
8984,Has relevent experience,3,10000+,Pvt Ltd,1
169,Has relevent experience,>20,1000-4999,Pvt Ltd,
17768,Has relevent experience,3,50-99,Pvt Ltd,1
29839,Has relevent experience,<1,,,1
29020,Has relevent experience,7,100-500,Pvt Ltd,1
26326,Has relevent experience,15,10000+,Other,>4
25080,Has relevent experience,>20,500-999,Pvt Ltd,4
12125,Has relevent experience,12,50-99,Pvt Ltd,3
16446,Has relevent experience,10,50-99,Pvt Ltd,1
21906,Has relevent experience,>20,50-99,Pvt Ltd,3
14423,No relevent experience,3,50-99,,1
25667,Has relevent experience,>20,1000-4999,Other,>4
27510,Has relevent experience,5,,,1
596,Has relevent experience,4,100-500,Pvt Ltd,1
31194,No relevent experience,5,,Pvt Ltd,never
8847,Has relevent experience,13,50-99,Public Sector,3
7660,Has relevent experience,>20,1000-4999,Pvt Ltd,2
23048,No relevent experience,2,,Pvt Ltd,1
10983,Has relevent experience,5,5000-9999,Public Sector,4
5690,Has relevent experience,11,,,4
9192,Has relevent experience,3,10000+,Pvt Ltd,1
7690,Has relevent experience,8,5000-9999,Pvt Ltd,>4
3992,Has relevent experience,4,50-99,Pvt Ltd,1
6391,Has relevent experience,>20,<10,Pvt Ltd,2
4442,No relevent experience,>20,,,>4
17095,Has relevent experience,10,50-99,Pvt Ltd,3
19589,Has relevent experience,12,100-500,,1
6190,Has relevent experience,>20,1000-4999,Pvt Ltd,>4
7868,No relevent experience,2,,,1
436,No relevent experience,4,,,
2982,Has relevent experience,18,100-500,Pvt Ltd,1
4378,Has relevent experience,>20,500-999,Pvt Ltd,3
7403,Has relevent experience,19,,,1
27940,Has relevent experience,>20,50-99,Early Stage Startup,2
118,Has relevent experience,>20,,,1
27057,Has relevent experience,9,100-500,Pvt Ltd,>4
568,Has relevent experience,9,,,3
27729,Has relevent experience,10,5000-9999,Other,1
30482,Has relevent experience,7,,,1
31207,No relevent experience,<1,10000+,Pvt Ltd,3
2088,No relevent experience,9,,,never
26044,Has relevent experience,10,10000+,Pvt Ltd,1
9802,No relevent experience,5,,,1
23023,Has relevent experience,10,100-500,Pvt Ltd,>4
23625,No relevent experience,3,,,never
6176,Has relevent experience,8,50-99,Pvt Ltd,never
25624,Has relevent experience,>20,<10,Pvt Ltd,>4
15780,No relevent experience,5,,,1
3983,Has relevent experience,>20,,,2
24242,No relevent experience,2,,,2
6825,Has relevent experience,6,1000-4999,,never
6247,No relevent experience,17,10/49,Pvt Ltd,1
27207,Has relevent experience,13,,,>4
4960,No relevent experience,18,500-999,Pvt Ltd,>4
13181,No relevent experience,11,100-500,Pvt Ltd,>4
5613,Has relevent experience,8,<10,Pvt Ltd,1
29715,Has relevent experience,9,100-500,Pvt Ltd,1
9788,Has relevent experience,14,10/49,Funded Startup,1
32069,Has relevent experience,>20,1000-4999,Pvt Ltd,>4
20389,No relevent experience,<1,50-99,Pvt Ltd,1
28389,No relevent experience,4,50-99,Funded Startup,1
6567,Has relevent experience,11,100-500,Pvt Ltd,1
24841,No relevent experience,7,,,never
29847,No relevent experience,7,,,1
31745,Has relevent experience,20,100-500,Pvt Ltd,2
28499,Has relevent experience,10,50-99,Pvt Ltd,>4
1681,No relevent experience,10,,,1
8790,Has relevent experience,3,50-99,Public Sector,2
11244,Has relevent experience,20,5000-9999,Public Sector,2
8599,Has relevent experience,7,100-500,Funded Startup,2
101,Has relevent experience,19,10/49,Funded Startup,3
16561,Has relevent experience,4,,,never
18902,Has relevent experience,6,10000+,Pvt Ltd,1
10702,Has relevent experience,16,<10,Early Stage Startup,3
213,Has relevent experience,3,50-99,Early Stage Startup,1
5420,No relevent experience,6,100-500,Pvt Ltd,>4
18125,Has relevent experience,7,10000+,Pvt Ltd,1
12421,Has relevent experience,17,10/49,Pvt Ltd,1
3489,Has relevent experience,>20,10/49,Pvt Ltd,2
20972,Has relevent experience,>20,1000-4999,Pvt Ltd,>4
6848,Has relevent experience,6,50-99,Pvt Ltd,>4
1415,Has relevent experience,>20,<10,Early Stage Startup,2
14645,Has relevent experience,2,,,1
20686,Has relevent experience,2,1000-4999,Pvt Ltd,1
31127,Has relevent experience,3,100-500,Pvt Ltd,2
28045,No relevent experience,5,50-99,Pvt Ltd,1
22840,No relevent experience,5,,,1
24473,No relevent experience,2,,,never
15646,Has relevent experience,10,,,1
1743,Has relevent experience,>20,1000-4999,Pvt Ltd,never
26355,No relevent experience,>20,,,1
27231,Has relevent experience,9,,,never
4915,Has relevent experience,5,,Pvt Ltd,never
25407,Has relevent experience,>20,<10,Pvt Ltd,>4
30894,No relevent experience,3,,,never
27218,Has relevent experience,4,<10,Pvt Ltd,1
26194,Has relevent experience,>20,,,never
20971,Has relevent experience,>20,100-500,Pvt Ltd,4
25826,Has relevent experience,9,500-999,Pvt Ltd,4
5467,No relevent experience,3,1000-4999,Pvt Ltd,1
25594,Has relevent experience,9,,Pvt Ltd,never
16827,No relevent experience,4,<10,Early Stage Startup,4
32109,Has relevent experience,>20,5000-9999,NGO,4
7371,No relevent experience,14,1000-4999,Pvt Ltd,1
7920,Has relevent experience,15,50-99,Pvt Ltd,2
6223,Has relevent experience,8,100-500,Pvt Ltd,
3810,Has relevent experience,>20,500-999,Pvt Ltd,>4
21867,Has relevent experience,9,50-99,Pvt Ltd,1
19369,Has relevent experience,11,,,>4
28094,Has relevent experience,10,,,1
19511,Has relevent experience,10,<10,Pvt Ltd,1
5117,No relevent experience,5,,Pvt Ltd,never
27852,Has relevent experience,17,100-500,Pvt Ltd,2
6840,Has relevent experience,8,,Pvt Ltd,1
24907,Has relevent experience,10,1000-4999,Pvt Ltd,4
14061,No relevent experience,8,,,1
17121,No relevent experience,11,50-99,Public Sector,>4
15706,No relevent experience,4,1000-4999,Pvt Ltd,2
14196,Has relevent experience,6,10000+,Public Sector,4
13319,No relevent experience,<1,,,never
30368,Has relevent experience,5,,,never
20311,Has relevent experience,>20,1000-4999,Pvt Ltd,2
6148,No relevent experience,3,10000+,Pvt Ltd,1
5241,No relevent experience,3,100-500,Pvt Ltd,never
10998,Has relevent experience,6,10/49,Funded Startup,2
25412,No relevent experience,6,,,1
14805,No relevent experience,2,,,never
30623,No relevent experience,7,100-500,Pvt Ltd,>4
5347,No relevent experience,6,,Pvt Ltd,never
21026,No relevent experience,1,,,1
29466,No relevent experience,2,,,never
32723,No relevent experience,4,50-99,Pvt Ltd,1
19851,Has relevent experience,4,100-500,,4
5024,No relevent experience,2,,,1
15631,No relevent experience,<1,,,2
1147,No relevent experience,11,5000-9999,Pvt Ltd,1
10415,Has relevent experience,>20,1000-4999,,1
24593,Has relevent experience,6,1000-4999,Pvt Ltd,never
6370,Has relevent experience,1,50-99,Funded Startup,1
25935,Has relevent experience,10,10/49,Early Stage Startup,2
6532,Has relevent experience,8,500-999,Pvt Ltd,never
5398,Has relevent experience,6,10000+,Pvt Ltd,1
12788,Has relevent experience,7,1000-4999,Pvt Ltd,>4
280,Has relevent experience,3,10000+,Pvt Ltd,2
4643,No relevent experience,<1,,Pvt Ltd,never
2328,Has relevent experience,13,1000-4999,Pvt Ltd,1
23615,No relevent experience,6,,,1
4611,Has relevent experience,17,,,never
6780,Has relevent experience,14,1000-4999,Pvt Ltd,3
2363,Has relevent experience,>20,1000-4999,Pvt Ltd,1
6810,Has relevent experience,7,100-500,Pvt Ltd,2
27328,Has relevent experience,2,10000+,Pvt Ltd,1
24750,Has relevent experience,>20,10000+,,1
14486,Has relevent experience,5,500-999,Early Stage Startup,1
597,Has relevent experience,12,500-999,,1
19879,Has relevent experience,4,10000+,,1
15894,Has relevent experience,3,50-99,Early Stage Startup,1
30806,Has relevent experience,7,,,2
28407,No relevent experience,9,,,never
31124,Has relevent experience,5,50-99,Pvt Ltd,1
17344,Has relevent experience,15,,,>4
158,Has relevent experience,4,100-500,Pvt Ltd,1
2554,Has relevent experience,8,100-500,NGO,1
30876,Has relevent experience,4,10/49,Pvt Ltd,
24616,Has relevent experience,9,100-500,,1
20560,Has relevent experience,1,10/49,Pvt Ltd,never
8021,Has relevent experience,7,,,2
15632,Has relevent experience,5,100-500,Funded Startup,1
15087,Has relevent experience,8,10/49,Funded Startup,1
11951,No relevent experience,10,,,1
11747,Has relevent experience,>20,1000-4999,Pvt Ltd,>4
22586,Has relevent experience,4,100-500,Pvt Ltd,2
12822,Has relevent experience,>20,1000-4999,Public Sector,>4
28442,Has relevent experience,>20,,,1
27997,Has relevent experience,4,50-99,Funded Startup,1
20252,Has relevent experience,10,<10,Pvt Ltd,1
14130,Has relevent experience,10,50-99,Pvt Ltd,never
4143,Has relevent experience,>20,1000-4999,Pvt Ltd,2
16078,Has relevent experience,20,10000+,Other,>4
8572,Has relevent experience,2,50-99,Pvt Ltd,1
17155,Has relevent experience,>20,,,>4
3466,No relevent experience,<1,,,never
25961,No relevent experience,2,<10,Early Stage Startup,1
10425,Has relevent experience,5,50-99,Pvt Ltd,1
4126,Has relevent experience,>20,100-500,Pvt Ltd,>4
28558,Has relevent experience,10,10000+,Pvt Ltd,never
29516,No relevent experience,3,,,never
14461,No relevent experience,1,50-99,Pvt Ltd,1
30217,Has relevent experience,15,10000+,Pvt Ltd,>4
1506,Has relevent experience,8,100-500,Pvt Ltd,1
29943,No relevent experience,7,,,1
23005,Has relevent experience,15,500-999,Pvt Ltd,2
4941,No relevent experience,3,100-500,,never
9355,No relevent experience,11,,,1
27147,No relevent experience,4,10/49,Pvt Ltd,4
32863,No relevent experience,>20,100-500,Funded Startup,3
8725,Has relevent experience,3,<10,Pvt Ltd,1
11122,No relevent experience,15,5000-9999,Pvt Ltd,1
2264,Has relevent experience,11,10000+,Pvt Ltd,2
24046,Has relevent experience,>20,1000-4999,Pvt Ltd,2
4661,Has relevent experience,2,,,2
25044,No relevent experience,<1,10000+,Pvt Ltd,1
7982,Has relevent experience,4,500-999,Pvt Ltd,1
27734,No relevent experience,6,,,never
8294,No relevent experience,>20,,,>4
29520,No relevent experience,8,,,1
3869,Has relevent experience,4,100-500,Pvt Ltd,2
19217,Has relevent experience,12,50-99,Pvt Ltd,>4
22339,No relevent experience,3,,,never
5335,Has relevent experience,12,,,4
6979,Has relevent experience,11,,,1
17646,No relevent experience,1,,,1
6542,Has relevent experience,17,1000-4999,NGO,1
26970,Has relevent experience,14,<10,Pvt Ltd,2
23369,Has relevent experience,9,10/49,Pvt Ltd,>4
5308,Has relevent experience,16,100-500,Pvt Ltd,1
26258,Has relevent experience,20,,,>4
13558,Has relevent experience,10,10000+,Pvt Ltd,1
19262,No relevent experience,4,10000+,Pvt Ltd,3
10891,Has relevent experience,20,500-999,Pvt Ltd,>4
26375,No relevent experience,5,,,never
20651,Has relevent experience,3,1000-4999,NGO,1
20247,Has relevent experience,3,1000-4999,Pvt Ltd,1
6658,No relevent experience,3,1000-4999,Pvt Ltd,1
33307,Has relevent experience,7,100-500,Pvt Ltd,4
18691,Has relevent experience,2,,,2
5614,Has relevent experience,4,10000+,Pvt Ltd,1
20232,No relevent experience,5,,,1
10934,Has relevent experience,>20,<10,Funded Startup,1
6062,Has relevent experience,>20,5000-9999,Pvt Ltd,1
12720,Has relevent experience,>20,1000-4999,Pvt Ltd,>4
23912,No relevent experience,<1,,,2
8915,Has relevent experience,>20,10/49,Pvt Ltd,>4
12805,Has relevent experience,7,10/49,Pvt Ltd,2
28604,Has relevent experience,>20,50-99,Early Stage Startup,>4
8303,Has relevent experience,6,100-500,Pvt Ltd,1
29214,Has relevent experience,6,100-500,Funded Startup,1
24745,Has relevent experience,<1,5000-9999,Public Sector,1
16686,Has relevent experience,14,10000+,Pvt Ltd,never
14269,No relevent experience,5,,,1
3157,Has relevent experience,5,50-99,Pvt Ltd,1
25032,Has relevent experience,12,50-99,Pvt Ltd,>4
2452,No relevent experience,6,500-999,Public Sector,4
25009,No relevent experience,2,10000+,Pvt Ltd,1
11172,Has relevent experience,6,10000+,Pvt Ltd,1
24640,No relevent experience,4,10000+,,1
20417,Has relevent experience,13,50-99,Pvt Ltd,>4
17616,No relevent experience,3,,,never
7919,Has relevent experience,6,<10,Pvt Ltd,1
15053,Has relevent experience,20,10/49,Pvt Ltd,1
27274,Has relevent experience,11,,,1
3626,Has relevent experience,3,1000-4999,,1
12715,No relevent experience,>20,,Public Sector,2
7932,Has relevent experience,7,100-500,Pvt Ltd,2
4444,Has relevent experience,15,50-99,Pvt Ltd,2
18599,No relevent experience,4,10/49,Public Sector,4
33213,Has relevent experience,>20,,,>4
1120,Has relevent experience,10,50-99,Funded Startup,1
5558,Has relevent experience,9,<10,Pvt Ltd,>4
22471,Has relevent experience,7,100-500,Pvt Ltd,4
15033,Has relevent experience,4,500-999,Public Sector,2
8037,Has relevent experience,14,,,1
27721,Has relevent experience,7,1000-4999,Pvt Ltd,2
14653,Has relevent experience,16,,,1
178,Has relevent experience,11,,,1
22049,Has relevent experience,>20,100-500,Pvt Ltd,>4
17934,No relevent experience,3,,,2
13081,No relevent experience,3,,NGO,>4
10122,No relevent experience,3,,NGO,never
11389,No relevent experience,>20,50-99,Pvt Ltd,>4
29169,Has relevent experience,10,10000+,Pvt Ltd,1
11944,Has relevent experience,9,10/49,Pvt Ltd,2
12798,Has relevent experience,14,50-99,Pvt Ltd,4
2942,Has relevent experience,12,50-99,,1
24532,Has relevent experience,>20,50-99,Funded Startup,>4
14239,No relevent experience,>20,,,>4
13806,No relevent experience,4,,,1
32999,Has relevent experience,3,10/49,Pvt Ltd,2
30471,Has relevent experience,2,5000-9999,Pvt Ltd,1
28339,Has relevent experience,12,5000-9999,Pvt Ltd,2
5502,No relevent experience,2,,Pvt Ltd,never
32895,Has relevent experience,8,5000-9999,Pvt Ltd,2
11881,Has relevent experience,11,50-99,Pvt Ltd,>4
26889,No relevent experience,<1,,,never
747,Has relevent experience,10,50-99,Pvt Ltd,1
4735,No relevent experience,5,10000+,Pvt Ltd,1
2955,No relevent experience,4,10000+,Pvt Ltd,2
25280,No relevent experience,3,,,never
31290,Has relevent experience,19,<10,Early Stage Startup,1
11996,No relevent experience,5,10000+,Pvt Ltd,2
1799,Has relevent experience,14,<10,Pvt Ltd,>4
18738,Has relevent experience,15,5000-9999,Pvt Ltd,>4
21930,No relevent experience,8,,,1
26840,No relevent experience,7,10000+,Pvt Ltd,2
10786,Has relevent experience,18,5000-9999,Other,>4
1207,Has relevent experience,13,100-500,Pvt Ltd,>4
16707,Has relevent experience,12,,,1
23750,Has relevent experience,>20,,,>4
17890,Has relevent experience,5,10000+,,1
18636,Has relevent experience,17,1000-4999,Public Sector,>4
20704,Has relevent experience,6,10/49,,never
14506,No relevent experience,5,,,1
14386,No relevent experience,4,,,never
19041,Has relevent experience,>20,10/49,Pvt Ltd,1
9870,Has relevent experience,4,,Public Sector,2
6068,Has relevent experience,4,50-99,,1
8242,Has relevent experience,9,500-999,Pvt Ltd,4
15458,No relevent experience,2,,,never
4109,Has relevent experience,12,50-99,Pvt Ltd,1
5915,Has relevent experience,17,100-500,Pvt Ltd,>4
28076,Has relevent experience,>20,,,1
8449,Has relevent experience,7,100-500,Pvt Ltd,2
9931,Has relevent experience,>20,1000-4999,Public Sector,>4
21205,Has relevent experience,>20,,,1
18845,Has relevent experience,10,50-99,Funded Startup,3
6248,Has relevent experience,10,1000-4999,Pvt Ltd,>4
598,Has relevent experience,6,,,1
21400,Has relevent experience,>20,,,>4
18984,Has relevent experience,10,<10,Pvt Ltd,1
1380,Has relevent experience,9,,,1
28982,Has relevent experience,16,10000+,Pvt Ltd,3
18640,Has relevent experience,5,500-999,Pvt Ltd,4
11428,Has relevent experience,15,,,1
33336,No relevent experience,3,,,1
12084,No relevent experience,2,10000+,,never
8705,Has relevent experience,>20,500-999,Public Sector,3
12044,Has relevent experience,12,,,>4
12160,Has relevent experience,4,,,1
5003,Has relevent experience,>20,500-999,Pvt Ltd,>4
19492,No relevent experience,7,,,never
22114,Has relevent experience,14,,,1
2711,Has relevent experience,8,<10,Pvt Ltd,2
717,Has relevent experience,>20,,Pvt Ltd,>4
25152,Has relevent experience,12,,,4
12464,Has relevent experience,9,<10,Early Stage Startup,1
10974,Has relevent experience,10,,,2
22798,Has relevent experience,11,50-99,Pvt Ltd,1
4904,No relevent experience,>20,50-99,,1
9194,Has relevent experience,7,10000+,Pvt Ltd,1
20896,Has relevent experience,5,50-99,Pvt Ltd,1
31288,Has relevent experience,10,100-500,Pvt Ltd,>4
31731,No relevent experience,7,,,1
17722,Has relevent experience,19,1000-4999,Pvt Ltd,>4
17142,No relevent experience,9,,,1
9037,Has relevent experience,6,50-99,Pvt Ltd,1
21597,Has relevent experience,9,,,1
14142,Has relevent experience,3,50-99,Pvt Ltd,>4
2202,Has relevent experience,14,1000-4999,Pvt Ltd,>4
716,Has relevent experience,>20,10/49,Pvt Ltd,>4
19435,Has relevent experience,2,10/49,Public Sector,
14082,No relevent experience,3,,,never
14188,Has relevent experience,11,10000+,Pvt Ltd,>4
22111,Has relevent experience,>20,10000+,Pvt Ltd,>4
12686,Has relevent experience,12,10/49,Pvt Ltd,1
22344,No relevent experience,<1,,,never
7039,Has relevent experience,>20,,,2
9036,Has relevent experience,4,10/49,NGO,2
32184,Has relevent experience,3,<10,Pvt Ltd,1
8077,Has relevent experience,5,50-99,Pvt Ltd,3
2121,Has relevent experience,12,10000+,Pvt Ltd,1
17261,Has relevent experience,8,1000-4999,Pvt Ltd,1
9390,Has relevent experience,4,50-99,Pvt Ltd,1
30223,Has relevent experience,5,10000+,Pvt Ltd,2
26696,Has relevent experience,6,50-99,Pvt Ltd,>4
4308,No relevent experience,6,10000+,Pvt Ltd,1
2502,Has relevent experience,7,100-500,Pvt Ltd,1
14359,No relevent experience,4,<10,Public Sector,1
25738,Has relevent experience,7,100-500,Pvt Ltd,3
28120,Has relevent experience,19,100-500,Pvt Ltd,2
29818,Has relevent experience,1,,,never
12955,No relevent experience,2,,,never
30074,No relevent experience,8,,,1
18763,Has relevent experience,13,,,1
26851,Has relevent experience,12,10000+,Pvt Ltd,2
18467,Has relevent experience,15,1000-4999,Pvt Ltd,2
28114,Has relevent experience,10,5000-9999,Pvt Ltd,1
13886,Has relevent experience,3,10/49,Early Stage Startup,1
5844,Has relevent experience,10,10/49,,1
29850,Has relevent experience,12,500-999,Pvt Ltd,2
18399,Has relevent experience,8,10/49,Pvt Ltd,1
29679,Has relevent experience,5,<10,Pvt Ltd,1
17381,Has relevent experience,>20,<10,Funded Startup,1
32405,No relevent experience,2,,,1
11931,No relevent experience,3,,,never
25458,No relevent experience,1,<10,Funded Startup,1
28525,Has relevent experience,17,5000-9999,Pvt Ltd,>4
15100,Has relevent experience,7,5000-9999,Public Sector,4
21448,Has relevent experience,7,,,never
929,No relevent experience,6,500-999,Funded Startup,1
28154,Has relevent experience,16,10000+,Public Sector,>4
21412,Has relevent experience,>20,,,never
27505,Has relevent experience,7,50-99,Pvt Ltd,2
1225,No relevent experience,7,,,4
29121,Has relevent experience,5,1000-4999,Pvt Ltd,1
10751,Has relevent experience,8,,,1
32884,No relevent experience,<1,,,1
9576,Has relevent experience,2,,,1
4826,Has relevent experience,>20,50-99,Pvt Ltd,>4
9133,No relevent experience,4,50-99,Pvt Ltd,2
23649,Has relevent experience,6,10000+,Pvt Ltd,2
26485,No relevent experience,6,,,1
1728,No relevent experience,5,,,1
3735,Has relevent experience,>20,<10,Pvt Ltd,>4
30480,No relevent experience,1,50-99,Funded Startup,1
32291,Has relevent experience,>20,50-99,Pvt Ltd,4
31821,Has relevent experience,4,50-99,Pvt Ltd,1
6477,Has relevent experience,20,<10,Pvt Ltd,3
4163,Has relevent experience,>20,100-500,Pvt Ltd,>4
10373,No relevent experience,4,,,4
24602,Has relevent experience,>20,100-500,NGO,1
4058,No relevent experience,>20,,,1
6828,Has relevent experience,9,50-99,Pvt Ltd,1
30154,No relevent experience,1,,,1
15519,Has relevent experience,>20,,,>4
11714,No relevent experience,6,,,never
11303,Has relevent experience,20,1000-4999,Pvt Ltd,>4
17594,No relevent experience,4,50-99,Public Sector,1
22633,Has relevent experience,6,,,1
8973,No relevent experience,4,,,never
7907,Has relevent experience,,,Funded Startup,
14467,Has relevent experience,5,50-99,,1
12175,No relevent experience,1,,,never
32361,Has relevent experience,15,1000-4999,,1
20355,Has relevent experience,11,100-500,Pvt Ltd,2
2341,Has relevent experience,1,50-99,Pvt Ltd,1
4246,Has relevent experience,16,50-99,Funded Startup,2
13691,Has relevent experience,>20,<10,Pvt Ltd,1
26702,Has relevent experience,16,100-500,Funded Startup,1
16070,Has relevent experience,19,50-99,Pvt Ltd,>4
4396,Has relevent experience,>20,10000+,Pvt Ltd,1
3179,Has relevent experience,15,100-500,,2
23361,Has relevent experience,18,100-500,Pvt Ltd,>4
659,Has relevent experience,>20,,,1
3570,Has relevent experience,14,500-999,Pvt Ltd,1
13618,Has relevent experience,3,10/49,Pvt Ltd,1
24326,Has relevent experience,>20,50-99,Pvt Ltd,>4
1720,No relevent experience,1,100-500,NGO,1
23611,Has relevent experience,7,50-99,Pvt Ltd,1
23811,No relevent experience,11,,,1
29177,No relevent experience,2,10/49,Public Sector,2
19148,Has relevent experience,8,100-500,Pvt Ltd,1
28918,Has relevent experience,19,<10,Pvt Ltd,2
32284,No relevent experience,3,,,1
18269,Has relevent experience,12,50-99,Pvt Ltd,1
9735,Has relevent experience,4,1000-4999,,1
8482,No relevent experience,<1,100-500,Pvt Ltd,1
15896,Has relevent experience,19,100-500,Pvt Ltd,3
33136,No relevent experience,3,,,3
28038,Has relevent experience,7,10000+,Pvt Ltd,2
309,No relevent experience,5,,,3
22959,Has relevent experience,<1,50-99,Pvt Ltd,1
16737,No relevent experience,12,100-500,Pvt Ltd,2
23382,No relevent experience,4,,,1
16396,Has relevent experience,4,50-99,Pvt Ltd,1
3194,Has relevent experience,12,50-99,Pvt Ltd,1
24498,No relevent experience,3,10000+,Pvt Ltd,1
32774,Has relevent experience,13,5000-9999,Pvt Ltd,1
15437,No relevent experience,7,,,2
9829,Has relevent experience,11,<10,Pvt Ltd,never
25757,Has relevent experience,>20,1000-4999,Pvt Ltd,2
30272,No relevent experience,4,10000+,Public Sector,1
32939,Has relevent experience,6,,,>4
943,Has relevent experience,>20,,,1
7049,No relevent experience,7,50-99,Pvt Ltd,1
22888,Has relevent experience,5,50-99,Funded Startup,
7945,Has relevent experience,5,100-500,,1
13506,Has relevent experience,14,500-999,Funded Startup,4
20145,Has relevent experience,7,50-99,Early Stage Startup,1
11773,No relevent experience,<1,,,never
1056,Has relevent experience,9,100-500,Funded Startup,1
4423,Has relevent experience,18,5000-9999,Pvt Ltd,>4
8531,Has relevent experience,>20,50-99,Pvt Ltd,1
6476,No relevent experience,11,,,3
2381,Has relevent experience,10,50-99,Pvt Ltd,2
13024,Has relevent experience,8,50-99,Pvt Ltd,1
32750,Has relevent experience,16,10/49,Pvt Ltd,>4
24111,Has relevent experience,15,50-99,Pvt Ltd,1
10323,Has relevent experience,16,50-99,Funded Startup,2
2674,Has relevent experience,7,<10,Pvt Ltd,
27280,Has relevent experience,20,500-999,Funded Startup,1
2961,Has relevent experience,14,50-99,Public Sector,2
28325,Has relevent experience,13,50-99,Pvt Ltd,1
19524,Has relevent experience,9,,,1
20054,No relevent experience,12,<10,Early Stage Startup,never
6417,Has relevent experience,9,50-99,Pvt Ltd,4
14473,No relevent experience,2,500-999,Pvt Ltd,1
21767,Has relevent experience,7,10000+,Pvt Ltd,4
18525,Has relevent experience,9,,,>4
31641,No relevent experience,>20,5000-9999,Public Sector,>4
386,Has relevent experience,>20,<10,Pvt Ltd,>4
3241,Has relevent experience,5,<10,Early Stage Startup,never
4149,Has relevent experience,14,10000+,Pvt Ltd,3
13519,Has relevent experience,8,100-500,NGO,1
10146,Has relevent experience,4,<10,Pvt Ltd,2
431,Has relevent experience,15,1000-4999,Pvt Ltd,never
8692,Has relevent experience,2,1000-4999,Pvt Ltd,1
12863,No relevent experience,>20,5000-9999,Other,4
1012,Has relevent experience,16,50-99,NGO,3
16704,No relevent experience,7,,,2
24619,No relevent experience,7,,,never
122,No relevent experience,3,,Pvt Ltd,never
23256,Has relevent experience,15,10000+,Pvt Ltd,>4
1917,Has relevent experience,>20,1000-4999,Pvt Ltd,2
2561,Has relevent experience,7,<10,Funded Startup,3
21665,Has relevent experience,>20,10000+,Pvt Ltd,4
29409,Has relevent experience,>20,100-500,,1
19989,No relevent experience,2,,,
23722,Has relevent experience,5,50-99,Pvt Ltd,4
7467,No relevent experience,3,,,never
11285,Has relevent experience,8,100-500,Pvt Ltd,>4
18054,Has relevent experience,9,500-999,Pvt Ltd,2
20214,No relevent experience,2,,,1
9428,No relevent experience,>20,1000-4999,Pvt Ltd,2
28708,Has relevent experience,14,50-99,Pvt Ltd,1
6622,Has relevent experience,4,10/49,Funded Startup,1
9777,Has relevent experience,15,100-500,Funded Startup,2
24229,Has relevent experience,11,1000-4999,Public Sector,1
6920,No relevent experience,5,,,never
24232,No relevent experience,4,,,never
9891,Has relevent experience,>20,,,2
31954,Has relevent experience,10,1000-4999,Pvt Ltd,3
7337,Has relevent experience,9,1000-4999,Pvt Ltd,2
8681,Has relevent experience,3,50-99,Pvt Ltd,never
18190,No relevent experience,4,<10,Early Stage Startup,1
4070,Has relevent experience,>20,50-99,Pvt Ltd,>4
12085,Has relevent experience,10,<10,Pvt Ltd,never
10476,Has relevent experience,>20,50-99,Funded Startup,2
17811,Has relevent experience,14,10000+,Pvt Ltd,3
18042,Has relevent experience,5,1000-4999,Pvt Ltd,2
26920,No relevent experience,4,<10,Pvt Ltd,2
11877,No relevent experience,10,10000+,Public Sector,2
25670,Has relevent experience,9,100-500,Pvt Ltd,3
12132,Has relevent experience,>20,100-500,Pvt Ltd,4
32242,No relevent experience,1,,,1
23334,Has relevent experience,5,,,never
1596,No relevent experience,<1,50-99,Pvt Ltd,
6493,Has relevent experience,>20,10000+,Pvt Ltd,2
25788,Has relevent experience,>20,,,1
16795,Has relevent experience,>20,5000-9999,Pvt Ltd,>4
1987,Has relevent experience,17,500-999,Pvt Ltd,1
20013,No relevent experience,2,,,never
10505,Has relevent experience,3,100-500,Pvt Ltd,1
23777,No relevent experience,4,,,
19415,Has relevent experience,>20,,,>4
4165,No relevent experience,>20,1000-4999,Public Sector,2
31214,Has relevent experience,10,1000-4999,Pvt Ltd,>4
11968,Has relevent experience,6,<10,Early Stage Startup,4
32338,No relevent experience,4,,Pvt Ltd,never
16923,No relevent experience,5,,Public Sector,1
17852,Has relevent experience,12,50-99,Pvt Ltd,4
24117,Has relevent experience,16,10/49,Pvt Ltd,3
31664,No relevent experience,9,,,2
23052,Has relevent experience,4,,,never
31117,Has relevent experience,>20,,,>4
10851,Has relevent experience,5,10000+,Pvt Ltd,1
18953,No relevent experience,11,10/49,Public Sector,1
4055,Has relevent experience,4,100-500,Pvt Ltd,1
21828,Has relevent experience,>20,1000-4999,Pvt Ltd,>4
11731,No relevent experience,2,,,
1672,Has relevent experience,5,10000+,Pvt Ltd,1
15710,Has relevent experience,14,10/49,Pvt Ltd,1
14524,Has relevent experience,6,10/49,,
16228,No relevent experience,3,,,never
16448,Has relevent experience,4,1000-4999,Pvt Ltd,1
9369,No relevent experience,9,,,1
13629,Has relevent experience,1,50-99,Pvt Ltd,1
4434,Has relevent experience,5,50-99,Early Stage Startup,
20002,Has relevent experience,17,50-99,Pvt Ltd,>4
30749,Has relevent experience,>20,50-99,Pvt Ltd,>4
905,Has relevent experience,6,10/49,Pvt Ltd,2
11771,Has relevent experience,7,10000+,Pvt Ltd,3
5552,Has relevent experience,2,500-999,Public Sector,2
26133,Has relevent experience,10,50-99,Pvt Ltd,1
5369,Has relevent experience,15,,,1
18259,Has relevent experience,12,50-99,Pvt Ltd,1
4034,Has relevent experience,>20,100-500,Pvt Ltd,>4
30110,Has relevent experience,9,10000+,Pvt Ltd,2
32526,Has relevent experience,10,50-99,Pvt Ltd,2
23937,Has relevent experience,11,5000-9999,Pvt Ltd,1
313,Has relevent experience,14,10/49,Pvt Ltd,2
3714,Has relevent experience,>20,10/49,Pvt Ltd,3
17798,Has relevent experience,16,10000+,Pvt Ltd,1
12583,No relevent experience,19,50-99,Pvt Ltd,>4
7086,No relevent experience,9,,,never
19588,Has relevent experience,13,10000+,Pvt Ltd,1
9042,Has relevent experience,11,<10,Pvt Ltd,2
26881,No relevent experience,4,,,never
27010,No relevent experience,3,,,never
12035,Has relevent experience,10,100-500,Pvt Ltd,1
29860,Has relevent experience,5,<10,Early Stage Startup,1
23922,Has relevent experience,>20,10000+,Pvt Ltd,>4
7648,Has relevent experience,12,,,3
1673,No relevent experience,9,,,never
12431,No relevent experience,<1,,,never
19178,No relevent experience,18,10/49,Early Stage Startup,1
15421,Has relevent experience,8,100-500,Pvt Ltd,>4
32305,Has relevent experience,>20,,,1
27431,No relevent experience,<1,100-500,NGO,2
1342,Has relevent experience,10,10000+,Public Sector,>4
21363,Has relevent experience,16,<10,Pvt Ltd,>4
3788,Has relevent experience,>20,5000-9999,Other,>4
21130,Has relevent experience,8,10000+,Pvt Ltd,never
11177,Has relevent experience,7,,,1
10546,No relevent experience,10,10/49,Early Stage Startup,1
9063,Has relevent experience,1,5000-9999,Pvt Ltd,never
30691,Has relevent experience,16,5000-9999,Pvt Ltd,never
22743,Has relevent experience,<1,,,2
1521,Has relevent experience,8,10000+,Pvt Ltd,never
4754,Has relevent experience,>20,<10,Pvt Ltd,>4
24644,Has relevent experience,>20,<10,Pvt Ltd,>4
9523,Has relevent experience,4,,,1
30423,No relevent experience,5,50-99,Pvt Ltd,1
12795,No relevent experience,5,50-99,Pvt Ltd,2
23533,No relevent experience,2,500-999,Pvt Ltd,1
15839,Has relevent experience,6,10/49,Pvt Ltd,3
4693,No relevent experience,4,100-500,Pvt Ltd,never
25858,Has relevent experience,12,,,4
9959,Has relevent experience,7,100-500,Pvt Ltd,1
24773,Has relevent experience,9,10000+,Pvt Ltd,2
14872,Has relevent experience,16,10000+,Pvt Ltd,1
25723,Has relevent experience,>20,50-99,Pvt Ltd,>4
10057,Has relevent experience,8,,,1
19930,Has relevent experience,6,<10,Funded Startup,2
3206,Has relevent experience,15,1000-4999,Pvt Ltd,2
12588,No relevent experience,3,,,never
8035,Has relevent experience,5,50-99,Public Sector,3
6115,Has relevent experience,>20,100-500,Pvt Ltd,1
6705,No relevent experience,3,,,never
17451,Has relevent experience,17,,,1
58,Has relevent experience,3,,Pvt Ltd,never
3402,No relevent experience,5,10/49,Funded Startup,1
6639,Has relevent experience,5,5000-9999,Pvt Ltd,1
15544,No relevent experience,1,,,never
28573,Has relevent experience,6,50-99,Pvt Ltd,1
12506,No relevent experience,18,50-99,NGO,1
12496,Has relevent experience,<1,10/49,,
7652,Has relevent experience,10,,,never
28858,Has relevent experience,11,50-99,Pvt Ltd,1
19395,Has relevent experience,1,50-99,Pvt Ltd,1
11192,Has relevent experience,15,1000-4999,Pvt Ltd,3
24767,Has relevent experience,>20,10000+,Pvt Ltd,>4
1819,Has relevent experience,>20,500-999,NGO,>4
13943,No relevent experience,7,100-500,NGO,1
2865,Has relevent experience,16,10/49,Pvt Ltd,1
11805,No relevent experience,5,50-99,Pvt Ltd,2
9815,Has relevent experience,19,100-500,Funded Startup,4
3533,No relevent experience,7,<10,Funded Startup,1
20305,No relevent experience,3,,,never
21497,Has relevent experience,6,500-999,Pvt Ltd,never
27628,No relevent experience,3,,Public Sector,2
28744,Has relevent experience,6,10/49,Funded Startup,1
9086,Has relevent experience,6,50-99,Pvt Ltd,1
14382,No relevent experience,6,10000+,Pvt Ltd,>4
5671,Has relevent experience,2,10/49,Early Stage Startup,2
32972,Has relevent experience,4,10000+,Pvt Ltd,1
28875,No relevent experience,2,,,1
26666,No relevent experience,6,10000+,Pvt Ltd,>4
4888,Has relevent experience,3,100-500,Pvt Ltd,1
7896,Has relevent experience,2,100-500,NGO,1
3308,Has relevent experience,2,50-99,Pvt Ltd,1
15037,Has relevent experience,15,,Pvt Ltd,1
18680,Has relevent experience,19,10/49,Pvt Ltd,>4
15290,No relevent experience,7,,,1
28828,Has relevent experience,11,<10,Pvt Ltd,3
27223,Has relevent experience,3,50-99,Pvt Ltd,2
26125,Has relevent experience,13,100-500,Funded Startup,1
21313,Has relevent experience,5,1000-4999,Pvt Ltd,1
19050,No relevent experience,3,1000-4999,Public Sector,2
13005,Has relevent experience,9,1000-4999,Pvt Ltd,4
21760,Has relevent experience,6,<10,Pvt Ltd,1
23827,Has relevent experience,8,,,3
16248,Has relevent experience,8,50-99,,never
15759,Has relevent experience,12,100-500,Pvt Ltd,1
16794,Has relevent experience,12,100-500,Pvt Ltd,1
24747,Has relevent experience,15,100-500,Pvt Ltd,>4
2755,No relevent experience,>20,10/49,Pvt Ltd,>4
3993,Has relevent experience,>20,100-500,Pvt Ltd,>4
4419,Has relevent experience,11,,,1
12608,No relevent experience,5,100-500,Public Sector,2
11732,Has relevent experience,11,<10,Pvt Ltd,1
10510,Has relevent experience,11,500-999,Pvt Ltd,1
28014,Has relevent experience,1,5000-9999,Public Sector,1
7989,Has relevent experience,3,50-99,Funded Startup,1
16117,No relevent experience,7,<10,Early Stage Startup,1
20717,Has relevent experience,4,100-500,Pvt Ltd,2
16739,Has relevent experience,14,50-99,Early Stage Startup,4
21829,Has relevent experience,>20,50-99,Funded Startup,1
8034,Has relevent experience,>20,,,1
23648,No relevent experience,<1,,,never
444,Has relevent experience,12,100-500,Pvt Ltd,1
29072,Has relevent experience,10,50-99,Pvt Ltd,1
13070,No relevent experience,>20,50-99,Other,>4
33031,No relevent experience,5,,,1
28124,Has relevent experience,>20,10/49,Pvt Ltd,never
17404,Has relevent experience,15,50-99,Pvt Ltd,1
9543,Has relevent experience,8,100-500,Pvt Ltd,>4
14882,Has relevent experience,>20,500-999,Pvt Ltd,2
3159,Has relevent experience,>20,100-500,Other,>4
5581,Has relevent experience,13,500-999,Pvt Ltd,>4
25631,No relevent experience,2,50-99,Funded Startup,1
18806,Has relevent experience,5,50-99,Pvt Ltd,
18382,No relevent experience,5,10000+,Pvt Ltd,1
21251,Has relevent experience,>20,,,1
1529,Has relevent experience,10,100-500,Pvt Ltd,>4
12844,No relevent experience,6,<10,Pvt Ltd,>4
22704,Has relevent experience,2,<10,,1
30638,No relevent experience,7,,Pvt Ltd,never
2977,Has relevent experience,>20,10/49,Pvt Ltd,>4
14262,Has relevent experience,>20,100-500,Pvt Ltd,2
20738,Has relevent experience,7,100-500,Early Stage Startup,1
29861,Has relevent experience,9,,,2
13756,Has relevent experience,1,,,1
2387,Has relevent experience,14,50-99,Pvt Ltd,2
10846,Has relevent experience,14,500-999,Pvt Ltd,1
23394,No relevent experience,1,,,1
15249,No relevent experience,3,50-99,Pvt Ltd,1
17820,No relevent experience,11,10/49,Pvt Ltd,2
32600,Has relevent experience,10,10/49,Pvt Ltd,2
10314,No relevent experience,2,100-500,Pvt Ltd,2
15346,Has relevent experience,>20,,,1
9663,Has relevent experience,1,10/49,Pvt Ltd,1
22851,Has relevent experience,14,10000+,Pvt Ltd,1
18839,Has relevent experience,7,50-99,Pvt Ltd,>4
25997,Has relevent experience,5,10000+,Pvt Ltd,1
7799,Has relevent experience,5,10000+,Pvt Ltd,>4
13017,Has relevent experience,17,100-500,Pvt Ltd,1
22750,No relevent experience,3,50-99,Early Stage Startup,1
22784,Has relevent experience,8,<10,Public Sector,2
18713,No relevent experience,<1,50-99,Pvt Ltd,1
15404,Has relevent experience,1,50-99,,never
17054,Has relevent experience,20,10000+,Pvt Ltd,>4
22018,Has relevent experience,6,,,1
21836,No relevent experience,2,,,never
11417,No relevent experience,<1,100-500,Pvt Ltd,>4
22498,Has relevent experience,15,<10,Pvt Ltd,1
6957,No relevent experience,15,,,>4
19258,Has relevent experience,9,<10,Funded Startup,1
16321,Has relevent experience,3,500-999,Pvt Ltd,1
12977,No relevent experience,3,1000-4999,Public Sector,1
25189,Has relevent experience,19,10/49,Pvt Ltd,4
10673,Has relevent experience,13,<10,Pvt Ltd,4
8144,Has relevent experience,9,10/49,Pvt Ltd,
20517,Has relevent experience,7,100-500,Pvt Ltd,3
26823,Has relevent experience,>20,,,4
29855,No relevent experience,11,,,4
25271,Has relevent experience,3,50-99,Pvt Ltd,1
1721,Has relevent experience,3,500-999,Pvt Ltd,1
4421,Has relevent experience,11,<10,NGO,1
16792,Has relevent experience,5,10000+,Pvt Ltd,1
3224,Has relevent experience,4,50-99,Public Sector,3
21931,Has relevent experience,>20,50-99,Funded Startup,1
23278,Has relevent experience,14,<10,Pvt Ltd,4
22553,Has relevent experience,5,50-99,Pvt Ltd,1
25467,No relevent experience,10,50-99,Pvt Ltd,4
2543,Has relevent experience,>20,100-500,Pvt Ltd,2
23890,Has relevent experience,9,500-999,Pvt Ltd,2
17151,No relevent experience,>20,,,2
15335,Has relevent experience,>20,,,>4
22377,Has relevent experience,>20,,,>4
14488,Has relevent experience,5,50-99,,1
3618,No relevent experience,5,,,1
31495,No relevent experience,5,,,1
17330,Has relevent experience,15,,,1
4820,No relevent experience,8,,,1
11750,Has relevent experience,17,1000-4999,Pvt Ltd,4
8158,Has relevent experience,11,,,1
23375,No relevent experience,4,,,never
32148,Has relevent experience,>20,1000-4999,Pvt Ltd,>4
1557,Has relevent experience,4,10000+,Pvt Ltd,1
26384,Has relevent experience,5,5000-9999,Pvt Ltd,1
22811,Has relevent experience,5,,,4
6164,Has relevent experience,>20,10000+,Pvt Ltd,3
3289,Has relevent experience,3,50-99,Pvt Ltd,1
47,Has relevent experience,5,50-99,Funded Startup,1
20952,Has relevent experience,7,50-99,Pvt Ltd,2
12541,Has relevent experience,11,50-99,Pvt Ltd,1
11147,Has relevent experience,4,100-500,Pvt Ltd,1
22915,Has relevent experience,19,100-500,Pvt Ltd,1
28697,Has relevent experience,4,100-500,Pvt Ltd,1
20892,No relevent experience,1,,,never
1278,Has relevent experience,11,,,>4
22796,No relevent experience,4,,,never
13521,Has relevent experience,>20,10000+,Pvt Ltd,
31820,No relevent experience,2,50-99,Early Stage Startup,1
31985,Has relevent experience,3,1000-4999,Pvt Ltd,never
20138,Has relevent experience,>20,5000-9999,Pvt Ltd,never
17913,Has relevent experience,3,100-500,NGO,1
7929,Has relevent experience,6,10/49,Pvt Ltd,4
22466,Has relevent experience,7,10000+,,1
1903,Has relevent experience,17,10000+,Pvt Ltd,>4
27528,Has relevent experience,8,100-500,Pvt Ltd,3
20439,Has relevent experience,11,50-99,Funded Startup,2
19512,Has relevent experience,16,10/49,Pvt Ltd,1
8857,Has relevent experience,8,50-99,Early Stage Startup,1
8453,No relevent experience,18,100-500,Funded Startup,1
7197,Has relevent experience,7,100-500,,1
29534,No relevent experience,<1,50-99,Pvt Ltd,1
3740,Has relevent experience,7,1000-4999,Pvt Ltd,1
1823,Has relevent experience,11,10000+,Pvt Ltd,1
72,Has relevent experience,1,10/49,Pvt Ltd,1
2134,Has relevent experience,6,<10,Pvt Ltd,>4
29320,No relevent experience,15,10000+,Pvt Ltd,>4
20022,Has relevent experience,>20,50-99,Pvt Ltd,2
16529,No relevent experience,<1,,,2
20584,Has relevent experience,>20,10/49,Pvt Ltd,>4
29838,No relevent experience,6,100-500,,1
1830,No relevent experience,4,,Pvt Ltd,never
5158,Has relevent experience,6,100-500,Pvt Ltd,1
32842,Has relevent experience,16,10/49,Pvt Ltd,2
22872,No relevent experience,3,50-99,Pvt Ltd,1
641,Has relevent experience,1,500-999,,1
15003,No relevent experience,11,1000-4999,Pvt Ltd,2
16383,Has relevent experience,9,500-999,Pvt Ltd,>4
22503,Has relevent experience,3,,,
2839,Has relevent experience,16,5000-9999,Public Sector,2
2948,Has relevent experience,15,100-500,Pvt Ltd,2
18743,No relevent experience,<1,,,1
23264,No relevent experience,>20,1000-4999,Public Sector,4
2571,Has relevent experience,5,10000+,Pvt Ltd,1
7746,Has relevent experience,7,50-99,,2
29170,Has relevent experience,16,1000-4999,Pvt Ltd,>4
15260,No relevent experience,10,,,never
30714,Has relevent experience,3,10000+,Pvt Ltd,1
32332,Has relevent experience,18,,,>4
3199,No relevent experience,10,1000-4999,NGO,3
4887,Has relevent experience,>20,50-99,Pvt Ltd,>4
10475,Has relevent experience,3,5000-9999,Pvt Ltd,1
22059,Has relevent experience,16,50-99,Pvt Ltd,1
11979,No relevent experience,7,,,2
14007,Has relevent experience,16,100-500,NGO,1
1156,Has relevent experience,12,10/49,Pvt Ltd,never
422,No relevent experience,>20,10000+,Pvt Ltd,>4
29972,Has relevent experience,5,100-500,Pvt Ltd,1
20452,Has relevent experience,16,1000-4999,Public Sector,4
3860,Has relevent experience,7,,,2
12519,Has relevent experience,20,1000-4999,Pvt Ltd,1
1801,Has relevent experience,7,50-99,Pvt Ltd,1
8017,Has relevent experience,14,50-99,Pvt Ltd,1
17889,No relevent experience,2,,,never
16610,Has relevent experience,8,10000+,Pvt Ltd,4
28473,No relevent experience,3,,,never
18646,No relevent experience,5,,,1
14954,Has relevent experience,7,100-500,,1
26306,Has relevent experience,>20,<10,Pvt Ltd,3
4548,Has relevent experience,7,<10,Pvt Ltd,1
29459,Has relevent experience,5,1000-4999,Pvt Ltd,3
10674,Has relevent experience,20,5000-9999,Pvt Ltd,1
26793,No relevent experience,2,50-99,,1
25043,Has relevent experience,>20,100-500,Pvt Ltd,4
13746,Has relevent experience,4,10/49,Pvt Ltd,1
29573,No relevent experience,1,,,1
6770,Has relevent experience,6,100-500,Pvt Ltd,2
24592,Has relevent experience,19,10/49,Pvt Ltd,2
28263,Has relevent experience,3,,Pvt Ltd,1
33018,No relevent experience,2,10/49,Early Stage Startup,1
14990,Has relevent experience,14,50-99,Pvt Ltd,1
27585,Has relevent experience,4,100-500,Pvt Ltd,1
33183,Has relevent experience,>20,1000-4999,Pvt Ltd,2
16878,Has relevent experience,16,<10,Pvt Ltd,1
12429,No relevent experience,5,5000-9999,Public Sector,1
13079,No relevent experience,>20,10000+,Public Sector,4
19433,Has relevent experience,<1,500-999,,
6497,Has relevent experience,>20,50-99,Pvt Ltd,1
23378,Has relevent experience,<1,50-99,Early Stage Startup,1
14839,No relevent experience,7,,Public Sector,1
21752,Has relevent experience,>20,5000-9999,Pvt Ltd,>4
22411,No relevent experience,<1,10000+,Public Sector,1
18157,Has relevent experience,10,500-999,Pvt Ltd,2
26409,Has relevent experience,3,,,1
24450,Has relevent experience,14,1000-4999,Pvt Ltd,1
27101,No relevent experience,2,,,never
1655,Has relevent experience,9,1000-4999,Pvt Ltd,>4
4534,Has relevent experience,2,,,never
19740,Has relevent experience,15,50-99,Pvt Ltd,1
14390,Has relevent experience,2,,,1
17635,No relevent experience,7,,,2
18564,No relevent experience,4,,Public Sector,4
29462,Has relevent experience,5,<10,NGO,1
15563,Has relevent experience,5,<10,Pvt Ltd,3
29150,No relevent experience,4,1000-4999,Pvt Ltd,never
25385,Has relevent experience,>20,10000+,Pvt Ltd,1
26836,Has relevent experience,4,50-99,Pvt Ltd,2
512,Has relevent experience,10,500-999,Pvt Ltd,1
15114,Has relevent experience,10,5000-9999,Pvt Ltd,1
16384,Has relevent experience,9,<10,Pvt Ltd,2
20875,Has relevent experience,>20,,,2
3378,Has relevent experience,18,,,>4
17252,No relevent experience,6,,,never
7593,No relevent experience,5,,,never
14221,Has relevent experience,18,100-500,Public Sector,1
11309,Has relevent experience,11,100-500,Pvt Ltd,3
33286,No relevent experience,2,500-999,Public Sector,1
5618,Has relevent experience,4,,,4
21536,Has relevent experience,>20,,,2
23558,No relevent experience,2,,,1
7418,Has relevent experience,>20,,,3
11370,Has relevent experience,>20,10000+,Pvt Ltd,1
32583,No relevent experience,14,500-999,Pvt Ltd,1
22592,No relevent experience,>20,,NGO,1
2143,Has relevent experience,15,50-99,Pvt Ltd,3
31299,Has relevent experience,18,,,2
24872,Has relevent experience,2,50-99,Pvt Ltd,1
3870,Has relevent experience,6,<10,Pvt Ltd,1
26994,Has relevent experience,>20,100-500,Pvt Ltd,1
27532,No relevent experience,4,,,never
14013,No relevent experience,5,500-999,Public Sector,3
9750,No relevent experience,<1,10000+,Pvt Ltd,1
19563,Has relevent experience,5,50-99,Pvt Ltd,1
17216,Has relevent experience,3,1000-4999,Pvt Ltd,1
26538,Has relevent experience,<1,500-999,Pvt Ltd,1
30473,Has relevent experience,8,1000-4999,Pvt Ltd,1
28516,Has relevent experience,3,100-500,NGO,2
31638,Has relevent experience,>20,10000+,Pvt Ltd,>4
8845,Has relevent experience,>20,,,1
19698,No relevent experience,6,10/49,Early Stage Startup,1
1820,Has relevent experience,13,50-99,Pvt Ltd,>4
15811,Has relevent experience,14,50-99,Pvt Ltd,>4
24097,Has relevent experience,17,<10,Pvt Ltd,1
7279,Has relevent experience,15,,,>4
21086,Has relevent experience,14,10000+,Public Sector,3
3523,No relevent experience,7,,,2
8088,No relevent experience,9,,,never
384,No relevent experience,9,1000-4999,Pvt Ltd,>4
6483,Has relevent experience,4,500-999,Public Sector,1
14367,No relevent experience,4,,,3
24052,Has relevent experience,3,100-500,Pvt Ltd,3
6526,No relevent experience,6,,,never
30115,Has relevent experience,5,100-500,Pvt Ltd,2
29742,Has relevent experience,5,10/49,Pvt Ltd,1
6022,Has relevent experience,>20,10/49,Pvt Ltd,>4
3781,Has relevent experience,6,10000+,Pvt Ltd,2
12522,Has relevent experience,12,10/49,,4
23413,No relevent experience,5,,,1
7454,Has relevent experience,15,50-99,Pvt Ltd,>4
22075,Has relevent experience,1,,,1
28988,Has relevent experience,5,,,1
19198,Has relevent experience,3,100-500,Pvt Ltd,1
32901,Has relevent experience,18,50-99,Pvt Ltd,>4
27377,No relevent experience,>20,500-999,NGO,never
14318,No relevent experience,2,,,2
28771,Has relevent experience,1,100-500,Pvt Ltd,1
10957,No relevent experience,2,,Public Sector,1
27080,Has relevent experience,16,10000+,Pvt Ltd,>4
54,Has relevent experience,8,100-500,NGO,1
27224,Has relevent experience,>20,1000-4999,Pvt Ltd,2
3956,Has relevent experience,20,100-500,Pvt Ltd,1
13073,No relevent experience,4,1000-4999,,1
28134,Has relevent experience,18,500-999,Public Sector,1
19329,No relevent experience,15,,,>4
23028,Has relevent experience,15,<10,Early Stage Startup,1
9172,Has relevent experience,>20,50-99,Pvt Ltd,3
28638,Has relevent experience,3,50-99,Pvt Ltd,2
20156,Has relevent experience,9,,,>4
18886,No relevent experience,2,,,never
13390,Has relevent experience,3,10000+,Public Sector,
20396,Has relevent experience,8,100-500,Pvt Ltd,>4
21739,No relevent experience,3,,,
32493,No relevent experience,2,,,1
21274,Has relevent experience,>20,10000+,Pvt Ltd,2
4340,Has relevent experience,11,50-99,Pvt Ltd,4
3654,Has relevent experience,9,,,1
24627,Has relevent experience,9,,,2
28894,Has relevent experience,19,50-99,Pvt Ltd,1
16513,No relevent experience,10,,,never
3645,No relevent experience,5,,,never
12057,Has relevent experience,13,100-500,Pvt Ltd,>4
19287,Has relevent experience,5,,Funded Startup,1
22431,Has relevent experience,6,50-99,NGO,>4
22136,No relevent experience,6,,,never
17830,Has relevent experience,3,1000-4999,Pvt Ltd,1
8581,No relevent experience,7,,,4
24479,Has relevent experience,16,100-500,Pvt Ltd,never
4598,No relevent experience,10,,,4
29216,Has relevent experience,15,<10,Pvt Ltd,>4
29755,No relevent experience,4,,,never
31204,No relevent experience,5,10/49,Pvt Ltd,1
22764,No relevent experience,2,100-500,Public Sector,1
27260,Has relevent experience,>20,500-999,Pvt Ltd,1
8925,Has relevent experience,11,,,2
24035,No relevent experience,9,,,never
25563,Has relevent experience,12,,,1
1044,Has relevent experience,>20,10000+,Pvt Ltd,>4
10514,No relevent experience,1,,,1
4952,No relevent experience,>20,,Public Sector,2
32634,Has relevent experience,7,10000+,Pvt Ltd,>4
18900,No relevent experience,6,,,1
2307,Has relevent experience,11,,,1
11407,Has relevent experience,6,10000+,Public Sector,2
28679,Has relevent experience,>20,,,1
4347,No relevent experience,3,,,1
19640,Has relevent experience,>20,100-500,Pvt Ltd,2
29519,Has relevent experience,9,,,1
5426,No relevent experience,5,,,1
15583,No relevent experience,9,500-999,Public Sector,1
7604,Has relevent experience,1,100-500,NGO,1
21994,Has relevent experience,8,50-99,Pvt Ltd,2
24935,Has relevent experience,5,1000-4999,Pvt Ltd,1
9246,Has relevent experience,5,50-99,,1
10165,Has relevent experience,3,500-999,Funded Startup,2
10492,Has relevent experience,15,10000+,Pvt Ltd,>4
19683,Has relevent experience,2,,,1
10061,Has relevent experience,13,1000-4999,Pvt Ltd,>4
30302,Has relevent experience,6,100-500,Pvt Ltd,4
14854,Has relevent experience,18,100-500,Pvt Ltd,1
13879,Has relevent experience,6,,,never
32869,Has relevent experience,11,1000-4999,Public Sector,>4
15719,Has relevent experience,13,,,1
30664,No relevent experience,5,10000+,Public Sector,2
14234,Has relevent experience,19,100-500,NGO,1
20271,No relevent experience,5,10/49,Pvt Ltd,1
32174,Has relevent experience,13,100-500,Pvt Ltd,1
32213,Has relevent experience,>20,50-99,Pvt Ltd,1
13923,Has relevent experience,16,,Public Sector,3
11096,No relevent experience,2,,,never
26504,Has relevent experience,>20,10000+,Pvt Ltd,2
16777,Has relevent experience,12,100-500,Pvt Ltd,>4
29627,Has relevent experience,15,,,2
13098,No relevent experience,5,,,never
9350,No relevent experience,7,,,never
32206,Has relevent experience,2,50-99,Pvt Ltd,2
3017,No relevent experience,8,,,never
13336,No relevent experience,2,,,
19623,Has relevent experience,13,50-99,Pvt Ltd,1
12410,No relevent experience,1,,,never
18964,Has relevent experience,6,,,2
27251,Has relevent experience,9,50-99,Pvt Ltd,1
22919,Has relevent experience,10,<10,Early Stage Startup,4
15183,Has relevent experience,6,50-99,Pvt Ltd,3
19142,No relevent experience,3,,,never
12382,No relevent experience,15,1000-4999,Public Sector,3
17875,No relevent experience,6,,,1
26912,No relevent experience,3,,,never
25992,Has relevent experience,18,50-99,Public Sector,>4
18198,Has relevent experience,19,50-99,Pvt Ltd,1
7506,Has relevent experience,>20,100-500,Pvt Ltd,>4
8436,Has relevent experience,7,100-500,Funded Startup,1
21455,Has relevent experience,3,10000+,Pvt Ltd,1
28207,Has relevent experience,>20,1000-4999,Pvt Ltd,>4
21811,Has relevent experience,18,<10,Pvt Ltd,2
17428,Has relevent experience,10,100-500,Pvt Ltd,1
19875,Has relevent experience,13,10000+,Pvt Ltd,>4
29930,Has relevent experience,>20,1000-4999,Pvt Ltd,>4
2704,Has relevent experience,11,1000-4999,Pvt Ltd,4
30234,No relevent experience,>20,500-999,Public Sector,>4
5314,No relevent experience,2,,,never
10875,Has relevent experience,9,50-99,Pvt Ltd,>4
28781,Has relevent experience,12,50-99,Pvt Ltd,1
13196,Has relevent experience,15,50-99,Pvt Ltd,>4
31427,Has relevent experience,16,<10,Funded Startup,3
7037,Has relevent experience,4,1000-4999,Pvt Ltd,1
7368,Has relevent experience,>20,,,1
12099,No relevent experience,7,,,2
6096,Has relevent experience,>20,500-999,Pvt Ltd,4
30017,Has relevent experience,2,,,2
32080,Has relevent experience,2,100-500,Pvt Ltd,2
7867,Has relevent experience,3,50-99,,1
26796,Has relevent experience,17,50-99,Early Stage Startup,3
4694,No relevent experience,1,,Pvt Ltd,never
10563,Has relevent experience,3,100-500,Pvt Ltd,2
1592,Has relevent experience,>20,5000-9999,NGO,>4
11162,No relevent experience,4,<10,Pvt Ltd,1
18944,Has relevent experience,9,100-500,NGO,1
19614,Has relevent experience,<1,10000+,Pvt Ltd,never
1450,No relevent experience,5,,,4
11484,Has relevent experience,>20,,,2
32592,Has relevent experience,11,50-99,Pvt Ltd,1
3417,Has relevent experience,19,,,1
20574,No relevent experience,3,,,never
11905,Has relevent experience,14,10000+,Pvt Ltd,4
31365,Has relevent experience,11,,,never
31459,Has relevent experience,4,100-500,Pvt Ltd,2
32554,No relevent experience,2,10/49,Public Sector,1
10118,Has relevent experience,>20,,,2
17982,No relevent experience,16,,,never
14838,Has relevent experience,16,50-99,Pvt Ltd,1
31089,Has relevent experience,7,,,2
9873,Has relevent experience,>20,1000-4999,Public Sector,4
13798,No relevent experience,5,,,1
19196,Has relevent experience,2,10000+,Public Sector,1
5389,Has relevent experience,1,10/49,Pvt Ltd,1
28410,Has relevent experience,>20,5000-9999,Pvt Ltd,1
31092,No relevent experience,5,,,never
28739,No relevent experience,2,<10,Other,1
8082,Has relevent experience,,50-99,Pvt Ltd,2
21286,Has relevent experience,12,,,2
19373,Has relevent experience,2,50-99,NGO,1
5791,No relevent experience,>20,5000-9999,Pvt Ltd,1
19179,Has relevent experience,>20,,,>4
2030,Has relevent experience,15,100-500,Pvt Ltd,1
17691,Has relevent experience,>20,10000+,Pvt Ltd,>4
11652,Has relevent experience,>20,10000+,Pvt Ltd,>4
15405,Has relevent experience,10,1000-4999,Pvt Ltd,2
11284,Has relevent experience,16,10000+,Pvt Ltd,1
30923,Has relevent experience,>20,50-99,Pvt Ltd,>4
811,Has relevent experience,7,100-500,Pvt Ltd,1
17959,No relevent experience,9,,,1
21857,Has relevent experience,16,100-500,Pvt Ltd,2
1127,Has relevent experience,5,5000-9999,Pvt Ltd,never
16063,Has relevent experience,7,5000-9999,Pvt Ltd,3
14971,Has relevent experience,16,50-99,,never
29903,Has relevent experience,5,5000-9999,Pvt Ltd,2
9077,Has relevent experience,7,100-500,Pvt Ltd,1
11965,Has relevent experience,5,10000+,NGO,1
12078,Has relevent experience,>20,,,4
31974,Has relevent experience,>20,100-500,Pvt Ltd,1
4048,Has relevent experience,18,100-500,Pvt Ltd,1
32874,Has relevent experience,19,10000+,Pvt Ltd,>4
13839,No relevent experience,1,,,1
4303,Has relevent experience,>20,1000-4999,Pvt Ltd,>4
16721,Has relevent experience,16,,,never
27828,Has relevent experience,4,50-99,Pvt Ltd,2
13474,Has relevent experience,14,1000-4999,Pvt Ltd,4
20757,No relevent experience,5,10000+,Pvt Ltd,1
20534,Has relevent experience,17,50-99,Pvt Ltd,4
24949,Has relevent experience,9,100-500,NGO,1
13770,Has relevent experience,2,100-500,Pvt Ltd,1
4275,Has relevent experience,>20,10/49,Pvt Ltd,>4
8195,Has relevent experience,2,50-99,Funded Startup,1
3537,Has relevent experience,6,100-500,Pvt Ltd,1
14537,Has relevent experience,1,10/49,Early Stage Startup,1
7316,Has relevent experience,8,,,1
2617,No relevent experience,2,100-500,Pvt Ltd,1
14145,No relevent experience,7,,,never
11777,No relevent experience,3,,,never
10043,Has relevent experience,12,50-99,Pvt Ltd,>4
11960,No relevent experience,7,,Pvt Ltd,1
19633,Has relevent experience,5,100-500,,
4341,Has relevent experience,6,10/49,Public Sector,2
20974,No relevent experience,3,50-99,Funded Startup,2
19375,No relevent experience,10,,,1
29471,Has relevent experience,19,,,>4
18051,Has relevent experience,>20,100-500,Pvt Ltd,>4
14356,Has relevent experience,>20,,,>4
32067,No relevent experience,10,100-500,NGO,1
11547,Has relevent experience,2,10/49,Pvt Ltd,1
16071,Has relevent experience,7,500-999,Pvt Ltd,1
19912,Has relevent experience,6,50-99,Funded Startup,1
7757,Has relevent experience,3,,,1
17784,Has relevent experience,6,10/49,Pvt Ltd,1
32872,Has relevent experience,3,10000+,Pvt Ltd,1
4733,Has relevent experience,>20,1000-4999,Pvt Ltd,4
26879,No relevent experience,12,,,3
17640,Has relevent experience,19,5000-9999,Pvt Ltd,2
20740,Has relevent experience,3,100-500,,2
25588,No relevent experience,>20,1000-4999,Public Sector,>4
12986,Has relevent experience,12,100-500,NGO,2
2051,Has relevent experience,11,10000+,Pvt Ltd,
6646,Has relevent experience,10,10000+,Pvt Ltd,1
27157,Has relevent experience,7,,,1
33172,Has relevent experience,7,,Pvt Ltd,2
7460,Has relevent experience,8,<10,Pvt Ltd,1
8830,Has relevent experience,>20,1000-4999,Pvt Ltd,1
1877,Has relevent experience,>20,100-500,Pvt Ltd,>4
27315,Has relevent experience,8,100-500,NGO,1
2874,Has relevent experience,18,10000+,Pvt Ltd,>4
5287,No relevent experience,8,,Pvt Ltd,never
28909,Has relevent experience,<1,100-500,Pvt Ltd,1
14947,Has relevent experience,10,100-500,Pvt Ltd,1
3599,No relevent experience,3,,Public Sector,3
7172,Has relevent experience,>20,,,>4
17003,Has relevent experience,20,10000+,Pvt Ltd,>4
10687,No relevent experience,1,,,never
6091,Has relevent experience,>20,,,1
786,Has relevent experience,5,10000+,Pvt Ltd,2
21180,No relevent experience,15,1000-4999,Public Sector,never
20458,Has relevent experience,14,100-500,Early Stage Startup,1
21622,Has relevent experience,3,100-500,Pvt Ltd,1
31719,No relevent experience,>20,100-500,,2
10838,Has relevent experience,14,<10,Pvt Ltd,never
18246,Has relevent experience,6,10/49,Pvt Ltd,never
11685,No relevent experience,2,,,1
28480,No relevent experience,5,,,1
4031,Has relevent experience,18,50-99,Pvt Ltd,>4
25120,No relevent experience,4,10000+,Pvt Ltd,never
20149,Has relevent experience,4,100-500,,
3789,Has relevent experience,>20,,,>4
27092,No relevent experience,10,1000-4999,Public Sector,4
25299,Has relevent experience,>20,10000+,Pvt Ltd,>4
1659,No relevent experience,4,,Pvt Ltd,never
117,Has relevent experience,5,10/49,Pvt Ltd,1
1752,Has relevent experience,18,50-99,Funded Startup,1
726,Has relevent experience,13,10/49,Pvt Ltd,4
9653,Has relevent experience,>20,<10,Pvt Ltd,>4
7326,Has relevent experience,>20,,,>4
27197,No relevent experience,>20,10000+,Pvt Ltd,>4
25078,Has relevent experience,10,1000-4999,Pvt Ltd,1
11683,No relevent experience,10,,Other,
23586,Has relevent experience,>20,,,>4
1958,Has relevent experience,12,10000+,Pvt Ltd,4
28104,Has relevent experience,11,50-99,Pvt Ltd,2
1665,No relevent experience,3,10/49,Early Stage Startup,1
17649,Has relevent experience,>20,,,>4
9220,No relevent experience,19,1000-4999,Pvt Ltd,never
6472,Has relevent experience,4,50-99,Pvt Ltd,1
4140,Has relevent experience,>20,50-99,Pvt Ltd,never
8870,No relevent experience,3,,,never
32903,No relevent experience,>20,50-99,Public Sector,>4
18548,Has relevent experience,6,<10,Early Stage Startup,never
17569,Has relevent experience,>20,,,4
19255,Has relevent experience,4,,,1
23147,Has relevent experience,8,,,3
26037,Has relevent experience,6,,,1
2920,Has relevent experience,14,10000+,Pvt Ltd,1
21551,Has relevent experience,6,1000-4999,Pvt Ltd,1
1700,No relevent experience,2,100-500,Pvt Ltd,1
17296,Has relevent experience,<1,10/49,Early Stage Startup,never
31087,No relevent experience,6,10000+,Pvt Ltd,4
16136,Has relevent experience,14,,,1
7372,Has relevent experience,>20,,,1
16701,Has relevent experience,10,10000+,Pvt Ltd,1
30011,Has relevent experience,6,10000+,Pvt Ltd,2
3229,Has relevent experience,12,,,1
5322,Has relevent experience,7,50-99,Pvt Ltd,1
28217,No relevent experience,2,,,never
14149,No relevent experience,5,,,1
1954,Has relevent experience,14,1000-4999,Pvt Ltd,1
4400,Has relevent experience,6,100-500,Pvt Ltd,2
27803,Has relevent experience,16,1000-4999,NGO,1
18765,Has relevent experience,10,100-500,Pvt Ltd,2
28445,No relevent experience,3,,,never
4537,Has relevent experience,4,10000+,Pvt Ltd,2
17436,No relevent experience,5,,,never
29306,Has relevent experience,14,<10,,2
15512,No relevent experience,6,,,>4
8678,No relevent experience,3,10000+,Public Sector,1
16600,Has relevent experience,>20,50-99,,>4
17907,Has relevent experience,>20,50-99,Pvt Ltd,>4
15143,Has relevent experience,6,1000-4999,Public Sector,1
1277,No relevent experience,4,,Pvt Ltd,never
14135,No relevent experience,2,,,
26027,Has relevent experience,>20,1000-4999,Pvt Ltd,2
20818,Has relevent experience,14,,,1
484,No relevent experience,3,,Pvt Ltd,never
3108,Has relevent experience,>20,<10,Pvt Ltd,4
27020,Has relevent experience,17,10000+,Pvt Ltd,>4
13581,Has relevent experience,8,500-999,Pvt Ltd,3
10849,Has relevent experience,>20,10000+,Pvt Ltd,1
17273,Has relevent experience,12,10000+,Pvt Ltd,3
29602,Has relevent experience,9,50-99,Pvt Ltd,1
26833,No relevent experience,1,10/49,Pvt Ltd,1
21431,Has relevent experience,7,500-999,Pvt Ltd,3
14416,Has relevent experience,<1,<10,Early Stage Startup,never
27599,Has relevent experience,5,10000+,Pvt Ltd,4
6101,Has relevent experience,7,1000-4999,,1
19886,Has relevent experience,9,,,1
31436,Has relevent experience,5,1000-4999,Pvt Ltd,3
28780,No relevent experience,20,,,1
15186,Has relevent experience,7,1000-4999,Pvt Ltd,never
17242,No relevent experience,<1,,,never
23093,No relevent experience,>20,,,>4
33154,No relevent experience,3,,,never
2369,No relevent experience,10,50-99,Public Sector,2
27168,Has relevent experience,17,50-99,Funded Startup,1
9658,Has relevent experience,19,1000-4999,Pvt Ltd,>4
7992,No relevent experience,5,,,never
3777,Has relevent experience,15,50-99,Pvt Ltd,1
27324,Has relevent experience,13,,,4
11318,Has relevent experience,10,100-500,Pvt Ltd,1
25692,No relevent experience,6,500-999,Pvt Ltd,>4
20703,Has relevent experience,9,1000-4999,Pvt Ltd,1
27452,No relevent experience,10,,,1
11034,No relevent experience,1,,,never
17828,Has relevent experience,4,,,1
29651,No relevent experience,5,<10,Pvt Ltd,1
3955,No relevent experience,4,,Pvt Ltd,never
31029,Has relevent experience,8,1000-4999,Pvt Ltd,1
9817,Has relevent experience,>20,,,never
15163,Has relevent experience,10,,,2
11718,No relevent experience,6,<10,Pvt Ltd,3
15526,No relevent experience,15,500-999,,never
20015,Has relevent experience,13,50-99,Public Sector,2
24203,Has relevent experience,9,50-99,Pvt Ltd,>4
26567,Has relevent experience,9,100-500,Pvt Ltd,1
18435,No relevent experience,3,,,1
190,Has relevent experience,3,,,1
14006,Has relevent experience,17,,,1
26156,Has relevent experience,14,,,3
7607,Has relevent experience,6,10/49,Pvt Ltd,1
13849,Has relevent experience,2,10000+,Pvt Ltd,1
1773,No relevent experience,>20,10/49,Funded Startup,
30897,Has relevent experience,<1,50-99,NGO,4
1475,No relevent experience,6,,Pvt Ltd,never
6750,Has relevent experience,>20,50-99,Early Stage Startup,2
17577,Has relevent experience,8,50-99,Pvt Ltd,1
28062,Has relevent experience,>20,1000-4999,NGO,>4
12187,Has relevent experience,18,,,1
23137,Has relevent experience,11,50-99,Public Sector,2
30747,Has relevent experience,16,,,1
19345,Has relevent experience,11,,,2
31829,No relevent experience,4,10/49,Pvt Ltd,1
23531,Has relevent experience,4,<10,Early Stage Startup,1
15690,Has relevent experience,8,100-500,Pvt Ltd,1
19362,No relevent experience,7,,,1
30822,Has relevent experience,>20,10/49,Pvt Ltd,>4
16776,No relevent experience,<1,,,2
3387,Has relevent experience,2,<10,Funded Startup,2
20908,No relevent experience,13,5000-9999,Public Sector,2
26091,Has relevent experience,>20,50-99,Funded Startup,1
5948,No relevent experience,>20,,,never
32755,Has relevent experience,10,,,>4
29229,No relevent experience,7,,,1
231,Has relevent experience,4,5000-9999,,1
28357,No relevent experience,4,,,never
17799,Has relevent experience,,10000+,,
14338,Has relevent experience,8,,,3
26428,Has relevent experience,1,10/49,Early Stage Startup,never
23479,No relevent experience,4,,,1
2414,Has relevent experience,11,10000+,Pvt Ltd,never
8340,Has relevent experience,7,10/49,Funded Startup,1
26814,Has relevent experience,7,,,>4
13881,Has relevent experience,10,10/49,Pvt Ltd,1
18943,Has relevent experience,>20,5000-9999,Pvt Ltd,4
4276,Has relevent experience,2,10000+,Pvt Ltd,1
6082,Has relevent experience,9,,,1
10876,Has relevent experience,>20,50-99,Pvt Ltd,never
13389,Has relevent experience,7,50-99,Pvt Ltd,2
30990,Has relevent experience,5,100-500,Pvt Ltd,2
16069,Has relevent experience,6,5000-9999,Public Sector,1
13634,No relevent experience,10,10000+,Pvt Ltd,2
30144,Has relevent experience,>20,100-500,Pvt Ltd,3
6423,No relevent experience,>20,10/49,Pvt Ltd,>4
8518,No relevent experience,2,,,1
19429,Has relevent experience,7,10000+,Pvt Ltd,never
19250,Has relevent experience,7,500-999,Pvt Ltd,1
27408,Has relevent experience,10,10000+,Pvt Ltd,2
5305,No relevent experience,14,,,>4
5554,No relevent experience,13,100-500,Pvt Ltd,2
22505,Has relevent experience,8,100-500,Pvt Ltd,2
14822,No relevent experience,2,1000-4999,Pvt Ltd,never
8060,Has relevent experience,1,50-99,,1
3600,Has relevent experience,3,50-99,Pvt Ltd,2
458,Has relevent experience,11,50-99,Pvt Ltd,>4
24047,No relevent experience,3,50-99,Funded Startup,
2105,Has relevent experience,13,100-500,Pvt Ltd,2
13990,Has relevent experience,3,100-500,Funded Startup,2
25131,Has relevent experience,15,,,2
10684,Has relevent experience,17,1000-4999,Pvt Ltd,
23916,No relevent experience,10,,,1
30649,Has relevent experience,9,50-99,Pvt Ltd,1
17660,Has relevent experience,16,<10,Pvt Ltd,never
22475,Has relevent experience,11,,,2
30312,Has relevent experience,5,50-99,,1
3107,No relevent experience,2,100-500,Pvt Ltd,2
13133,Has relevent experience,19,10000+,Pvt Ltd,>4
28527,Has relevent experience,13,10000+,Pvt Ltd,1
3235,No relevent experience,9,,Pvt Ltd,never
32188,Has relevent experience,14,50-99,Pvt Ltd,2
8135,Has relevent experience,11,50-99,,1
8008,No relevent experience,>20,,,1
18651,Has relevent experience,3,100-500,,
26951,No relevent experience,9,,,1
27759,Has relevent experience,15,50-99,Pvt Ltd,>4
24717,Has relevent experience,>20,50-99,Pvt Ltd,1
23242,Has relevent experience,20,,,>4
9341,Has relevent experience,>20,,,>4
22703,Has relevent experience,13,500-999,,never
24266,Has relevent experience,11,100-500,NGO,1
13862,Has relevent experience,13,50-99,Pvt Ltd,2
21326,Has relevent experience,12,10/49,Pvt Ltd,>4
69,Has relevent experience,2,50-99,Pvt Ltd,1
26684,Has relevent experience,5,1000-4999,Pvt Ltd,1
13560,Has relevent experience,5,100-500,Pvt Ltd,1
11197,Has relevent experience,>20,10/49,Pvt Ltd,1
29881,No relevent experience,3,,,1
31091,Has relevent experience,12,10000+,Pvt Ltd,1
22790,No relevent experience,5,,,1
7277,Has relevent experience,5,50-99,Pvt Ltd,1
26267,Has relevent experience,8,100-500,Funded Startup,1
2779,Has relevent experience,15,1000-4999,Pvt Ltd,4
1555,Has relevent experience,10,,,1
18311,No relevent experience,3,,,never
24314,Has relevent experience,>20,10/49,Pvt Ltd,>4
9767,Has relevent experience,12,5000-9999,Pvt Ltd,1
23571,No relevent experience,7,,,never
17337,No relevent experience,1,,,never
5617,Has relevent experience,7,100-500,Pvt Ltd,1
15001,Has relevent experience,7,50-99,Pvt Ltd,2
29650,Has relevent experience,15,500-999,Pvt Ltd,3
7472,No relevent experience,10,500-999,Public Sector,1
6070,Has relevent experience,6,10/49,Early Stage Startup,1
8065,No relevent experience,1,10000+,Pvt Ltd,1
13638,Has relevent experience,13,1000-4999,Pvt Ltd,3
14407,Has relevent experience,10,,,1
13614,Has relevent experience,2,100-500,Pvt Ltd,2
33083,Has relevent experience,10,50-99,Pvt Ltd,never
14483,Has relevent experience,5,50-99,Pvt Ltd,2
1048,No relevent experience,7,1000-4999,Public Sector,2
27323,Has relevent experience,5,,Pvt Ltd,1
84,Has relevent experience,19,10000+,Pvt Ltd,>4
18420,Has relevent experience,2,,,1
6976,Has relevent experience,9,10/49,Pvt Ltd,1
29688,No relevent experience,3,50-99,Pvt Ltd,>4
3997,No relevent experience,5,,Pvt Ltd,never
13372,Has relevent experience,2,500-999,NGO,1
886,Has relevent experience,11,10/49,Pvt Ltd,>4
3244,Has relevent experience,11,50-99,Pvt Ltd,4
12131,Has relevent experience,15,100-500,Pvt Ltd,3
29133,Has relevent experience,6,500-999,Pvt Ltd,2
16397,Has relevent experience,14,<10,Funded Startup,1
7219,No relevent experience,1,10000+,Pvt Ltd,1
30106,Has relevent experience,13,5000-9999,Pvt Ltd,>4
12652,Has relevent experience,11,1000-4999,Pvt Ltd,never
4512,Has relevent experience,10,<10,Pvt Ltd,>4
29302,No relevent experience,10,,,1
24287,No relevent experience,8,<10,Early Stage Startup,never
11262,Has relevent experience,19,100-500,Pvt Ltd,2
21320,Has relevent experience,9,50-99,Pvt Ltd,1
10225,Has relevent experience,>20,100-500,Funded Startup,3
8716,Has relevent experience,12,10000+,Pvt Ltd,1
2893,No relevent experience,7,,Pvt Ltd,never
4382,Has relevent experience,5,,,1
26546,Has relevent experience,>20,1000-4999,Pvt Ltd,3
31332,Has relevent experience,5,50-99,Funded Startup,1
5716,Has relevent experience,11,100-500,Funded Startup,1
25705,No relevent experience,2,,,never
21764,Has relevent experience,12,,,
23417,No relevent experience,14,1000-4999,Pvt Ltd,2
3494,Has relevent experience,10,50-99,Pvt Ltd,1
27121,No relevent experience,16,,,>4
29815,Has relevent experience,10,,Pvt Ltd,2
33163,Has relevent experience,4,10000+,Pvt Ltd,never
5744,Has relevent experience,10,1000-4999,Public Sector,1
16519,No relevent experience,4,,,1
24932,No relevent experience,<1,,,never
28676,Has relevent experience,10,,,1
15070,Has relevent experience,15,50-99,Pvt Ltd,>4
12360,Has relevent experience,7,100-500,Pvt Ltd,1
29472,No relevent experience,19,50-99,Pvt Ltd,1
20676,Has relevent experience,14,,,1
32854,No relevent experience,8,,,
27994,Has relevent experience,9,500-999,Funded Startup,1
14510,Has relevent experience,>20,1000-4999,,>4
9418,Has relevent experience,>20,<10,Funded Startup,1
13857,Has relevent experience,15,50-99,Early Stage Startup,2
2766,Has relevent experience,>20,100-500,Pvt Ltd,>4
15678,Has relevent experience,8,10/49,Pvt Ltd,2
15424,No relevent experience,13,,,never
19143,No relevent experience,8,50-99,Pvt Ltd,1
15938,Has relevent experience,5,10000+,Pvt Ltd,2
25046,Has relevent experience,<1,10/49,,
3146,Has relevent experience,17,50-99,Pvt Ltd,4
3919,No relevent experience,8,,,1
27583,Has relevent experience,4,10000+,Pvt Ltd,4
7833,Has relevent experience,13,50-99,Pvt Ltd,1
15028,No relevent experience,3,50-99,Funded Startup,never
31227,Has relevent experience,4,10000+,Pvt Ltd,1
8688,Has relevent experience,6,100-500,Pvt Ltd,1
15740,Has relevent experience,3,10/49,Pvt Ltd,>4
2513,Has relevent experience,9,100-500,Pvt Ltd,2
1181,No relevent experience,18,10000+,Pvt Ltd,4
18436,Has relevent experience,10,10/49,Pvt Ltd,1
14400,Has relevent experience,3,,,1
20864,Has relevent experience,14,,,1
11142,Has relevent experience,2,100-500,Pvt Ltd,1
24115,Has relevent experience,>20,50-99,Pvt Ltd,2
30309,Has relevent experience,7,500-999,Funded Startup,1
27271,Has relevent experience,16,10/49,Pvt Ltd,1
31792,Has relevent experience,>20,,,>4
14513,Has relevent experience,2,100-500,Public Sector,1
942,Has relevent experience,12,10/49,Pvt Ltd,1
18749,No relevent experience,9,,,
22965,Has relevent experience,19,,,1
25360,Has relevent experience,11,<10,Funded Startup,2
19522,Has relevent experience,13,,Pvt Ltd,4
23549,No relevent experience,<1,10000+,Pvt Ltd,1
11224,No relevent experience,3,,,never
18144,No relevent experience,15,1000-4999,Pvt Ltd,>4
7318,Has relevent experience,6,100-500,Pvt Ltd,1
15855,No relevent experience,1,,,1
509,Has relevent experience,10,50-99,Pvt Ltd,2
2405,Has relevent experience,6,1000-4999,Pvt Ltd,1
491,No relevent experience,>20,10000+,Pvt Ltd,1
27882,Has relevent experience,3,10/49,Funded Startup,1
25839,Has relevent experience,10,50-99,Pvt Ltd,1
25791,Has relevent experience,15,50-99,Pvt Ltd,1
25156,No relevent experience,9,,,never
9129,Has relevent experience,18,100-500,Funded Startup,1
11098,Has relevent experience,8,100-500,Pvt Ltd,1
19317,Has relevent experience,10,50-99,Pvt Ltd,>4
2,No relevent experience,15,10000+,NGO,3
13243,No relevent experience,4,,,1
33230,No relevent experience,4,,,never
3412,Has relevent experience,6,1000-4999,Public Sector,4
28174,Has relevent experience,15,500-999,Public Sector,1
20658,Has relevent experience,15,<10,Pvt Ltd,>4
10918,Has relevent experience,15,1000-4999,,1
20699,Has relevent experience,16,5000-9999,Pvt Ltd,3
5695,Has relevent experience,11,10000+,Pvt Ltd,1
20346,Has relevent experience,1,<10,Early Stage Startup,1
22949,No relevent experience,8,50-99,Pvt Ltd,1
6649,Has relevent experience,17,<10,Pvt Ltd,3
77,No relevent experience,3,10000+,Pvt Ltd,1
32434,No relevent experience,5,,,2
20095,Has relevent experience,18,50-99,Pvt Ltd,>4
29463,No relevent experience,5,,,never
8527,Has relevent experience,1,<10,Early Stage Startup,never
27711,Has relevent experience,17,,,4
28037,Has relevent experience,19,500-999,Pvt Ltd,2
25956,Has relevent experience,19,10000+,Pvt Ltd,2
332,No relevent experience,4,,,2
6554,Has relevent experience,2,10/49,Funded Startup,1
16682,No relevent experience,3,,,2
8828,Has relevent experience,13,50-99,Funded Startup,1
15827,Has relevent experience,2,<10,Pvt Ltd,never
25781,Has relevent experience,16,<10,Pvt Ltd,3
8446,Has relevent experience,6,,,1
14311,Has relevent experience,6,100-500,,1
28658,Has relevent experience,14,10000+,Pvt Ltd,never
21537,Has relevent experience,5,100-500,Pvt Ltd,never
33328,Has relevent experience,13,10/49,Pvt Ltd,1
15446,No relevent experience,6,50-99,Pvt Ltd,2
1610,No relevent experience,6,,Pvt Ltd,never
2104,Has relevent experience,>20,100-500,Funded Startup,>4
21602,Has relevent experience,>20,10/49,Pvt Ltd,>4
10755,Has relevent experience,18,,,1
31889,No relevent experience,3,,,1
22145,No relevent experience,10,10/49,,3
12651,Has relevent experience,16,100-500,Pvt Ltd,>4
24509,No relevent experience,4,,,never
27082,Has relevent experience,17,100-500,Funded Startup,1
27527,Has relevent experience,7,50-99,Funded Startup,1
26410,Has relevent experience,6,10/49,Pvt Ltd,>4
20632,No relevent experience,2,,,2
18826,Has relevent experience,17,1000-4999,Pvt Ltd,1
592,Has relevent experience,7,50-99,,never
20397,No relevent experience,>20,10000+,,>4
1194,No relevent experience,19,100-500,Pvt Ltd,4
12629,No relevent experience,2,,,1
5330,No relevent experience,7,,Public Sector,>4
26365,No relevent experience,6,,,3
8630,No relevent experience,1,50-99,Pvt Ltd,1
11242,No relevent experience,3,,,never
28929,No relevent experience,8,,,never
15406,Has relevent experience,10,<10,Early Stage Startup,1
30722,No relevent experience,5,,,1
14466,Has relevent experience,4,100-500,Pvt Ltd,2
29709,Has relevent experience,10,100-500,Pvt Ltd,1
26205,Has relevent experience,12,10000+,Pvt Ltd,2
2173,Has relevent experience,20,500-999,Pvt Ltd,1
14401,Has relevent experience,11,10000+,Pvt Ltd,3
27138,Has relevent experience,13,50-99,,>4
17365,Has relevent experience,4,,,
30940,No relevent experience,6,,,4
24994,Has relevent experience,17,,,1
2818,Has relevent experience,10,50-99,Pvt Ltd,2
32173,No relevent experience,2,100-500,Pvt Ltd,1
33066,Has relevent experience,>20,100-500,Pvt Ltd,>4
16698,Has relevent experience,10,,,1
64,Has relevent experience,>20,50-99,Pvt Ltd,3
25187,Has relevent experience,>20,10/49,Funded Startup,1
13631,Has relevent experience,7,10/49,Funded Startup,3
3949,Has relevent experience,20,<10,Pvt Ltd,3
13523,Has relevent experience,12,100-500,Public Sector,4
3258,Has relevent experience,5,10/49,Funded Startup,1
4000,Has relevent experience,17,10/49,Pvt Ltd,1
25267,Has relevent experience,18,<10,Pvt Ltd,1
12495,No relevent experience,8,5000-9999,Pvt Ltd,1
28438,Has relevent experience,13,1000-4999,Pvt Ltd,>4
11185,Has relevent experience,12,10/49,Pvt Ltd,>4
32026,Has relevent experience,5,10/49,Pvt Ltd,>4
31077,Has relevent experience,5,,Pvt Ltd,never
25626,Has relevent experience,>20,100-500,Pvt Ltd,>4
24113,Has relevent experience,>20,100-500,Pvt Ltd,>4
18957,No relevent experience,18,100-500,,3
378,Has relevent experience,12,100-500,Pvt Ltd,>4
16200,Has relevent experience,10,<10,Early Stage Startup,3
555,Has relevent experience,16,10000+,Pvt Ltd,4
31833,No relevent experience,8,50-99,NGO,1
32191,No relevent experience,3,,,1
22719,Has relevent experience,13,100-500,NGO,1
26212,No relevent experience,>20,10000+,Pvt Ltd,>4
30146,No relevent experience,8,100-500,Pvt Ltd,>4
26926,Has relevent experience,15,50-99,Public Sector,3
8525,Has relevent experience,4,50-99,Pvt Ltd,2
4526,Has relevent experience,9,50-99,Pvt Ltd,>4
11321,Has relevent experience,18,100-500,Public Sector,>4
13255,No relevent experience,6,10/49,Public Sector,1
21590,No relevent experience,2,<10,Pvt Ltd,1
12995,Has relevent experience,6,50-99,Pvt Ltd,2
13455,Has relevent experience,11,50-99,Pvt Ltd,1
26847,No relevent experience,4,,,never
23501,No relevent experience,6,,,never
33259,No relevent experience,4,,Pvt Ltd,never
12281,Has relevent experience,16,5000-9999,Pvt Ltd,3
6434,Has relevent experience,10,,Pvt Ltd,never
15520,No relevent experience,7,,Public Sector,1
24811,Has relevent experience,>20,,,>4
18121,Has relevent experience,9,50-99,Pvt Ltd,1
26102,Has relevent experience,>20,50-99,Pvt Ltd,>4
11761,Has relevent experience,5,50-99,Pvt Ltd,1
23851,No relevent experience,>20,,,>4
11826,Has relevent experience,14,50-99,Pvt Ltd,1
616,Has relevent experience,13,100-500,Pvt Ltd,4
26272,Has relevent experience,19,10000+,Pvt Ltd,1
8882,Has relevent experience,5,100-500,Pvt Ltd,2
8916,No relevent experience,1,,,1
31917,Has relevent experience,>20,,,>4
24782,Has relevent experience,5,,,1
15670,No relevent experience,5,,,never
10836,Has relevent experience,3,100-500,Public Sector,1
3736,Has relevent experience,>20,,,3
5143,Has relevent experience,17,,,>4
24469,Has relevent experience,9,100-500,Pvt Ltd,
25249,Has relevent experience,2,1000-4999,Pvt Ltd,1
28501,Has relevent experience,11,50-99,Funded Startup,1
5195,Has relevent experience,>20,100-500,Pvt Ltd,2
24705,No relevent experience,<1,<10,,1
18724,Has relevent experience,10,100-500,Pvt Ltd,4
570,Has relevent experience,16,<10,Pvt Ltd,>4
7724,Has relevent experience,>20,10000+,,1
30998,No relevent experience,18,10000+,Pvt Ltd,2
13394,Has relevent experience,9,50-99,Pvt Ltd,1
23063,Has relevent experience,<1,,,1
29275,No relevent experience,1,,,1
19405,Has relevent experience,16,50-99,Pvt Ltd,>4
33156,No relevent experience,1,,,1
1528,No relevent experience,9,,,1
20532,Has relevent experience,16,<10,Funded Startup,1
30016,Has relevent experience,20,50-99,Pvt Ltd,>4
590,No relevent experience,14,,,1
18319,No relevent experience,<1,,,3
5688,Has relevent experience,6,100-500,Pvt Ltd,1
7927,Has relevent experience,8,100-500,Pvt Ltd,never
563,Has relevent experience,8,<10,Early Stage Startup,1
13673,Has relevent experience,2,100-500,,1
15181,Has relevent experience,7,100-500,Pvt Ltd,4
17813,Has relevent experience,>20,10000+,Pvt Ltd,>4
32204,Has relevent experience,17,10000+,Pvt Ltd,1
16646,Has relevent experience,15,50-99,Pvt Ltd,4
1035,Has relevent experience,5,1000-4999,Pvt Ltd,>4
8715,Has relevent experience,8,100-500,NGO,>4
9783,Has relevent experience,14,1000-4999,Pvt Ltd,>4
13410,No relevent experience,2,5000-9999,Public Sector,1
13129,Has relevent experience,15,500-999,Pvt Ltd,3
14040,Has relevent experience,9,10000+,Pvt Ltd,2
16367,Has relevent experience,8,50-99,Pvt Ltd,1
31066,Has relevent experience,>20,,,4
23587,No relevent experience,6,,,1
28615,Has relevent experience,>20,,,1
4634,Has relevent experience,3,<10,Early Stage Startup,never
17765,Has relevent experience,7,10000+,NGO,>4
12873,No relevent experience,1,,,never
15058,No relevent experience,3,10/49,Pvt Ltd,1
3565,No relevent experience,4,,,1
18508,Has relevent experience,15,10000+,Pvt Ltd,>4
20183,No relevent experience,2,1000-4999,Pvt Ltd,2
20548,No relevent experience,5,,,
1573,Has relevent experience,>20,500-999,Funded Startup,3
28976,Has relevent experience,>20,,,>4
19822,Has relevent experience,11,100-500,Pvt Ltd,1
16575,Has relevent experience,12,50-99,Pvt Ltd,1
31505,Has relevent experience,10,100-500,Pvt Ltd,1
1025,No relevent experience,6,,,never
27395,No relevent experience,5,,,never
14734,Has relevent experience,3,50-99,Pvt Ltd,1
7798,Has relevent experience,16,100-500,Pvt Ltd,2
27601,Has relevent experience,18,1000-4999,Pvt Ltd,2
12304,Has relevent experience,9,50-99,Pvt Ltd,2
15846,Has relevent experience,10,10000+,Pvt Ltd,1
8913,Has relevent experience,18,,Public Sector,4
28056,Has relevent experience,19,,,4
16932,Has relevent experience,3,500-999,Pvt Ltd,1
27414,Has relevent experience,5,10000+,Pvt Ltd,1
9101,Has relevent experience,10,50-99,Public Sector,2
6468,Has relevent experience,14,500-999,Pvt Ltd,1
7261,Has relevent experience,16,1000-4999,Pvt Ltd,>4
31665,No relevent experience,>20,,NGO,4
6489,Has relevent experience,4,1000-4999,Pvt Ltd,2
26761,Has relevent experience,>20,10000+,Pvt Ltd,1
9605,Has relevent experience,>20,10/49,Pvt Ltd,2
30232,No relevent experience,1,10/49,Pvt Ltd,1
9823,No relevent experience,10,100-500,Public Sector,3
21238,No relevent experience,3,,,
31125,No relevent experience,3,10000+,Pvt Ltd,1
17633,No relevent experience,8,,,1
2305,Has relevent experience,2,10000+,Pvt Ltd,1
10961,No relevent experience,4,,,4
20826,Has relevent experience,8,100-500,Pvt Ltd,1
2703,No relevent experience,9,,,2
265,Has relevent experience,18,50-99,Pvt Ltd,4
26295,Has relevent experience,12,5000-9999,,1
24042,No relevent experience,6,,,2
538,No relevent experience,>20,,,2
30439,Has relevent experience,8,,,4
4535,Has relevent experience,>20,1000-4999,Pvt Ltd,4
9065,Has relevent experience,1,<10,Early Stage Startup,1
21384,Has relevent experience,>20,<10,Pvt Ltd,3
23644,No relevent experience,5,,,1
16879,Has relevent experience,2,10/49,Pvt Ltd,1
32390,Has relevent experience,3,,,1
18860,Has relevent experience,15,<10,Early Stage Startup,1
8117,Has relevent experience,>20,100-500,Pvt Ltd,1
16960,Has relevent experience,13,100-500,Pvt Ltd,1
23475,Has relevent experience,>20,,,1
1067,Has relevent experience,3,1000-4999,Pvt Ltd,2
31416,No relevent experience,5,,Pvt Ltd,never
33373,Has relevent experience,6,100-500,Public Sector,2
30396,Has relevent experience,6,<10,Early Stage Startup,never
32529,No relevent experience,2,5000-9999,,1
9232,Has relevent experience,4,50-99,Pvt Ltd,1
10609,Has relevent experience,6,10/49,Pvt Ltd,>4
23895,No relevent experience,<1,,,never
16549,Has relevent experience,18,,,2
30812,Has relevent experience,3,100-500,Pvt Ltd,1
23222,No relevent experience,15,,,>4
16859,Has relevent experience,5,<10,Pvt Ltd,2
22160,Has relevent experience,18,100-500,NGO,3
26427,Has relevent experience,10,50-99,Pvt Ltd,>4
1190,Has relevent experience,11,100-500,Public Sector,2
4778,Has relevent experience,10,10000+,Pvt Ltd,>4
26619,Has relevent experience,3,100-500,,never
14823,No relevent experience,5,<10,Early Stage Startup,4
20463,No relevent experience,3,,,
15013,Has relevent experience,>20,,,2
16940,Has relevent experience,16,500-999,Public Sector,4
17262,Has relevent experience,1,50-99,Pvt Ltd,never
13491,No relevent experience,1,,,never
29410,Has relevent experience,7,,,1
6406,Has relevent experience,14,100-500,Pvt Ltd,3
24089,Has relevent experience,<1,10/49,Pvt Ltd,1
14254,Has relevent experience,2,10000+,NGO,2
19638,Has relevent experience,9,<10,Pvt Ltd,1
8410,Has relevent experience,13,10/49,Pvt Ltd,2
24458,Has relevent experience,9,100-500,Funded Startup,>4
32789,Has relevent experience,>20,100-500,Pvt Ltd,4
25235,Has relevent experience,11,10/49,Pvt Ltd,1
10190,No relevent experience,3,50-99,,never
9415,Has relevent experience,>20,,,>4
3769,Has relevent experience,4,50-99,Pvt Ltd,1
22376,No relevent experience,4,,,never
16185,Has relevent experience,16,50-99,Pvt Ltd,2
9182,Has relevent experience,4,,,2
25711,Has relevent experience,>20,,,>4
31216,Has relevent experience,11,1000-4999,Public Sector,1
12371,No relevent experience,3,100-500,Pvt Ltd,1
28361,Has relevent experience,>20,,,2
3669,Has relevent experience,>20,100-500,Pvt Ltd,3
1318,Has relevent experience,14,500-999,NGO,2
23252,Has relevent experience,16,50-99,Pvt Ltd,>4
14681,Has relevent experience,16,100-500,Funded Startup,>4
20777,No relevent experience,<1,,,
13940,Has relevent experience,4,50-99,,1
12397,No relevent experience,1,50-99,Pvt Ltd,1
792,No relevent experience,5,10000+,Pvt Ltd,3
30451,Has relevent experience,5,,,2
26691,No relevent experience,<1,,,2
28296,No relevent experience,4,500-999,Pvt Ltd,1
11258,No relevent experience,>20,,,1
16137,No relevent experience,15,,Public Sector,3
1262,No relevent experience,17,,,2
29574,Has relevent experience,7,<10,Funded Startup,3
31531,Has relevent experience,12,1000-4999,Pvt Ltd,4
13841,Has relevent experience,10,,,>4
14759,Has relevent experience,4,,,2
1145,Has relevent experience,9,100-500,Pvt Ltd,3
30513,Has relevent experience,9,500-999,Pvt Ltd,1
16080,No relevent experience,3,<10,Public Sector,2
10863,Has relevent experience,15,100-500,Pvt Ltd,never
1221,Has relevent experience,10,1000-4999,Pvt Ltd,1
10910,Has relevent experience,19,,,1
14544,Has relevent experience,6,,Pvt Ltd,never
17324,No relevent experience,2,,,never
20726,Has relevent experience,>20,50-99,Pvt Ltd,1
19724,No relevent experience,13,,,1
2739,Has relevent experience,7,<10,Pvt Ltd,>4
18603,Has relevent experience,5,10000+,Pvt Ltd,1
21953,Has relevent experience,3,,Pvt Ltd,1
15955,Has relevent experience,10,100-500,Pvt Ltd,2
22358,Has relevent experience,>20,100-500,Pvt Ltd,2
23778,Has relevent experience,>20,,,never
13966,Has relevent experience,2,5000-9999,Pvt Ltd,1
3687,No relevent experience,2,100-500,Pvt Ltd,1
32182,Has relevent experience,4,10/49,Early Stage Startup,1
3837,Has relevent experience,1,100-500,Other,1
19306,Has relevent experience,18,50-99,,2
32737,Has relevent experience,11,10/49,,1
15943,Has relevent experience,2,,Pvt Ltd,1
381,Has relevent experience,6,,,2
18661,Has relevent experience,6,,,2
1625,Has relevent experience,>20,10000+,Pvt Ltd,>4
23953,Has relevent experience,>20,,,2
23240,Has relevent experience,5,10000+,Pvt Ltd,1
8467,Has relevent experience,5,100-500,Funded Startup,1
2392,Has relevent experience,10,,,>4
19280,Has relevent experience,6,,,1
22552,Has relevent experience,4,<10,Pvt Ltd,1
16930,Has relevent experience,19,10000+,Pvt Ltd,1
7972,No relevent experience,10,1000-4999,,1
20395,Has relevent experience,7,5000-9999,Pvt Ltd,1
6874,No relevent experience,2,,,never
2319,Has relevent experience,3,10000+,Pvt Ltd,1
33222,No relevent experience,<1,,Pvt Ltd,never
26360,Has relevent experience,16,10/49,Pvt Ltd,1
3129,No relevent experience,5,,,1
27613,Has relevent experience,8,10/49,Pvt Ltd,4
17992,No relevent experience,3,,,never
373,Has relevent experience,18,50-99,Funded Startup,1
1052,No relevent experience,15,,,>4
2966,Has relevent experience,>20,10000+,Pvt Ltd,1
31847,Has relevent experience,>20,,,>4
14856,No relevent experience,3,50-99,Pvt Ltd,3
3616,Has relevent experience,8,1000-4999,Other,1
29232,Has relevent experience,>20,100-500,Pvt Ltd,1
27445,Has relevent experience,7,,,1
18249,Has relevent experience,16,10/49,Funded Startup,2
4178,Has relevent experience,>20,10000+,Pvt Ltd,4
12280,No relevent experience,<1,100-500,Early Stage Startup,1
869,Has relevent experience,14,1000-4999,Pvt Ltd,2
16465,Has relevent experience,19,,Pvt Ltd,1
9794,Has relevent experience,8,,,1
7891,Has relevent experience,3,<10,Pvt Ltd,1
18328,Has relevent experience,5,,,1
23676,Has relevent experience,>20,,,>4
17091,No relevent experience,1,,,1
16906,No relevent experience,>20,,,>4
7578,No relevent experience,>20,<10,Pvt Ltd,>4
10445,Has relevent experience,12,100-500,Pvt Ltd,>4
27788,No relevent experience,5,,,never
17566,Has relevent experience,2,5000-9999,Pvt Ltd,1
9935,Has relevent experience,7,<10,Funded Startup,2
3792,No relevent experience,9,500-999,Pvt Ltd,2
2017,No relevent experience,>20,1000-4999,Pvt Ltd,>4
15319,Has relevent experience,5,100-500,Pvt Ltd,2
24083,Has relevent experience,1,50-99,Pvt Ltd,1
8306,No relevent experience,<1,1000-4999,Pvt Ltd,1
30924,Has relevent experience,15,50-99,Pvt Ltd,1
27758,Has relevent experience,,<10,Pvt Ltd,>4
23850,Has relevent experience,18,10/49,,1
10656,No relevent experience,3,,,1
19819,Has relevent experience,5,<10,Pvt Ltd,1
5771,Has relevent experience,16,100-500,Pvt Ltd,>4
31438,No relevent experience,3,,Pvt Ltd,never
16915,No relevent experience,,,Pvt Ltd,3
8579,Has relevent experience,8,50-99,Pvt Ltd,never
23658,Has relevent experience,<1,,,2
198,Has relevent experience,>20,500-999,Pvt Ltd,>4
14560,Has relevent experience,9,50-99,,1
27655,Has relevent experience,>20,5000-9999,Pvt Ltd,1
33232,Has relevent experience,7,100-500,Pvt Ltd,never
15464,No relevent experience,1,,,never
26155,Has relevent experience,17,1000-4999,Pvt Ltd,1
30081,Has relevent experience,>20,50-99,Funded Startup,1
9298,Has relevent experience,9,100-500,Pvt Ltd,never
25945,Has relevent experience,10,10/49,Pvt Ltd,2
31983,Has relevent experience,18,50-99,Pvt Ltd,1
13668,Has relevent experience,2,50-99,Funded Startup,1
11812,Has relevent experience,19,10/49,Pvt Ltd,2
4265,Has relevent experience,11,,,3
5647,Has relevent experience,12,500-999,Pvt Ltd,>4
4589,Has relevent experience,5,100-500,Pvt Ltd,1
10627,Has relevent experience,17,100-500,Pvt Ltd,>4
30288,Has relevent experience,18,1000-4999,Pvt Ltd,>4
12511,Has relevent experience,9,500-999,Pvt Ltd,1
21137,Has relevent experience,>20,,,>4
745,Has relevent experience,19,50-99,,2
134,Has relevent experience,4,50-99,Funded Startup,1
21330,Has relevent experience,>20,,,>4
27402,No relevent experience,3,,,never
6321,Has relevent experience,15,,,>4
8345,No relevent experience,3,,,1
24404,Has relevent experience,8,100-500,Pvt Ltd,1
2348,No relevent experience,7,,Public Sector,
20642,Has relevent experience,>20,50-99,Pvt Ltd,never
26749,Has relevent experience,6,10000+,Pvt Ltd,1
21272,Has relevent experience,>20,,,1
1972,Has relevent experience,5,50-99,Pvt Ltd,2
7374,Has relevent experience,2,50-99,Pvt Ltd,2
12991,No relevent experience,14,,,1
31067,Has relevent experience,18,1000-4999,Pvt Ltd,4
5102,No relevent experience,5,10000+,Public Sector,2
10041,No relevent experience,<1,,,2
6779,Has relevent experience,6,10/49,Pvt Ltd,
31524,Has relevent experience,15,100-500,,1
565,Has relevent experience,19,,,>4
3661,No relevent experience,4,,,1
31887,Has relevent experience,5,,,4
27573,No relevent experience,3,<10,Pvt Ltd,1
33221,No relevent experience,15,,,3
29184,No relevent experience,4,,,1
21482,Has relevent experience,3,50-99,,1
3771,No relevent experience,<1,100-500,Public Sector,1
8690,Has relevent experience,>20,<10,Early Stage Startup,>4
15659,No relevent experience,1,,,never
27045,Has relevent experience,7,,,4
14912,Has relevent experience,8,10000+,Other,2
4111,Has relevent experience,>20,10/49,Funded Startup,4
2081,Has relevent experience,9,,Pvt Ltd,1
8682,Has relevent experience,9,10/49,Pvt Ltd,1
16364,Has relevent experience,9,100-500,Pvt Ltd,>4
14446,Has relevent experience,7,10000+,Pvt Ltd,never
29631,Has relevent experience,17,50-99,Pvt Ltd,>4
6369,No relevent experience,16,,,>4
28639,Has relevent experience,>20,<10,Funded Startup,4
26547,No relevent experience,2,50-99,Pvt Ltd,1
8802,No relevent experience,1,,,never
23729,Has relevent experience,>20,10000+,,>4
32461,Has relevent experience,19,10000+,Pvt Ltd,>4
27056,Has relevent experience,>20,100-500,Pvt Ltd,2
23762,Has relevent experience,6,10/49,Funded Startup,1
13976,Has relevent experience,15,,NGO,2
8062,Has relevent experience,4,10/49,Pvt Ltd,2
10781,Has relevent experience,5,10000+,Pvt Ltd,1
28119,No relevent experience,3,1000-4999,Public Sector,1
12268,No relevent experience,15,,,2
14305,Has relevent experience,10,<10,Pvt Ltd,1
4816,Has relevent experience,8,,,3
23066,Has relevent experience,4,,,1
24360,No relevent experience,7,1000-4999,Pvt Ltd,3
15501,Has relevent experience,16,,,never
27566,Has relevent experience,13,10000+,Pvt Ltd,1
31105,No relevent experience,2,,,1
21941,Has relevent experience,13,100-500,Pvt Ltd,3
17383,Has relevent experience,1,,,
7026,No relevent experience,4,,,never
6802,Has relevent experience,>20,,,1
8855,Has relevent experience,7,500-999,Pvt Ltd,>4
18077,Has relevent experience,13,,,>4
18395,Has relevent experience,4,50-99,Pvt Ltd,1
2997,Has relevent experience,17,10000+,Public Sector,4
14960,No relevent experience,3,,,1
11819,No relevent experience,2,,,never
30147,Has relevent experience,7,,,1
8338,Has relevent experience,12,,,
22467,Has relevent experience,3,50-99,Funded Startup,1
425,Has relevent experience,9,<10,Pvt Ltd,2
4584,No relevent experience,2,,,2
4903,No relevent experience,>20,,,>4
2480,Has relevent experience,<1,,,1
15445,Has relevent experience,>20,100-500,Pvt Ltd,>4
18906,Has relevent experience,4,100-500,Pvt Ltd,1
26054,Has relevent experience,6,500-999,Funded Startup,4
29718,No relevent experience,>20,50-99,Pvt Ltd,>4
24814,Has relevent experience,1,50-99,Early Stage Startup,1
31919,No relevent experience,5,,,3
2338,Has relevent experience,6,10000+,Pvt Ltd,1
19728,No relevent experience,11,10000+,Pvt Ltd,4
26878,Has relevent experience,16,10/49,Funded Startup,2
7898,Has relevent experience,2,100-500,Pvt Ltd,1
6756,No relevent experience,16,10000+,Pvt Ltd,>4
32372,Has relevent experience,15,,,2
14405,No relevent experience,2,5000-9999,Pvt Ltd,1
26635,Has relevent experience,4,50-99,Pvt Ltd,1
29050,Has relevent experience,13,500-999,Pvt Ltd,4
16358,Has relevent experience,>20,,,1
21145,No relevent experience,3,,,never
22563,No relevent experience,2,,,1
30786,Has relevent experience,15,1000-4999,Public Sector,3
31097,Has relevent experience,7,500-999,Pvt Ltd,1
4918,No relevent experience,4,,Public Sector,3
19598,Has relevent experience,8,50-99,Pvt Ltd,1
30804,No relevent experience,>20,,,2
31901,Has relevent experience,>20,<10,Pvt Ltd,1
33314,Has relevent experience,>20,10000+,Pvt Ltd,>4
16551,Has relevent experience,>20,100-500,Pvt Ltd,>4
5906,Has relevent experience,>20,100-500,Pvt Ltd,1
11930,Has relevent experience,>20,50-99,Pvt Ltd,>4
29239,No relevent experience,7,,,1
28698,Has relevent experience,2,10/49,Pvt Ltd,1
27040,Has relevent experience,9,10/49,Pvt Ltd,>4
26484,Has relevent experience,5,100-500,Pvt Ltd,1
28204,Has relevent experience,>20,100-500,Funded Startup,>4
6926,Has relevent experience,>20,,,>4
14984,Has relevent experience,3,50-99,Pvt Ltd,2
18373,Has relevent experience,9,10/49,Pvt Ltd,1
26262,Has relevent experience,>20,500-999,Funded Startup,>4
32704,Has relevent experience,8,100-500,Pvt Ltd,1
17288,Has relevent experience,3,<10,Funded Startup,2
25815,No relevent experience,12,,,1
15390,No relevent experience,2,,,1
14753,Has relevent experience,5,<10,Funded Startup,2
27474,Has relevent experience,14,<10,Pvt Ltd,1
21186,No relevent experience,6,,,never
22910,Has relevent experience,16,100-500,Pvt Ltd,4
18522,No relevent experience,16,50-99,Pvt Ltd,
8313,Has relevent experience,11,<10,Pvt Ltd,3
23578,Has relevent experience,2,50-99,Funded Startup,2
31787,Has relevent experience,>20,100-500,Funded Startup,1
30494,Has relevent experience,5,500-999,Pvt Ltd,1
19241,Has relevent experience,4,,,1
11250,No relevent experience,4,10000+,NGO,1
20646,Has relevent experience,8,1000-4999,,never
15020,Has relevent experience,14,500-999,Pvt Ltd,>4
15605,Has relevent experience,3,10/49,Pvt Ltd,2
23552,No relevent experience,3,<10,Pvt Ltd,1
11387,No relevent experience,3,,,never
8774,Has relevent experience,9,500-999,Funded Startup,1
29451,Has relevent experience,9,100-500,Pvt Ltd,1
25960,Has relevent experience,>20,50-99,Pvt Ltd,>4
8591,No relevent experience,3,,,never
31118,Has relevent experience,>20,,,never
11239,Has relevent experience,>20,50-99,Pvt Ltd,1
21190,Has relevent experience,12,1000-4999,Pvt Ltd,
26374,No relevent experience,<1,,,never
16511,Has relevent experience,4,,,never
8071,No relevent experience,4,,,never
20466,Has relevent experience,10,10/49,Pvt Ltd,>4
11505,Has relevent experience,>20,10000+,Pvt Ltd,2
15675,Has relevent experience,1,50-99,Pvt Ltd,1
22176,Has relevent experience,17,,Pvt Ltd,2
22203,No relevent experience,5,,Other,1
13130,Has relevent experience,>20,,,>4
4033,Has relevent experience,>20,100-500,Pvt Ltd,2
23179,Has relevent experience,>20,1000-4999,Pvt Ltd,>4
3796,Has relevent experience,>20,10000+,Pvt Ltd,>4
26627,Has relevent experience,6,10000+,Pvt Ltd,3
29266,Has relevent experience,16,500-999,Pvt Ltd,>4
15783,Has relevent experience,7,,,never
24652,No relevent experience,6,,,1
26990,Has relevent experience,17,1000-4999,Pvt Ltd,1
26594,No relevent experience,20,1000-4999,Public Sector,1
15666,Has relevent experience,5,<10,Pvt Ltd,>4
679,Has relevent experience,4,100-500,Public Sector,1
8210,No relevent experience,3,,,never
14569,Has relevent experience,2,50-99,Pvt Ltd,2
15110,No relevent experience,5,,,2
587,Has relevent experience,10,10000+,Pvt Ltd,>4
20657,Has relevent experience,17,50-99,Pvt Ltd,1
16952,Has relevent experience,4,,Public Sector,1
11438,Has relevent experience,>20,10000+,Pvt Ltd,>4
24589,No relevent experience,8,50-99,Pvt Ltd,2
9259,No relevent experience,15,100-500,Pvt Ltd,1
12287,Has relevent experience,>20,1000-4999,Pvt Ltd,1
18655,Has relevent experience,6,10000+,Pvt Ltd,2
7858,Has relevent experience,3,100-500,Pvt Ltd,3
28431,Has relevent experience,5,50-99,Pvt Ltd,never
5098,Has relevent experience,10,10000+,Pvt Ltd,1
19180,Has relevent experience,>20,,,1
19943,No relevent experience,8,,,never
4867,Has relevent experience,3,10/49,Pvt Ltd,1
32794,No relevent experience,2,,Pvt Ltd,never
32640,Has relevent experience,2,,,1
18355,Has relevent experience,8,50-99,Pvt Ltd,>4
28159,Has relevent experience,8,<10,Pvt Ltd,1
15671,Has relevent experience,3,500-999,Pvt Ltd,1
31468,Has relevent experience,3,50-99,Pvt Ltd,1
28863,Has relevent experience,>20,50-99,Pvt Ltd,>4
21378,Has relevent experience,10,50-99,Pvt Ltd,3
8027,Has relevent experience,6,50-99,Public Sector,4
5161,No relevent experience,2,,,1
13774,No relevent experience,3,10/49,Pvt Ltd,>4
26341,No relevent experience,16,10000+,,1
21045,Has relevent experience,5,500-999,Public Sector,3
15733,Has relevent experience,17,10000+,Pvt Ltd,>4
10344,Has relevent experience,7,,,1
30901,Has relevent experience,6,100-500,Pvt Ltd,1
8848,No relevent experience,6,,,1
2351,Has relevent experience,12,10000+,Pvt Ltd,4
12754,No relevent experience,4,10/49,Early Stage Startup,1
1230,Has relevent experience,>20,10000+,Pvt Ltd,2
7514,No relevent experience,4,,,1
14464,No relevent experience,4,500-999,Public Sector,1
25863,Has relevent experience,6,50-99,Funded Startup,1
10073,Has relevent experience,>20,,,3
30646,Has relevent experience,4,10000+,Pvt Ltd,2
24943,Has relevent experience,19,50-99,Pvt Ltd,3
12352,Has relevent experience,>20,10000+,Pvt Ltd,>4
24519,Has relevent experience,10,,Public Sector,
11088,No relevent experience,6,10000+,Pvt Ltd,2
31688,No relevent experience,<1,,,1
31462,Has relevent experience,8,500-999,Pvt Ltd,4
33205,No relevent experience,>20,10000+,Public Sector,never
28857,Has relevent experience,11,10/49,Pvt Ltd,2
356,Has relevent experience,5,50-99,Pvt Ltd,>4
7669,No relevent experience,4,,,never
16627,Has relevent experience,>20,100-500,Pvt Ltd,>4
3424,Has relevent experience,2,50-99,Other,1
6910,Has relevent experience,7,1000-4999,Pvt Ltd,1
5357,Has relevent experience,3,10/49,Pvt Ltd,1
22240,Has relevent experience,>20,,,>4
31763,No relevent experience,4,,,never
2933,Has relevent experience,14,50-99,Pvt Ltd,>4
14829,No relevent experience,1,,,never
30139,Has relevent experience,16,1000-4999,Pvt Ltd,1
518,Has relevent experience,11,10/49,Pvt Ltd,1
27691,Has relevent experience,6,50-99,Pvt Ltd,1
12468,No relevent experience,3,,,never
10657,Has relevent experience,9,50-99,Pvt Ltd,2
6551,Has relevent experience,15,1000-4999,Pvt Ltd,1
29992,Has relevent experience,>20,10000+,Pvt Ltd,1
8368,Has relevent experience,7,,,
16694,Has relevent experience,6,,,never
20434,Has relevent experience,>20,100-500,Funded Startup,>4
4576,Has relevent experience,6,50-99,Pvt Ltd,1
32293,Has relevent experience,>20,,,1
27823,Has relevent experience,>20,10000+,Pvt Ltd,2
21996,Has relevent experience,6,10/49,,2
14091,No relevent experience,4,,,never
6255,Has relevent experience,>20,,,1
20218,Has relevent experience,2,<10,Early Stage Startup,never
16262,Has relevent experience,>20,,,>4
30155,No relevent experience,1,,,never
27926,No relevent experience,4,<10,Early Stage Startup,1
20842,Has relevent experience,5,<10,Pvt Ltd,never
26147,Has relevent experience,11,,,2
25088,Has relevent experience,9,10000+,Pvt Ltd,1
17782,No relevent experience,4,,,never
7178,No relevent experience,3,50-99,Public Sector,1
25049,Has relevent experience,6,50-99,Pvt Ltd,1
30522,Has relevent experience,4,,,1
27730,No relevent experience,1,10000+,,never
14060,Has relevent experience,7,,,2
6481,Has relevent experience,>20,50-99,Pvt Ltd,1
8670,Has relevent experience,10,500-999,Pvt Ltd,2
28942,Has relevent experience,8,,,1
10305,No relevent experience,6,,,1
6905,Has relevent experience,9,10000+,Pvt Ltd,4
23891,Has relevent experience,>20,,,
22234,Has relevent experience,19,50-99,Pvt Ltd,2
21115,Has relevent experience,1,<10,Pvt Ltd,never
868,Has relevent experience,14,1000-4999,Pvt Ltd,3
30527,Has relevent experience,>20,1000-4999,Public Sector,1
11839,No relevent experience,<1,,,never
15641,No relevent experience,2,,,never
4247,Has relevent experience,>20,50-99,Pvt Ltd,>4
28003,No relevent experience,3,,,never
23138,Has relevent experience,10,,,never
23447,No relevent experience,3,,,never
22153,Has relevent experience,12,50-99,Pvt Ltd,4
8871,Has relevent experience,12,500-999,Pvt Ltd,2
28569,No relevent experience,<1,500-999,Pvt Ltd,>4
11572,Has relevent experience,4,1000-4999,Pvt Ltd,1
24689,Has relevent experience,>20,10000+,Pvt Ltd,>4
31021,Has relevent experience,6,100-500,Pvt Ltd,1
17555,No relevent experience,11,,,never
32383,Has relevent experience,6,,,2
19320,Has relevent experience,9,1000-4999,Pvt Ltd,>4
25996,Has relevent experience,11,,Pvt Ltd,1
25582,No relevent experience,5,,,1
30179,No relevent experience,6,1000-4999,Public Sector,1
2486,Has relevent experience,9,50-99,Pvt Ltd,>4
30669,Has relevent experience,3,100-500,Pvt Ltd,1
21945,No relevent experience,15,,,1
33252,Has relevent experience,7,,,1
15463,No relevent experience,1,100-500,Pvt Ltd,1
12245,Has relevent experience,>20,100-500,Pvt Ltd,>4
2589,Has relevent experience,6,1000-4999,Pvt Ltd,1
20673,No relevent experience,2,,,never
26063,No relevent experience,2,500-999,Pvt Ltd,1
24335,Has relevent experience,18,10/49,Pvt Ltd,>4
19674,Has relevent experience,>20,50-99,Pvt Ltd,>4
18402,Has relevent experience,16,,,2
11717,No relevent experience,19,10000+,Pvt Ltd,>4
12659,Has relevent experience,>20,1000-4999,Public Sector,>4
6914,No relevent experience,<1,,,1
6097,Has relevent experience,3,10000+,Pvt Ltd,never
29753,No relevent experience,9,50-99,Pvt Ltd,never
17849,Has relevent experience,15,100-500,Pvt Ltd,>4
32965,No relevent experience,5,,,never
10973,Has relevent experience,>20,50-99,,2
26230,Has relevent experience,>20,10000+,Pvt Ltd,>4
11234,Has relevent experience,7,10000+,Pvt Ltd,2
19825,Has relevent experience,15,,,>4
22492,Has relevent experience,3,50-99,Pvt Ltd,>4
14996,Has relevent experience,5,50-99,Pvt Ltd,1
26313,No relevent experience,3,,,never
5351,No relevent experience,9,,,never
17713,No relevent experience,>20,,,1
25710,Has relevent experience,>20,100-500,Pvt Ltd,>4
9762,No relevent experience,4,,,1
30380,Has relevent experience,4,1000-4999,Pvt Ltd,1
6457,Has relevent experience,>20,10000+,Pvt Ltd,2
32256,No relevent experience,2,,,1
4321,Has relevent experience,9,100-500,Pvt Ltd,2
2047,Has relevent experience,4,100-500,Pvt Ltd,never
22461,Has relevent experience,4,50-99,Funded Startup,2
11887,Has relevent experience,10,100-500,Pvt Ltd,1
987,Has relevent experience,9,<10,Funded Startup,1
2042,Has relevent experience,11,100-500,Pvt Ltd,2
8185,Has relevent experience,3,50-99,Pvt Ltd,1
15571,Has relevent experience,16,100-500,Pvt Ltd,>4
6234,Has relevent experience,14,1000-4999,,4
7562,No relevent experience,7,,,never
22245,Has relevent experience,>20,<10,Pvt Ltd,>4
11804,Has relevent experience,11,10/49,Funded Startup,2
5717,Has relevent experience,>20,50-99,Funded Startup,1
2971,Has relevent experience,9,,,2
31309,Has relevent experience,9,10000+,Pvt Ltd,1
9775,Has relevent experience,5,100-500,Pvt Ltd,1
30089,No relevent experience,>20,,,2
6390,No relevent experience,3,,,never
5597,Has relevent experience,14,50-99,Pvt Ltd,1
15743,Has relevent experience,>20,50-99,Pvt Ltd,2
11449,Has relevent experience,5,50-99,Early Stage Startup,1
9928,Has relevent experience,>20,,,>4
8780,Has relevent experience,6,<10,Pvt Ltd,1
16271,Has relevent experience,9,50-99,Funded Startup,never
33356,Has relevent experience,>20,100-500,Pvt Ltd,>4
18653,Has relevent experience,9,1000-4999,Pvt Ltd,>4
5737,Has relevent experience,>20,100-500,Pvt Ltd,
14675,No relevent experience,5,<10,NGO,1
29148,Has relevent experience,16,1000-4999,Public Sector,1
6235,Has relevent experience,>20,50-99,Pvt Ltd,2
761,Has relevent experience,>20,5000-9999,Pvt Ltd,1
19854,No relevent experience,<1,100-500,Pvt Ltd,1
9122,Has relevent experience,13,100-500,Public Sector,2
8937,No relevent experience,5,10000+,Public Sector,1
17044,Has relevent experience,6,10000+,Pvt Ltd,1
17310,Has relevent experience,7,100-500,Pvt Ltd,>4
11815,Has relevent experience,5,50-99,Funded Startup,1
14389,Has relevent experience,6,<10,Pvt Ltd,2
2842,Has relevent experience,6,500-999,Pvt Ltd,1
15687,Has relevent experience,13,50-99,Funded Startup,1
5834,Has relevent experience,>20,500-999,Pvt Ltd,3
22090,No relevent experience,2,,,never
13894,Has relevent experience,9,50-99,Pvt Ltd,>4
30256,Has relevent experience,8,100-500,Public Sector,3
27069,Has relevent experience,2,50-99,Pvt Ltd,1
9179,No relevent experience,2,,,1
26305,Has relevent experience,20,<10,Pvt Ltd,>4
16049,Has relevent experience,2,,,1
5779,Has relevent experience,>20,500-999,Pvt Ltd,2
18262,Has relevent experience,>20,10000+,Pvt Ltd,2
11909,Has relevent experience,9,50-99,Pvt Ltd,>4
12385,Has relevent experience,1,10/49,Pvt Ltd,1
9881,Has relevent experience,>20,,,1
12740,Has relevent experience,>20,100-500,Pvt Ltd,4
31867,Has relevent experience,>20,100-500,Pvt Ltd,never
23268,Has relevent experience,17,50-99,Pvt Ltd,4
32506,Has relevent experience,3,,,1
5508,Has relevent experience,6,,,never
11198,Has relevent experience,>20,10000+,Pvt Ltd,>4
25150,No relevent experience,10,,,1
15248,No relevent experience,5,10000+,Pvt Ltd,3
22260,No relevent experience,10,,,never
29199,No relevent experience,5,<10,Pvt Ltd,1
25274,No relevent experience,3,10/49,Pvt Ltd,1
21036,Has relevent experience,>20,,,1
6288,Has relevent experience,8,500-999,Pvt Ltd,1
19426,Has relevent experience,4,10/49,,1
32538,Has relevent experience,3,<10,Pvt Ltd,1
6947,Has relevent experience,16,50-99,Pvt Ltd,2
31192,Has relevent experience,4,10/49,Pvt Ltd,1
225,Has relevent experience,>20,50-99,Funded Startup,
22604,Has relevent experience,13,1000-4999,Public Sector,2
11648,No relevent experience,13,,,1
32,Has relevent experience,>20,,,2
26652,Has relevent experience,5,10/49,,1
21419,Has relevent experience,7,50-99,Pvt Ltd,1
21282,Has relevent experience,3,100-500,Pvt Ltd,1
20239,Has relevent experience,9,10000+,Pvt Ltd,1
7914,Has relevent experience,2,50-99,NGO,1
5965,Has relevent experience,4,50-99,Pvt Ltd,1
24920,Has relevent experience,>20,100-500,Pvt Ltd,>4
21621,Has relevent experience,8,10/49,Pvt Ltd,1
10227,No relevent experience,7,10000+,Pvt Ltd,1
32801,No relevent experience,4,,,never
3942,Has relevent experience,14,100-500,Pvt Ltd,1
13022,Has relevent experience,>20,100-500,Pvt Ltd,>4
31354,Has relevent experience,>20,50-99,Pvt Ltd,2
11526,Has relevent experience,16,500-999,,3
17186,Has relevent experience,18,,,>4
6762,Has relevent experience,3,50-99,Pvt Ltd,1
6384,Has relevent experience,20,,,>4
22443,Has relevent experience,9,50-99,Pvt Ltd,3
27363,Has relevent experience,4,50-99,Pvt Ltd,1
1508,No relevent experience,3,10/49,Pvt Ltd,1
31315,No relevent experience,4,,Pvt Ltd,never
13415,Has relevent experience,7,10/49,Pvt Ltd,1
18370,Has relevent experience,9,50-99,Pvt Ltd,1
13450,Has relevent experience,>20,50-99,Pvt Ltd,1
27203,Has relevent experience,>20,50-99,Pvt Ltd,1
16310,No relevent experience,12,50-99,Pvt Ltd,>4
3269,Has relevent experience,15,50-99,Pvt Ltd,1
14994,Has relevent experience,20,10000+,Pvt Ltd,1
8353,No relevent experience,2,,,never
16086,Has relevent experience,6,50-99,Funded Startup,1
31043,Has relevent experience,14,100-500,Pvt Ltd,2
30858,Has relevent experience,11,100-500,Funded Startup,1
18368,Has relevent experience,17,10/49,Funded Startup,1
33096,Has relevent experience,>20,50-99,Pvt Ltd,>4
25069,Has relevent experience,3,1000-4999,Pvt Ltd,1
23556,Has relevent experience,>20,10000+,Other,4
10988,Has relevent experience,8,,Pvt Ltd,1
15243,Has relevent experience,4,<10,Funded Startup,3
19731,Has relevent experience,6,<10,Pvt Ltd,1
33352,Has relevent experience,>20,100-500,Pvt Ltd,1
31678,No relevent experience,3,,,never
4501,Has relevent experience,17,10000+,Pvt Ltd,2
3036,Has relevent experience,6,50-99,Pvt Ltd,4
33348,No relevent experience,15,100-500,Pvt Ltd,never
21151,Has relevent experience,10,10/49,Pvt Ltd,2
3113,Has relevent experience,,1000-4999,Pvt Ltd,1
33231,No relevent experience,3,,,never
12138,Has relevent experience,6,,,1
33261,No relevent experience,9,,,4
30751,No relevent experience,6,10000+,Pvt Ltd,1
4459,Has relevent experience,17,1000-4999,Pvt Ltd,>4
8312,Has relevent experience,10,100-500,Pvt Ltd,2
20101,No relevent experience,7,,,never
9187,No relevent experience,<1,,,never
31880,Has relevent experience,19,,,4
30964,No relevent experience,4,,Pvt Ltd,never
19091,Has relevent experience,4,5000-9999,Pvt Ltd,1
21554,Has relevent experience,>20,,,>4
17728,Has relevent experience,>20,,,4
26160,No relevent experience,4,,,1
519,Has relevent experience,>20,10000+,Pvt Ltd,2
27357,Has relevent experience,18,100-500,Public Sector,2
8015,No relevent experience,9,50-99,Public Sector,4
9755,No relevent experience,<1,,,1
5469,Has relevent experience,11,50-99,Pvt Ltd,>4
32014,Has relevent experience,11,<10,Pvt Ltd,1
16599,Has relevent experience,10,50-99,Pvt Ltd,2
19434,Has relevent experience,9,1000-4999,Pvt Ltd,1
8321,Has relevent experience,10,50-99,Pvt Ltd,3
31947,No relevent experience,5,,,1
21067,No relevent experience,17,10000+,Public Sector,1
8317,No relevent experience,4,,,never
11211,Has relevent experience,>20,1000-4999,Public Sector,2
11030,Has relevent experience,17,10000+,Pvt Ltd,4
31642,Has relevent experience,>20,,,1
19571,Has relevent experience,7,10000+,Pvt Ltd,1
12424,Has relevent experience,2,10/49,Pvt Ltd,2
1314,No relevent experience,7,,,1
15715,Has relevent experience,>20,10000+,Pvt Ltd,>4
3367,Has relevent experience,9,<10,Pvt Ltd,1
18829,Has relevent experience,2,10000+,Pvt Ltd,1
27211,No relevent experience,3,,,never
32832,Has relevent experience,9,<10,Pvt Ltd,1
140,Has relevent experience,>20,100-500,Funded Startup,1
25452,Has relevent experience,9,<10,Early Stage Startup,1
3124,Has relevent experience,2,<10,Pvt Ltd,1
24727,No relevent experience,4,,,never
8844,Has relevent experience,>20,<10,Pvt Ltd,>4
1252,Has relevent experience,>20,1000-4999,Pvt Ltd,>4
23875,Has relevent experience,6,<10,Pvt Ltd,2
20897,Has relevent experience,3,,,1
10848,Has relevent experience,19,10000+,Pvt Ltd,>4
21658,Has relevent experience,6,,,4
29605,No relevent experience,<1,,,1
29750,Has relevent experience,>20,,,4
13266,Has relevent experience,3,<10,Early Stage Startup,1
23955,No relevent experience,4,,,1
23357,Has relevent experience,13,,,never
21873,Has relevent experience,11,50-99,Pvt Ltd,4
17203,Has relevent experience,14,10000+,Pvt Ltd,4
2429,Has relevent experience,13,500-999,Pvt Ltd,2
12014,Has relevent experience,8,10/49,Public Sector,1
28506,Has relevent experience,17,100-500,Pvt Ltd,>4
28401,Has relevent experience,4,50-99,Pvt Ltd,2
13617,Has relevent experience,>20,<10,Pvt Ltd,>4
7531,Has relevent experience,16,10/49,Pvt Ltd,4
6241,Has relevent experience,6,50-99,Pvt Ltd,1
22917,No relevent experience,5,100-500,NGO,1
32203,Has relevent experience,12,,,2
32433,Has relevent experience,6,100-500,Pvt Ltd,2
10188,No relevent experience,15,10000+,Pvt Ltd,>4
17869,No relevent experience,4,,,3
23236,Has relevent experience,>20,50-99,Pvt Ltd,>4
2533,Has relevent experience,4,500-999,Pvt Ltd,1
24573,Has relevent experience,>20,10000+,Pvt Ltd,1
1635,Has relevent experience,>20,10000+,Pvt Ltd,1
2323,Has relevent experience,15,100-500,Pvt Ltd,never
4649,Has relevent experience,1,100-500,Pvt Ltd,never
22579,Has relevent experience,7,50-99,,3
30222,No relevent experience,>20,,,3
17668,No relevent experience,5,,,never
2978,Has relevent experience,,10000+,Public Sector,
30485,No relevent experience,9,1000-4999,Pvt Ltd,1
7272,No relevent experience,13,,,>4
4494,No relevent experience,>20,100-500,Pvt Ltd,>4
22243,No relevent experience,>20,,,>4
24121,Has relevent experience,18,50-99,Pvt Ltd,3
4242,Has relevent experience,>20,100-500,Pvt Ltd,>4
11763,Has relevent experience,>20,1000-4999,Pvt Ltd,1
19174,Has relevent experience,2,10/49,Pvt Ltd,1
7490,Has relevent experience,14,100-500,Pvt Ltd,>4
18528,Has relevent experience,1,10000+,Public Sector,1
17354,Has relevent experience,9,500-999,Pvt Ltd,4
10906,Has relevent experience,13,1000-4999,Pvt Ltd,1
18861,No relevent experience,<1,,,
17378,Has relevent experience,7,5000-9999,Pvt Ltd,2
31090,Has relevent experience,6,,,1
5759,Has relevent experience,15,1000-4999,Pvt Ltd,1
103,Has relevent experience,13,<10,Pvt Ltd,2
21449,Has relevent experience,>20,100-500,,>4
5971,Has relevent experience,>20,100-500,Pvt Ltd,2
385,No relevent experience,5,,Pvt Ltd,never
4697,No relevent experience,1,,,1
17613,Has relevent experience,16,5000-9999,Pvt Ltd,>4
7217,No relevent experience,9,,,never
21418,No relevent experience,5,,,never
17190,Has relevent experience,3,50-99,Funded Startup,1
5491,Has relevent experience,>20,,,2
18317,Has relevent experience,5,100-500,Pvt Ltd,1
2778,Has relevent experience,,5000-9999,,1
27886,Has relevent experience,16,100-500,Pvt Ltd,1
24559,Has relevent experience,15,<10,Pvt Ltd,>4
26248,Has relevent experience,6,10000+,Pvt Ltd,2
18744,Has relevent experience,5,,Pvt Ltd,1
442,Has relevent experience,>20,50-99,Pvt Ltd,4
13531,Has relevent experience,11,<10,,2
25226,Has relevent experience,16,1000-4999,,1
27885,Has relevent experience,5,100-500,Pvt Ltd,2
25453,Has relevent experience,>20,50-99,Pvt Ltd,>4
20400,Has relevent experience,17,<10,Pvt Ltd,2
13361,Has relevent experience,14,1000-4999,Pvt Ltd,>4
4971,Has relevent experience,3,10/49,Funded Startup,1
32494,Has relevent experience,6,100-500,Pvt Ltd,3
17071,Has relevent experience,4,,,1
31710,Has relevent experience,16,500-999,Funded Startup,1
22272,No relevent experience,6,,,never
21725,No relevent experience,5,,,never
24546,Has relevent experience,15,50-99,Pvt Ltd,never
11550,Has relevent experience,10,1000-4999,,1
13593,Has relevent experience,>20,50-99,Pvt Ltd,1
6276,No relevent experience,7,,Public Sector,2
15545,Has relevent experience,>20,50-99,Pvt Ltd,1
22101,No relevent experience,7,,,3
30991,Has relevent experience,4,100-500,Pvt Ltd,1
12922,Has relevent experience,<1,,,4
16640,Has relevent experience,10,50-99,Pvt Ltd,1
15473,Has relevent experience,13,,,>4
8592,No relevent experience,2,10/49,Early Stage Startup,1
23087,Has relevent experience,20,1000-4999,Pvt Ltd,1
24118,No relevent experience,1,<10,,1
18088,No relevent experience,1,<10,Early Stage Startup,1
22186,Has relevent experience,16,,,>4
1063,Has relevent experience,18,50-99,Pvt Ltd,2
9411,Has relevent experience,7,50-99,,
9015,No relevent experience,4,,,1
27589,No relevent experience,12,,,1
32909,No relevent experience,4,50-99,Funded Startup,1
4824,Has relevent experience,17,<10,Pvt Ltd,2
12204,Has relevent experience,>20,<10,Early Stage Startup,>4
24020,Has relevent experience,3,100-500,Pvt Ltd,1
17575,No relevent experience,11,50-99,Pvt Ltd,>4
28029,Has relevent experience,5,,,never
1077,Has relevent experience,>20,1000-4999,Pvt Ltd,>4
15751,Has relevent experience,5,50-99,Pvt Ltd,1
26904,Has relevent experience,10,50-99,Pvt Ltd,2
16503,Has relevent experience,6,1000-4999,Pvt Ltd,1
7611,Has relevent experience,10,10000+,Pvt Ltd,2
22693,Has relevent experience,>20,,,3
17871,No relevent experience,,,,never
25481,Has relevent experience,>20,100-500,Public Sector,1
4326,Has relevent experience,6,1000-4999,Pvt Ltd,2
25923,Has relevent experience,18,5000-9999,Pvt Ltd,>4
23687,No relevent experience,4,,,1
29329,Has relevent experience,>20,100-500,Pvt Ltd,>4
21510,Has relevent experience,6,50-99,Pvt Ltd,1
16060,No relevent experience,1,,,never
13302,Has relevent experience,3,,,1
12306,No relevent experience,4,,,never
32298,No relevent experience,2,10000+,Pvt Ltd,never
23307,No relevent experience,3,<10,Early Stage Startup,2
31581,Has relevent experience,1,100-500,Pvt Ltd,1
25183,No relevent experience,5,,,never
30094,Has relevent experience,5,,,never
29952,Has relevent experience,7,100-500,Pvt Ltd,1
17895,No relevent experience,,10000+,,never
8087,Has relevent experience,11,50-99,Pvt Ltd,2
32462,No relevent experience,15,100-500,Pvt Ltd,1
1001,Has relevent experience,10,1000-4999,Public Sector,>4
2608,Has relevent experience,7,10000+,Pvt Ltd,1
6267,Has relevent experience,15,50-99,Pvt Ltd,4
15596,No relevent experience,15,,,never
26464,Has relevent experience,9,,Pvt Ltd,1
21810,No relevent experience,<1,,,never
30953,No relevent experience,<1,,,never
14194,Has relevent experience,10,1000-4999,Pvt Ltd,>4
23123,Has relevent experience,6,50-99,Pvt Ltd,1
14853,Has relevent experience,5,500-999,Pvt Ltd,1
24130,Has relevent experience,4,<10,Pvt Ltd,1
5383,Has relevent experience,>20,1000-4999,Pvt Ltd,1
21627,No relevent experience,<1,<10,Pvt Ltd,1
26359,Has relevent experience,4,50-99,Early Stage Startup,2
32231,Has relevent experience,8,,,2
3694,Has relevent experience,>20,10/49,Pvt Ltd,1
5011,Has relevent experience,>20,,,never
682,No relevent experience,7,,,never
27923,Has relevent experience,8,100-500,,1
22373,Has relevent experience,10,<10,NGO,>4
31179,Has relevent experience,7,50-99,Pvt Ltd,1
8374,Has relevent experience,4,100-500,Funded Startup,2
27050,No relevent experience,6,50-99,NGO,4
13074,Has relevent experience,>20,,,1
27249,Has relevent experience,17,100-500,Pvt Ltd,1
13343,No relevent experience,6,10000+,Pvt Ltd,3
17726,Has relevent experience,3,50-99,Other,1
17560,Has relevent experience,8,100-500,Pvt Ltd,>4
28710,Has relevent experience,5,10000+,Pvt Ltd,2
18627,Has relevent experience,3,<10,Pvt Ltd,1
32004,No relevent experience,3,10000+,,1
28685,Has relevent experience,6,,,1
30283,No relevent experience,4,,,never
28823,Has relevent experience,13,100-500,Pvt Ltd,>4
18918,Has relevent experience,>20,5000-9999,NGO,2
29699,Has relevent experience,6,10000+,Public Sector,2
9643,Has relevent experience,14,100-500,Funded Startup,1
19935,Has relevent experience,10,1000-4999,Pvt Ltd,2
7980,Has relevent experience,5,50-99,Pvt Ltd,>4
3811,No relevent experience,2,,,never
8302,Has relevent experience,7,100-500,Pvt Ltd,2
8228,Has relevent experience,2,10000+,Pvt Ltd,1
20575,No relevent experience,5,,,
14186,No relevent experience,6,10000+,Pvt Ltd,1
30285,Has relevent experience,3,,,1
31843,Has relevent experience,15,1000-4999,Pvt Ltd,4
11680,Has relevent experience,11,10000+,Pvt Ltd,2
11492,Has relevent experience,15,50-99,Funded Startup,1
20468,No relevent experience,<1,,,1
3601,Has relevent experience,8,10000+,Pvt Ltd,2
11591,No relevent experience,9,,,never
1470,No relevent experience,15,,Pvt Ltd,never
11127,Has relevent experience,>20,1000-4999,Pvt Ltd,1
16872,No relevent experience,19,10000+,NGO,>4
27177,Has relevent experience,>20,50-99,Funded Startup,>4
7080,Has relevent experience,14,50-99,Public Sector,2
20448,No relevent experience,8,,,never
14252,No relevent experience,4,,,1
9803,Has relevent experience,20,100-500,Pvt Ltd,>4
19431,No relevent experience,12,,,3
18682,Has relevent experience,5,,Pvt Ltd,2
7890,No relevent experience,10,100-500,Pvt Ltd,>4
12334,Has relevent experience,3,,,3
21229,No relevent experience,<1,,,never
11766,Has relevent experience,13,100-500,Pvt Ltd,1
31558,Has relevent experience,>20,1000-4999,Pvt Ltd,1
24104,Has relevent experience,6,50-99,,3
4180,Has relevent experience,8,50-99,Pvt Ltd,1
17406,Has relevent experience,>20,1000-4999,Pvt Ltd,2
29368,Has relevent experience,11,1000-4999,Pvt Ltd,1
32822,Has relevent experience,7,10000+,Pvt Ltd,3
5419,No relevent experience,4,,,1
17598,No relevent experience,2,,,1
1849,Has relevent experience,9,10/49,Pvt Ltd,3
26770,Has relevent experience,6,50-99,Pvt Ltd,1
12579,Has relevent experience,7,,Pvt Ltd,>4
9903,Has relevent experience,9,,,4
4664,No relevent experience,6,,,1
3042,Has relevent experience,>20,10000+,Pvt Ltd,>4
23177,Has relevent experience,15,10/49,Pvt Ltd,1
31813,Has relevent experience,6,,,1
18532,Has relevent experience,3,100-500,Pvt Ltd,1
3819,Has relevent experience,16,10/49,Pvt Ltd,>4
7854,Has relevent experience,4,1000-4999,Pvt Ltd,4
9016,Has relevent experience,4,100-500,Early Stage Startup,never
19400,Has relevent experience,3,1000-4999,Pvt Ltd,1
15360,No relevent experience,5,,,2
5876,Has relevent experience,,100-500,Pvt Ltd,
31432,Has relevent experience,3,1000-4999,Pvt Ltd,never
3814,Has relevent experience,13,,,1
4007,Has relevent experience,>20,50-99,Funded Startup,>4
18001,Has relevent experience,>20,100-500,,1
18233,Has relevent experience,15,100-500,Funded Startup,1
19235,Has relevent experience,9,50-99,Pvt Ltd,4
29351,Has relevent experience,16,10000+,Pvt Ltd,>4
16411,No relevent experience,3,100-500,Pvt Ltd,1
16939,No relevent experience,5,,,1
31076,Has relevent experience,9,50-99,Pvt Ltd,>4
19427,Has relevent experience,12,500-999,Pvt Ltd,1
23996,No relevent experience,2,,,2
30049,No relevent experience,4,10000+,Pvt Ltd,1
14649,Has relevent experience,14,1000-4999,Public Sector,1
13689,No relevent experience,<1,,,2
9046,Has relevent experience,6,50-99,Pvt Ltd,1
14432,Has relevent experience,>20,10/49,Pvt Ltd,4
16555,Has relevent experience,13,,,>4
20780,Has relevent experience,15,10000+,Pvt Ltd,3
19201,Has relevent experience,>20,50-99,Pvt Ltd,>4
21285,Has relevent experience,6,10/49,Early Stage Startup,2
29747,Has relevent experience,>20,5000-9999,Public Sector,2
16332,Has relevent experience,6,5000-9999,Public Sector,3
3370,Has relevent experience,12,500-999,Pvt Ltd,>4
28855,Has relevent experience,10,10000+,Pvt Ltd,3
30457,No relevent experience,1,,Pvt Ltd,1
2940,Has relevent experience,8,<10,Early Stage Startup,2
6439,No relevent experience,<1,50-99,NGO,4
24568,Has relevent experience,10,<10,NGO,1
571,No relevent experience,8,,,1
1501,Has relevent experience,>20,500-999,Other,1
14375,Has relevent experience,8,10000+,Pvt Ltd,2
26867,Has relevent experience,7,50-99,Pvt Ltd,2
14447,Has relevent experience,16,<10,Pvt Ltd,>4
14862,Has relevent experience,16,5000-9999,Public Sector,>4
17705,Has relevent experience,14,,,>4
29026,Has relevent experience,4,,,never
1313,Has relevent experience,>20,10000+,Pvt Ltd,>4
14108,No relevent experience,5,,,2
21787,Has relevent experience,>20,10000+,Pvt Ltd,>4
3905,Has relevent experience,3,,,1
13322,No relevent experience,2,,,never
1482,No relevent experience,15,10000+,Pvt Ltd,>4
25561,Has relevent experience,>20,50-99,Pvt Ltd,1
8554,No relevent experience,3,,,
13669,No relevent experience,1,,,1
14657,Has relevent experience,4,10/49,Pvt Ltd,
8200,No relevent experience,4,100-500,NGO,1
617,Has relevent experience,7,1000-4999,Public Sector,1
9457,No relevent experience,20,,,>4
12433,No relevent experience,3,10000+,Pvt Ltd,3
32218,No relevent experience,>20,,,never
29950,No relevent experience,3,,,never
30797,No relevent experience,1,,Pvt Ltd,never
2623,Has relevent experience,4,,,1
18397,No relevent experience,<1,<10,,
29947,Has relevent experience,10,10/49,Funded Startup,1
17126,No relevent experience,3,,,1
3472,Has relevent experience,>20,500-999,Pvt Ltd,>4
14185,Has relevent experience,18,10/49,Pvt Ltd,>4
24518,Has relevent experience,10,10000+,,1
2234,Has relevent experience,8,10000+,Pvt Ltd,1
12849,No relevent experience,3,,,never
12864,Has relevent experience,15,,,1
23650,Has relevent experience,8,50-99,,1
33102,No relevent experience,4,,,1
22850,Has relevent experience,8,50-99,Pvt Ltd,2
13325,Has relevent experience,5,50-99,Pvt Ltd,2
27109,Has relevent experience,>20,50-99,NGO,>4
28826,Has relevent experience,14,500-999,Pvt Ltd,1
3984,Has relevent experience,8,100-500,Pvt Ltd,1
27352,Has relevent experience,9,100-500,Pvt Ltd,3
26838,Has relevent experience,8,,,>4
25577,Has relevent experience,5,1000-4999,Pvt Ltd,1
20549,Has relevent experience,2,<10,Public Sector,2
27174,No relevent experience,10,,,2
16468,Has relevent experience,3,100-500,Funded Startup,1
31522,Has relevent experience,2,<10,Early Stage Startup,1
22335,Has relevent experience,>20,<10,Early Stage Startup,>4
11697,No relevent experience,17,,,>4
10153,No relevent experience,11,,,1
2871,Has relevent experience,4,10000+,Public Sector,3
12530,No relevent experience,5,,,never
4411,No relevent experience,>20,1000-4999,Pvt Ltd,1
19514,Has relevent experience,3,50-99,Early Stage Startup,2
5584,Has relevent experience,4,50-99,Pvt Ltd,1
9297,No relevent experience,1,<10,Pvt Ltd,1
36,No relevent experience,3,<10,Pvt Ltd,2
16031,Has relevent experience,>20,10000+,Pvt Ltd,>4
21928,Has relevent experience,>20,100-500,NGO,1
16868,Has relevent experience,15,10/49,Pvt Ltd,1
15146,Has relevent experience,1,10/49,Pvt Ltd,1
30798,Has relevent experience,9,10000+,Pvt Ltd,2
14550,No relevent experience,<1,50-99,Early Stage Startup,1
23619,No relevent experience,7,,,3
10644,Has relevent experience,<1,50-99,Pvt Ltd,1
14442,Has relevent experience,>20,1000-4999,Pvt Ltd,>4
17345,Has relevent experience,11,50-99,Pvt Ltd,>4
2334,No relevent experience,7,100-500,Pvt Ltd,1
11938,No relevent experience,11,,,1
8948,Has relevent experience,12,500-999,Public Sector,1
6454,Has relevent experience,12,100-500,Pvt Ltd,1
24036,No relevent experience,9,,,never
11587,Has relevent experience,10,1000-4999,,2
23118,No relevent experience,<1,,,never
16572,Has relevent experience,4,50-99,Pvt Ltd,never
21880,Has relevent experience,14,<10,Pvt Ltd,1
25625,Has relevent experience,15,,,2
8804,Has relevent experience,7,,,never
24207,Has relevent experience,11,1000-4999,Pvt Ltd,1
28213,No relevent experience,2,,,1
27250,Has relevent experience,7,,,3
26901,Has relevent experience,3,50-99,Pvt Ltd,1
18011,Has relevent experience,7,,,1
9285,Has relevent experience,7,100-500,,2
32588,Has relevent experience,10,1000-4999,Pvt Ltd,1
18634,Has relevent experience,10,500-999,Pvt Ltd,>4
8569,No relevent experience,4,,,1
29935,Has relevent experience,4,10/49,Pvt Ltd,1
31500,Has relevent experience,>20,100-500,Pvt Ltd,1
32217,No relevent experience,9,50-99,Pvt Ltd,1
26475,No relevent experience,3,,,2
31989,Has relevent experience,>20,,,>4
14374,No relevent experience,4,100-500,Public Sector,1
29107,Has relevent experience,>20,100-500,Public Sector,1
26729,Has relevent experience,17,50-99,Pvt Ltd,1
29060,Has relevent experience,17,10000+,Pvt Ltd,>4
11376,Has relevent experience,16,50-99,Funded Startup,4
30416,No relevent experience,6,,,never
28135,Has relevent experience,>20,,,never
4966,No relevent experience,4,,,never
10622,No relevent experience,1,100-500,Public Sector,1
11854,No relevent experience,1,<10,NGO,1
21175,Has relevent experience,11,100-500,Pvt Ltd,1
32253,Has relevent experience,10,10000+,Pvt Ltd,4
24541,No relevent experience,3,50-99,Pvt Ltd,1
5248,No relevent experience,5,,Pvt Ltd,never
21678,Has relevent experience,>20,50-99,Pvt Ltd,>4
32121,Has relevent experience,15,50-99,Pvt Ltd,1
22242,Has relevent experience,7,5000-9999,Public Sector,>4
16946,Has relevent experience,14,100-500,Public Sector,2
27397,No relevent experience,8,,,never
11978,Has relevent experience,10,,,1
16730,Has relevent experience,17,<10,Pvt Ltd,>4
10785,Has relevent experience,>20,,,1
15888,Has relevent experience,2,50-99,Pvt Ltd,2
5223,Has relevent experience,7,100-500,NGO,1
24150,No relevent experience,4,5000-9999,Pvt Ltd,4
32721,Has relevent experience,7,,Public Sector,
891,No relevent experience,12,1000-4999,Pvt Ltd,never
2899,Has relevent experience,4,,,4
18297,No relevent experience,6,10000+,,>4
3801,Has relevent experience,5,5000-9999,Pvt Ltd,>4
31235,No relevent experience,2,,Pvt Ltd,never
25,Has relevent experience,>20,,Pvt Ltd,1
20030,Has relevent experience,13,100-500,Pvt Ltd,1
12544,Has relevent experience,4,50-99,Funded Startup,1
30325,Has relevent experience,3,50-99,Pvt Ltd,never
10533,Has relevent experience,5,100-500,Other,3
11543,No relevent experience,14,500-999,Pvt Ltd,3
12746,Has relevent experience,>20,100-500,Pvt Ltd,>4
19578,Has relevent experience,1,10/49,,1
1579,Has relevent experience,6,,,1
9210,Has relevent experience,7,<10,Early Stage Startup,1
420,No relevent experience,7,,Pvt Ltd,never
19613,Has relevent experience,7,50-99,Pvt Ltd,4
27273,Has relevent experience,11,10000+,Pvt Ltd,1
30062,No relevent experience,15,50-99,Public Sector,3
1900,No relevent experience,14,,Pvt Ltd,never
7003,Has relevent experience,10,1000-4999,Public Sector,1
30425,Has relevent experience,19,<10,Pvt Ltd,1
21357,Has relevent experience,5,10000+,Pvt Ltd,never
27477,Has relevent experience,14,50-99,Pvt Ltd,1
24713,Has relevent experience,>20,,,3
29144,Has relevent experience,3,500-999,Pvt Ltd,1
31168,Has relevent experience,9,50-99,Pvt Ltd,>4
6676,Has relevent experience,9,5000-9999,Pvt Ltd,1
27948,Has relevent experience,15,100-500,Pvt Ltd,>4
10459,Has relevent experience,5,50-99,Pvt Ltd,never
27666,Has relevent experience,9,<10,Early Stage Startup,2
11993,Has relevent experience,8,10000+,Pvt Ltd,2
7634,Has relevent experience,>20,10000+,Pvt Ltd,1
8516,Has relevent experience,5,10000+,Pvt Ltd,1
7841,Has relevent experience,5,50-99,,1
2910,Has relevent experience,14,50-99,Funded Startup,3
6047,No relevent experience,4,100-500,Pvt Ltd,2
18755,Has relevent experience,8,50-99,Pvt Ltd,2
31647,Has relevent experience,5,,,2
14088,No relevent experience,4,,,never
7694,Has relevent experience,>20,100-500,Pvt Ltd,>4
7444,Has relevent experience,7,,,2
24752,Has relevent experience,>20,,,>4
16771,Has relevent experience,2,100-500,Early Stage Startup,1
23944,Has relevent experience,19,500-999,Pvt Ltd,1
20230,Has relevent experience,15,100-500,Funded Startup,2
19712,Has relevent experience,15,,Public Sector,4
7878,No relevent experience,3,,,never
23897,No relevent experience,10,10/49,Pvt Ltd,1
11873,No relevent experience,14,100-500,Public Sector,never
31080,Has relevent experience,9,100-500,Pvt Ltd,2
24578,No relevent experience,2,,,1
325,No relevent experience,10,,,never
316,Has relevent experience,3,,Pvt Ltd,never
26293,Has relevent experience,16,5000-9999,Pvt Ltd,1
25874,No relevent experience,16,50-99,,2
13069,Has relevent experience,9,5000-9999,Pvt Ltd,4
18221,Has relevent experience,12,50-99,,2
16147,Has relevent experience,20,1000-4999,Pvt Ltd,>4
16315,Has relevent experience,>20,,,2
11880,No relevent experience,2,,,1
13260,Has relevent experience,8,100-500,Pvt Ltd,2
13613,Has relevent experience,4,<10,Early Stage Startup,1
27680,Has relevent experience,>20,500-999,Pvt Ltd,1
23312,Has relevent experience,3,,Pvt Ltd,1
31085,Has relevent experience,>20,50-99,Pvt Ltd,2
15068,No relevent experience,2,,,1
10148,Has relevent experience,11,10/49,Pvt Ltd,4
27992,Has relevent experience,9,,,>4
27256,No relevent experience,<1,10000+,Pvt Ltd,1
1259,Has relevent experience,7,10/49,Early Stage Startup,>4
13262,Has relevent experience,10,,,never
24408,No relevent experience,4,,,never
25662,Has relevent experience,>20,100-500,Pvt Ltd,1
10385,Has relevent experience,>20,10000+,Pvt Ltd,>4
16665,Has relevent experience,11,,,>4
11157,Has relevent experience,>20,1000-4999,Pvt Ltd,3
8030,No relevent experience,5,,,1
25221,Has relevent experience,8,50-99,Funded Startup,never
1287,Has relevent experience,>20,100-500,Pvt Ltd,2
7940,Has relevent experience,9,10/49,Pvt Ltd,1
17060,No relevent experience,1,,,never
29555,Has relevent experience,16,,,4
473,No relevent experience,2,,Pvt Ltd,never
26124,Has relevent experience,>20,<10,Pvt Ltd,4
7083,Has relevent experience,>20,10000+,Pvt Ltd,3
30246,No relevent experience,8,,,3
27911,Has relevent experience,9,10000+,Pvt Ltd,1
11255,Has relevent experience,>20,,,>4
30528,Has relevent experience,3,5000-9999,Pvt Ltd,1
25988,Has relevent experience,17,100-500,Pvt Ltd,>4
24409,No relevent experience,1,,,1
27111,No relevent experience,8,,,never
12449,Has relevent experience,4,,,
17051,Has relevent experience,>20,,,1
12518,Has relevent experience,11,1000-4999,Pvt Ltd,1
17266,Has relevent experience,9,<10,Early Stage Startup,1
6558,Has relevent experience,4,50-99,Pvt Ltd,1
9882,Has relevent experience,>20,50-99,Pvt Ltd,1
5214,Has relevent experience,6,50-99,Funded Startup,1
17260,Has relevent experience,<1,,,>4
14415,No relevent experience,2,,,never
21745,Has relevent experience,1,100-500,Pvt Ltd,1
9547,Has relevent experience,14,50-99,NGO,>4
33333,Has relevent experience,5,,,1
27349,No relevent experience,1,10/49,Pvt Ltd,never
23522,Has relevent experience,8,10000+,,4
26369,Has relevent experience,2,,,1
9880,Has relevent experience,5,10/49,Funded Startup,1
11775,Has relevent experience,>20,10/49,Pvt Ltd,3
26774,Has relevent experience,14,<10,Funded Startup,1
21832,Has relevent experience,2,10000+,Pvt Ltd,never
17467,Has relevent experience,>20,,Pvt Ltd,>4
3166,Has relevent experience,11,,,1
10361,Has relevent experience,>20,<10,Pvt Ltd,never
838,Has relevent experience,11,100-500,Pvt Ltd,>4
25772,Has relevent experience,1,50-99,Funded Startup,1
460,No relevent experience,3,,,3
2831,Has relevent experience,8,,,1
29751,Has relevent experience,>20,10/49,Pvt Ltd,>4
13692,Has relevent experience,12,50-99,Pvt Ltd,1
14959,Has relevent experience,13,,,2
1369,Has relevent experience,7,10000+,Pvt Ltd,1
12286,No relevent experience,>20,,,>4
25674,Has relevent experience,6,10/49,Pvt Ltd,4
30210,Has relevent experience,2,100-500,Pvt Ltd,2
31160,Has relevent experience,10,100-500,Pvt Ltd,1
15489,Has relevent experience,14,,,
11375,Has relevent experience,11,100-500,Pvt Ltd,1
17135,Has relevent experience,5,,,1
19029,Has relevent experience,8,10000+,Pvt Ltd,>4
25040,Has relevent experience,4,10/49,Pvt Ltd,2
10091,No relevent experience,5,,,never
5071,Has relevent experience,17,,,1
12418,Has relevent experience,>20,10/49,Pvt Ltd,1
16754,Has relevent experience,>20,100-500,Pvt Ltd,>4
27012,Has relevent experience,3,100-500,Pvt Ltd,1
28750,Has relevent experience,>20,,,>4
26371,Has relevent experience,8,,,3
19835,No relevent experience,5,50-99,Pvt Ltd,1
4647,No relevent experience,3,,,never
4724,No relevent experience,8,,Pvt Ltd,never
25219,Has relevent experience,11,10/49,Pvt Ltd,>4
16235,No relevent experience,11,10000+,Public Sector,1
22621,Has relevent experience,5,,,1
6142,Has relevent experience,>20,500-999,Pvt Ltd,>4
32760,No relevent experience,4,,,never
15503,No relevent experience,2,,,1
5055,No relevent experience,4,,Pvt Ltd,never
2981,Has relevent experience,17,50-99,Pvt Ltd,>4
16543,Has relevent experience,>20,,,never
13179,Has relevent experience,10,50-99,Pvt Ltd,1
32628,Has relevent experience,7,,,1
33250,Has relevent experience,>20,,,1
4127,Has relevent experience,10,10000+,Pvt Ltd,2
22454,Has relevent experience,8,10000+,Pvt Ltd,2
3265,No relevent experience,14,,Public Sector,1
773,Has relevent experience,15,1000-4999,Pvt Ltd,1
5382,Has relevent experience,>20,100-500,Pvt Ltd,>4
7509,Has relevent experience,>20,10000+,Pvt Ltd,>4
22821,Has relevent experience,6,100-500,Public Sector,3
32991,Has relevent experience,5,50-99,Pvt Ltd,1
33296,Has relevent experience,10,<10,Pvt Ltd,1
19414,Has relevent experience,14,10000+,Pvt Ltd,1
22771,No relevent experience,6,,Pvt Ltd,1
10491,Has relevent experience,8,50-99,Pvt Ltd,1
14559,Has relevent experience,2,<10,Pvt Ltd,2
16151,Has relevent experience,16,100-500,,
28023,No relevent experience,12,500-999,NGO,1
9632,No relevent experience,8,50-99,Public Sector,1
31817,Has relevent experience,16,100-500,Pvt Ltd,3
22419,Has relevent experience,5,,,>4
8006,Has relevent experience,>20,10/49,Pvt Ltd,1
16647,Has relevent experience,19,100-500,Pvt Ltd,2
31041,Has relevent experience,12,100-500,Pvt Ltd,1
2996,No relevent experience,6,<10,Pvt Ltd,3
26772,Has relevent experience,3,50-99,,1
3895,Has relevent experience,>20,,,>4
22030,No relevent experience,4,,,
164,Has relevent experience,5,10/49,Funded Startup,never
6229,No relevent experience,1,10/49,Funded Startup,1
11298,Has relevent experience,6,,,1
25813,No relevent experience,2,100-500,Public Sector,1
4738,No relevent experience,<1,,,
26330,Has relevent experience,12,,,1
4662,No relevent experience,18,,,1
16581,Has relevent experience,>20,10/49,Pvt Ltd,2
7658,Has relevent experience,4,<10,Pvt Ltd,1
17349,No relevent experience,3,,,never
20488,Has relevent experience,7,50-99,Pvt Ltd,1
18609,Has relevent experience,8,10/49,Pvt Ltd,4
7254,Has relevent experience,4,500-999,Pvt Ltd,1
15795,Has relevent experience,14,<10,Pvt Ltd,1
24879,Has relevent experience,5,1000-4999,Pvt Ltd,1
24620,Has relevent experience,>20,,,1
12753,Has relevent experience,8,10000+,Pvt Ltd,1
13380,Has relevent experience,>20,10/49,Pvt Ltd,1
32729,Has relevent experience,6,10/49,Pvt Ltd,4
20234,No relevent experience,8,,,1
30289,Has relevent experience,11,500-999,Public Sector,>4
32317,No relevent experience,6,,NGO,1
1357,Has relevent experience,7,100-500,Pvt Ltd,2
30069,No relevent experience,7,,,>4
27755,No relevent experience,3,,,1
8640,Has relevent experience,9,1000-4999,NGO,
29179,Has relevent experience,>20,10/49,Pvt Ltd,4
17411,Has relevent experience,6,,,1
2632,No relevent experience,>20,<10,Pvt Ltd,>4
20998,No relevent experience,>20,,,3
6571,Has relevent experience,11,50-99,Pvt Ltd,1
19789,Has relevent experience,13,50-99,Pvt Ltd,>4
31885,No relevent experience,15,100-500,Public Sector,>4
15784,Has relevent experience,>20,50-99,Pvt Ltd,>4
8928,Has relevent experience,18,10/49,Pvt Ltd,2
19185,Has relevent experience,14,10/49,Pvt Ltd,4
21131,Has relevent experience,4,10000+,,2
13376,Has relevent experience,19,10000+,Pvt Ltd,2
19304,Has relevent experience,11,,,never
32408,No relevent experience,5,,Pvt Ltd,never
29721,No relevent experience,7,10/49,Pvt Ltd,1
14084,No relevent experience,6,,NGO,3
15919,Has relevent experience,<1,50-99,Pvt Ltd,1
2254,Has relevent experience,6,50-99,Pvt Ltd,1
4873,No relevent experience,4,,Pvt Ltd,never
28868,No relevent experience,3,,,1
29980,Has relevent experience,9,10/49,Funded Startup,1
18641,Has relevent experience,11,1000-4999,Other,2
14313,Has relevent experience,>20,10000+,Pvt Ltd,2
19106,Has relevent experience,15,50-99,Pvt Ltd,>4
28519,Has relevent experience,>20,500-999,Pvt Ltd,1
21895,Has relevent experience,12,10/49,Pvt Ltd,1
22908,Has relevent experience,19,10/49,Pvt Ltd,1
14117,Has relevent experience,6,,,1
21393,Has relevent experience,1,100-500,Pvt Ltd,1
4094,Has relevent experience,14,50-99,Funded Startup,1
16976,Has relevent experience,3,,,2
11715,Has relevent experience,4,10/49,Pvt Ltd,1
23939,No relevent experience,7,10/49,Public Sector,4
31864,No relevent experience,1,,,never
2261,Has relevent experience,12,1000-4999,Pvt Ltd,2
17371,Has relevent experience,6,,,1
16650,Has relevent experience,9,100-500,NGO,1
27129,No relevent experience,4,500-999,Pvt Ltd,2
12247,Has relevent experience,15,50-99,Pvt Ltd,>4
26945,Has relevent experience,8,50-99,Pvt Ltd,1
606,Has relevent experience,8,10/49,Pvt Ltd,1
17119,Has relevent experience,16,,,never
23645,Has relevent experience,10,50-99,Pvt Ltd,2
18173,Has relevent experience,16,<10,Early Stage Startup,4
15387,Has relevent experience,3,500-999,Funded Startup,1
29905,Has relevent experience,12,,,>4
27359,Has relevent experience,9,50-99,Pvt Ltd,3
23482,Has relevent experience,15,1000-4999,Pvt Ltd,>4
29523,No relevent experience,>20,50-99,NGO,1
28164,Has relevent experience,8,,,1
25765,No relevent experience,17,100-500,,4
188,Has relevent experience,18,50-99,Public Sector,3
897,Has relevent experience,8,1000-4999,Pvt Ltd,2
22397,Has relevent experience,>20,10000+,Pvt Ltd,>4
20947,No relevent experience,4,,,never
22434,No relevent experience,2,,,never
32858,Has relevent experience,18,10/49,Early Stage Startup,1
6254,No relevent experience,5,,,never
1128,Has relevent experience,>20,10000+,Pvt Ltd,4
29315,Has relevent experience,5,<10,Early Stage Startup,1
11716,Has relevent experience,9,50-99,Pvt Ltd,2
6395,No relevent experience,3,,,never
23898,Has relevent experience,14,10000+,Pvt Ltd,2
6498,Has relevent experience,>20,10000+,Public Sector,>4
18729,Has relevent experience,13,10000+,Pvt Ltd,2
23717,No relevent experience,>20,50-99,Pvt Ltd,never
30226,Has relevent experience,2,10/49,,1
662,Has relevent experience,10,50-99,NGO,2
26707,Has relevent experience,6,10/49,Funded Startup,1
17468,No relevent experience,1,,,never
30068,Has relevent experience,>20,50-99,NGO,>4
12761,Has relevent experience,10,50-99,Early Stage Startup,1
7664,Has relevent experience,15,50-99,Funded Startup,2
2587,Has relevent experience,4,50-99,Early Stage Startup,1
26079,Has relevent experience,2,1000-4999,Pvt Ltd,1
7574,Has relevent experience,4,100-500,Funded Startup,1
19561,Has relevent experience,5,100-500,Pvt Ltd,2
8621,Has relevent experience,6,10000+,Pvt Ltd,>4
4557,Has relevent experience,10,<10,Pvt Ltd,never
19573,Has relevent experience,11,,,2
272,No relevent experience,6,,,2
20238,No relevent experience,13,,,2
32702,No relevent experience,<1,,,never
1793,Has relevent experience,5,10000+,Pvt Ltd,1
10878,Has relevent experience,2,,,1
18875,Has relevent experience,10,10/49,Early Stage Startup,1
7134,Has relevent experience,8,50-99,,1
30928,Has relevent experience,10,,,1
11254,No relevent experience,2,,,1
12942,No relevent experience,8,,,never
13802,Has relevent experience,>20,100-500,Pvt Ltd,>4
32686,Has relevent experience,8,,,2
16450,Has relevent experience,10,500-999,Pvt Ltd,1
9769,Has relevent experience,5,50-99,Pvt Ltd,2
23695,No relevent experience,3,,,never
4254,Has relevent experience,5,50-99,Pvt Ltd,1
16003,Has relevent experience,>20,50-99,Pvt Ltd,>4
23061,No relevent experience,1,<10,Pvt Ltd,never
16352,Has relevent experience,14,50-99,Pvt Ltd,3
31242,Has relevent experience,5,50-99,Pvt Ltd,1
26685,Has relevent experience,17,100-500,Funded Startup,1
13417,Has relevent experience,5,50-99,Pvt Ltd,1
2647,Has relevent experience,4,100-500,Pvt Ltd,1
27807,Has relevent experience,12,50-99,Pvt Ltd,1
28566,No relevent experience,>20,,,2
2967,Has relevent experience,>20,100-500,Pvt Ltd,1
21997,No relevent experience,>20,500-999,Pvt Ltd,never
20667,Has relevent experience,7,<10,Early Stage Startup,1
27656,Has relevent experience,7,10/49,Pvt Ltd,>4
32753,Has relevent experience,3,,,1
15845,Has relevent experience,<1,10/49,Early Stage Startup,1
6584,No relevent experience,7,,,never
12948,No relevent experience,2,,,never
22276,Has relevent experience,5,,,3
21612,Has relevent experience,5,10/49,Pvt Ltd,1
27007,Has relevent experience,>20,,,1
27070,Has relevent experience,>20,1000-4999,Pvt Ltd,>4
14825,Has relevent experience,20,<10,Funded Startup,2
32053,Has relevent experience,5,50-99,Funded Startup,1
18447,Has relevent experience,13,10/49,Funded Startup,2
2856,Has relevent experience,>20,50-99,Pvt Ltd,4
10520,Has relevent experience,>20,1000-4999,Pvt Ltd,1
2203,Has relevent experience,4,10000+,Pvt Ltd,4
13890,Has relevent experience,11,50-99,Pvt Ltd,>4
30693,No relevent experience,16,500-999,Public Sector,>4
11336,Has relevent experience,10,50-99,Pvt Ltd,3
18836,No relevent experience,3,,,never
12650,No relevent experience,3,100-500,Pvt Ltd,3
3332,Has relevent experience,4,10/49,Pvt Ltd,2
12222,Has relevent experience,>20,10000+,Pvt Ltd,2
14167,No relevent experience,3,,,1
17408,Has relevent experience,>20,50-99,Pvt Ltd,2
9946,Has relevent experience,16,10000+,Pvt Ltd,>4
19771,No relevent experience,9,100-500,Pvt Ltd,>4
19736,Has relevent experience,7,50-99,Pvt Ltd,2
11061,No relevent experience,3,,,1
2347,Has relevent experience,10,50-99,Pvt Ltd,1
8461,Has relevent experience,11,100-500,Funded Startup,2
13465,Has relevent experience,11,,,2
19838,No relevent experience,>20,10000+,Pvt Ltd,>4
7795,Has relevent experience,10,100-500,Pvt Ltd,2
5054,Has relevent experience,14,10000+,Pvt Ltd,>4
16638,Has relevent experience,16,10/49,Pvt Ltd,2
5513,No relevent experience,4,10000+,Pvt Ltd,1
15138,Has relevent experience,12,50-99,Pvt Ltd,1
2541,No relevent experience,3,,,never
1244,Has relevent experience,19,1000-4999,Pvt Ltd,1
28967,No relevent experience,5,,,1
21426,Has relevent experience,4,50-99,Pvt Ltd,1
22622,Has relevent experience,4,<10,Pvt Ltd,4
413,Has relevent experience,9,10000+,Pvt Ltd,1
26739,Has relevent experience,>20,5000-9999,Public Sector,>4
14573,No relevent experience,16,,Public Sector,never
5045,Has relevent experience,16,100-500,Funded Startup,1
7336,Has relevent experience,>20,100-500,Funded Startup,2
31231,Has relevent experience,5,100-500,Pvt Ltd,1
29080,No relevent experience,9,,,never
24267,Has relevent experience,13,100-500,Pvt Ltd,1
19933,Has relevent experience,8,50-99,Pvt Ltd,1
32952,No relevent experience,5,,,2
22645,Has relevent experience,5,50-99,Pvt Ltd,4
2638,Has relevent experience,12,50-99,Pvt Ltd,>4
20859,Has relevent experience,16,50-99,Pvt Ltd,4
9472,Has relevent experience,3,10000+,,1
25691,Has relevent experience,14,50-99,Funded Startup,2
1106,Has relevent experience,>20,<10,Pvt Ltd,>4
22365,No relevent experience,9,100-500,Pvt Ltd,1
14251,Has relevent experience,7,100-500,Pvt Ltd,2
2497,Has relevent experience,10,50-99,Funded Startup,>4
31423,Has relevent experience,10,,,2
3067,Has relevent experience,9,500-999,Pvt Ltd,1
4087,Has relevent experience,4,50-99,Pvt Ltd,2
8360,Has relevent experience,9,100-500,Pvt Ltd,2
10543,Has relevent experience,5,10/49,Funded Startup,1
4023,Has relevent experience,5,100-500,NGO,1
306,No relevent experience,2,,,2
11290,Has relevent experience,15,,,1
4238,Has relevent experience,15,,,1
23191,Has relevent experience,8,100-500,Funded Startup,1
11981,Has relevent experience,5,50-99,Pvt Ltd,1
13661,Has relevent experience,11,5000-9999,Pvt Ltd,1
1353,Has relevent experience,4,,,1
4668,Has relevent experience,19,100-500,Pvt Ltd,>4
26597,No relevent experience,9,,,>4
27767,Has relevent experience,6,10000+,Pvt Ltd,1
22832,No relevent experience,<1,,,never
15979,No relevent experience,3,,,1
10511,Has relevent experience,>20,,,>4
28256,No relevent experience,4,50-99,Pvt Ltd,1
14993,Has relevent experience,>20,500-999,Pvt Ltd,>4
15985,Has relevent experience,2,10000+,Pvt Ltd,2
23161,No relevent experience,3,<10,Pvt Ltd,3
17522,No relevent experience,3,50-99,Funded Startup,1
5830,Has relevent experience,13,,,1
24749,Has relevent experience,7,,,1
17857,No relevent experience,4,,,never
14459,Has relevent experience,5,100-500,Pvt Ltd,4
15852,Has relevent experience,2,50-99,Pvt Ltd,2
18924,Has relevent experience,1,,,1
18605,Has relevent experience,6,50-99,Pvt Ltd,
24863,No relevent experience,4,,,2
26813,No relevent experience,2,10000+,Pvt Ltd,1
21098,No relevent experience,4,,,1
16505,Has relevent experience,7,100-500,Pvt Ltd,1
9507,Has relevent experience,16,,,>4
12294,No relevent experience,4,,,never
11424,Has relevent experience,2,,Pvt Ltd,1
18704,Has relevent experience,10,50-99,Funded Startup,2
23092,Has relevent experience,6,10000+,,1
12902,Has relevent experience,4,100-500,Pvt Ltd,1
12547,Has relevent experience,18,,,2
31164,No relevent experience,2,,Pvt Ltd,never
19265,No relevent experience,7,,,1
29397,Has relevent experience,12,100-500,NGO,2
26064,No relevent experience,>20,500-999,NGO,2
11320,Has relevent experience,2,5000-9999,Pvt Ltd,1
3864,Has relevent experience,19,<10,Early Stage Startup,4
22173,No relevent experience,5,5000-9999,Pvt Ltd,>4
32368,Has relevent experience,>20,10/49,Pvt Ltd,>4
12803,Has relevent experience,16,1000-4999,Public Sector,2
11402,Has relevent experience,17,1000-4999,Pvt Ltd,2
23205,Has relevent experience,19,10/49,Pvt Ltd,1
17149,Has relevent experience,3,10/49,Pvt Ltd,2
7995,Has relevent experience,4,100-500,Pvt Ltd,2
13120,No relevent experience,3,,,never
31784,No relevent experience,1,100-500,Public Sector,1
5315,No relevent experience,1,,Pvt Ltd,never
23065,Has relevent experience,7,,,1
23753,Has relevent experience,>20,10000+,Pvt Ltd,1
14097,Has relevent experience,16,5000-9999,Pvt Ltd,1
9898,Has relevent experience,3,50-99,Funded Startup,1
29258,Has relevent experience,8,<10,Pvt Ltd,1
19593,No relevent experience,15,,,>4
28052,Has relevent experience,3,,,2
28947,No relevent experience,16,,,never
17024,Has relevent experience,3,5000-9999,Pvt Ltd,3
8753,Has relevent experience,15,,,4
3217,Has relevent experience,>20,500-999,Pvt Ltd,1
21116,No relevent experience,2,1000-4999,Pvt Ltd,1
13554,Has relevent experience,>20,500-999,Pvt Ltd,>4
766,Has relevent experience,8,,,
12683,No relevent experience,<1,100-500,Funded Startup,1
690,No relevent experience,4,,Pvt Ltd,never
5394,No relevent experience,5,,,1
12172,Has relevent experience,6,,,1
13810,No relevent experience,1,,,never
17867,No relevent experience,>20,,,never
25192,Has relevent experience,4,100-500,Pvt Ltd,1
7671,No relevent experience,13,,,1
21495,Has relevent experience,4,<10,Pvt Ltd,3
6783,Has relevent experience,10,<10,Pvt Ltd,>4
148,Has relevent experience,13,100-500,Pvt Ltd,1
30754,Has relevent experience,4,100-500,Pvt Ltd,1
18576,Has relevent experience,4,50-99,Pvt Ltd,1
10986,Has relevent experience,10,100-500,Pvt Ltd,>4
29926,No relevent experience,3,,,
1760,Has relevent experience,10,10000+,Pvt Ltd,2
25067,Has relevent experience,11,<10,Pvt Ltd,>4
13055,No relevent experience,<1,,,2
7824,Has relevent experience,15,<10,,1
16410,No relevent experience,2,10/49,NGO,2
2504,Has relevent experience,>20,<10,Pvt Ltd,>4
12494,Has relevent experience,7,,,1
19088,Has relevent experience,4,50-99,Pvt Ltd,2
17749,Has relevent experience,15,50-99,,1
23174,No relevent experience,<1,,,
9427,Has relevent experience,17,1000-4999,Pvt Ltd,>4
2822,Has relevent experience,10,100-500,Public Sector,2
17868,Has relevent experience,10,50-99,Pvt Ltd,>4
32277,No relevent experience,2,<10,Early Stage Startup,never
15002,Has relevent experience,2,10/49,Pvt Ltd,1
21858,No relevent experience,4,,,1
1715,Has relevent experience,>20,50-99,Pvt Ltd,never
22738,Has relevent experience,5,1000-4999,Pvt Ltd,4
14463,No relevent experience,3,100-500,Pvt Ltd,3
19906,No relevent experience,>20,,,>4
15435,No relevent experience,6,50-99,NGO,2
29887,Has relevent experience,>20,10/49,Pvt Ltd,>4
19720,No relevent experience,1,,,1
26678,Has relevent experience,12,,,>4
29412,Has relevent experience,9,10000+,Pvt Ltd,2
14017,Has relevent experience,5,50-99,Pvt Ltd,1
23324,Has relevent experience,4,1000-4999,Pvt Ltd,1
26725,Has relevent experience,>20,,,never
10111,Has relevent experience,8,100-500,Funded Startup,3
9060,Has relevent experience,>20,,,1
5533,No relevent experience,17,,,1
12422,Has relevent experience,6,10/49,Pvt Ltd,1
25111,Has relevent experience,5,500-999,Pvt Ltd,4
18639,Has relevent experience,3,50-99,Pvt Ltd,1
20110,Has relevent experience,2,10/49,Pvt Ltd,1
7127,Has relevent experience,6,50-99,NGO,1
23509,Has relevent experience,>20,<10,Funded Startup,1
19748,Has relevent experience,6,10/49,,1
19837,Has relevent experience,>20,10000+,Pvt Ltd,>4
25873,No relevent experience,3,<10,Pvt Ltd,1
23276,No relevent experience,9,,,never
16356,No relevent experience,3,,,never
24501,Has relevent experience,2,50-99,Early Stage Startup,1
19513,No relevent experience,11,50-99,Pvt Ltd,2
10812,Has relevent experience,4,10000+,Pvt Ltd,2
20353,Has relevent experience,15,10/49,Pvt Ltd,1
9963,Has relevent experience,5,5000-9999,,3
25929,Has relevent experience,6,50-99,Pvt Ltd,1
27081,Has relevent experience,9,10/49,Pvt Ltd,>4
20195,Has relevent experience,>20,100-500,Pvt Ltd,>4
3362,No relevent experience,5,,,never
8470,Has relevent experience,,500-999,Pvt Ltd,
30460,Has relevent experience,7,,,1
14509,Has relevent experience,5,,Pvt Ltd,>4
4010,Has relevent experience,>20,<10,Pvt Ltd,>4
25780,Has relevent experience,9,,,3
12267,No relevent experience,>20,50-99,Pvt Ltd,1
9126,No relevent experience,15,,,never
27812,No relevent experience,4,,,4
16296,No relevent experience,4,,,never
27341,No relevent experience,5,,,never
28022,Has relevent experience,1,10/49,Pvt Ltd,1
1980,Has relevent experience,<1,<10,Pvt Ltd,
27618,No relevent experience,9,100-500,Public Sector,1
26480,Has relevent experience,>20,,,1
18876,Has relevent experience,>20,100-500,Pvt Ltd,1
452,Has relevent experience,14,100-500,Pvt Ltd,2
28227,No relevent experience,6,,,never
30637,Has relevent experience,5,10000+,Pvt Ltd,2
26413,Has relevent experience,8,500-999,Pvt Ltd,1
21292,Has relevent experience,5,500-999,Public Sector,4
6843,Has relevent experience,10,50-99,,1
649,Has relevent experience,4,100-500,Funded Startup,2
26442,Has relevent experience,3,50-99,Public Sector,2
11067,Has relevent experience,7,5000-9999,Public Sector,2
22761,No relevent experience,15,5000-9999,Public Sector,3
31172,Has relevent experience,10,50-99,Pvt Ltd,1
12010,No relevent experience,18,,,>4
32195,Has relevent experience,13,50-99,Pvt Ltd,4
2927,No relevent experience,2,,,1
16926,No relevent experience,5,500-999,Pvt Ltd,1
13268,Has relevent experience,8,100-500,Pvt Ltd,1
9774,Has relevent experience,8,1000-4999,Pvt Ltd,4
23440,No relevent experience,1,,,never
33312,Has relevent experience,7,10000+,Pvt Ltd,never
21674,Has relevent experience,4,,,1
11524,Has relevent experience,3,,,2
25591,Has relevent experience,2,10000+,Pvt Ltd,2
6035,Has relevent experience,>20,5000-9999,Pvt Ltd,1
28392,Has relevent experience,10,10000+,Pvt Ltd,>4
8988,Has relevent experience,5,,,2
3481,Has relevent experience,11,5000-9999,Pvt Ltd,2
20004,Has relevent experience,3,100-500,Public Sector,3
2804,No relevent experience,3,,,never
13393,Has relevent experience,12,500-999,,2
10388,Has relevent experience,2,10/49,Pvt Ltd,1
14395,Has relevent experience,>20,,,2
11784,Has relevent experience,9,50-99,Funded Startup,1
20525,No relevent experience,<1,,,1
10542,Has relevent experience,13,5000-9999,NGO,1
26657,Has relevent experience,14,50-99,Pvt Ltd,4
19579,Has relevent experience,3,50-99,Pvt Ltd,1
10181,Has relevent experience,11,,,1
30681,Has relevent experience,17,5000-9999,Pvt Ltd,1
7455,Has relevent experience,15,,,2
28635,Has relevent experience,8,1000-4999,Pvt Ltd,never
20586,Has relevent experience,2,,,1
7262,No relevent experience,6,,Public Sector,
3649,Has relevent experience,>20,,Public Sector,>4
21271,No relevent experience,4,,,1
24276,Has relevent experience,6,,,1
17443,Has relevent experience,9,50-99,Pvt Ltd,>4
481,No relevent experience,9,,,1
29505,Has relevent experience,19,,,>4
18137,Has relevent experience,6,50-99,Pvt Ltd,>4
20990,Has relevent experience,2,50-99,Pvt Ltd,1
6820,Has relevent experience,8,500-999,Public Sector,2
8090,Has relevent experience,10,50-99,Pvt Ltd,>4
24339,Has relevent experience,7,100-500,Pvt Ltd,1
21382,Has relevent experience,>20,100-500,Pvt Ltd,3
11727,Has relevent experience,4,,,1
32751,Has relevent experience,>20,<10,Pvt Ltd,never
4843,Has relevent experience,12,10/49,Early Stage Startup,1
33344,Has relevent experience,6,,,1
5072,No relevent experience,1,,,
25425,No relevent experience,4,10000+,Pvt Ltd,1
21222,Has relevent experience,19,,,3
30058,Has relevent experience,>20,1000-4999,Pvt Ltd,>4
4961,No relevent experience,2,,,never
13033,Has relevent experience,14,10/49,Funded Startup,2
28760,Has relevent experience,20,5000-9999,Pvt Ltd,1
10880,No relevent experience,2,,,never
22648,Has relevent experience,>20,50-99,Pvt Ltd,
22788,No relevent experience,1,,,never
13360,Has relevent experience,16,,,>4
5812,No relevent experience,4,,,never
9440,No relevent experience,2,,,
6977,Has relevent experience,11,50-99,Pvt Ltd,1
12346,Has relevent experience,5,100-500,Pvt Ltd,never
16473,Has relevent experience,>20,50-99,Early Stage Startup,2
18331,Has relevent experience,3,,,never
23159,Has relevent experience,8,,,1
4466,Has relevent experience,3,<10,Early Stage Startup,
10262,No relevent experience,5,,,never
27888,Has relevent experience,10,100-500,Pvt Ltd,1
32489,Has relevent experience,12,,,>4
29821,Has relevent experience,13,50-99,Funded Startup,2
493,No relevent experience,2,,,never
20581,Has relevent experience,1,10/49,Public Sector,1
24905,Has relevent experience,4,50-99,Pvt Ltd,1
20226,No relevent experience,7,,,
32196,No relevent experience,9,,Public Sector,>4
8714,No relevent experience,6,,,>4
26098,Has relevent experience,10,100-500,NGO,>4
17624,Has relevent experience,16,10000+,Pvt Ltd,3
28636,Has relevent experience,11,100-500,Pvt Ltd,3
24885,Has relevent experience,3,100-500,Pvt Ltd,1
6186,Has relevent experience,13,50-99,Pvt Ltd,4
8120,Has relevent experience,4,100-500,,2
19472,Has relevent experience,>20,10/49,Pvt Ltd,>4
15932,Has relevent experience,>20,,,>4
712,No relevent experience,3,,,3
22093,Has relevent experience,>20,100-500,Pvt Ltd,1
6906,Has relevent experience,13,50-99,Public Sector,1
6279,Has relevent experience,18,1000-4999,Public Sector,2
28013,Has relevent experience,5,50-99,,1
11117,Has relevent experience,16,,,1
19401,Has relevent experience,6,50-99,Pvt Ltd,1
4846,Has relevent experience,>20,100-500,Pvt Ltd,
8662,Has relevent experience,14,,,2
10458,Has relevent experience,>20,,,3
2945,Has relevent experience,4,100-500,NGO,1
7905,No relevent experience,<1,,,never
16278,Has relevent experience,>20,,,>4
25539,Has relevent experience,9,500-999,Public Sector,2
5253,No relevent experience,2,,,never
27928,Has relevent experience,6,50-99,Pvt Ltd,1
10643,Has relevent experience,>20,<10,Pvt Ltd,>4
25505,Has relevent experience,18,,Public Sector,2
7022,Has relevent experience,2,50-99,Pvt Ltd,never
1468,Has relevent experience,3,50-99,Other,2
11333,Has relevent experience,>20,100-500,Public Sector,>4
4529,No relevent experience,6,,,1
10178,Has relevent experience,10,100-500,NGO,1
30689,Has relevent experience,15,<10,Pvt Ltd,1
13947,No relevent experience,6,,,
7569,Has relevent experience,>20,,,>4
940,Has relevent experience,18,50-99,Pvt Ltd,>4
10000,Has relevent experience,1,,Public Sector,1
15815,Has relevent experience,12,50-99,Funded Startup,1
26738,Has relevent experience,13,10000+,Pvt Ltd,1
26220,Has relevent experience,>20,5000-9999,Pvt Ltd,3
28756,Has relevent experience,>20,5000-9999,Pvt Ltd,>4
5170,Has relevent experience,7,10000+,Pvt Ltd,2
20203,Has relevent experience,15,<10,Pvt Ltd,1
28544,Has relevent experience,19,50-99,Pvt Ltd,4
12797,Has relevent experience,4,,,1
28079,Has relevent experience,1,10/49,Pvt Ltd,1
285,Has relevent experience,>20,10000+,Pvt Ltd,2
5216,No relevent experience,3,,,never
8258,No relevent experience,2,10000+,Pvt Ltd,never
24984,Has relevent experience,6,10000+,Pvt Ltd,3
1649,Has relevent experience,16,10000+,Pvt Ltd,>4
30384,No relevent experience,12,10000+,Pvt Ltd,2
10244,Has relevent experience,4,<10,Pvt Ltd,1
13341,Has relevent experience,4,1000-4999,Pvt Ltd,1
27727,Has relevent experience,8,,,1
8633,No relevent experience,5,,,1
13715,No relevent experience,9,10000+,,1
6034,Has relevent experience,3,50-99,Public Sector,
28315,Has relevent experience,7,50-99,Funded Startup,1
31426,Has relevent experience,>20,,,>4
9263,Has relevent experience,10,10/49,Pvt Ltd,4
19500,Has relevent experience,>20,500-999,Pvt Ltd,1
14162,No relevent experience,11,,,2
7571,Has relevent experience,>20,10000+,Pvt Ltd,4
9365,Has relevent experience,15,<10,Pvt Ltd,>4
5218,Has relevent experience,19,1000-4999,Pvt Ltd,1
6185,Has relevent experience,>20,,Pvt Ltd,>4
31139,No relevent experience,11,100-500,Pvt Ltd,2
9904,Has relevent experience,>20,100-500,Pvt Ltd,3
19950,Has relevent experience,>20,50-99,Pvt Ltd,>4
33003,Has relevent experience,15,50-99,Pvt Ltd,1
9218,Has relevent experience,4,,,1
10291,Has relevent experience,14,<10,Pvt Ltd,2
25392,No relevent experience,>20,1000-4999,Pvt Ltd,>4
27178,Has relevent experience,7,50-99,Pvt Ltd,1
15886,Has relevent experience,>20,100-500,Pvt Ltd,>4
31016,Has relevent experience,6,<10,Funded Startup,2
8022,No relevent experience,2,,,1
10494,Has relevent experience,10,100-500,Pvt Ltd,1
32782,Has relevent experience,17,10000+,Other,1
2449,Has relevent experience,9,50-99,Pvt Ltd,3
27195,Has relevent experience,15,500-999,Pvt Ltd,>4
29301,Has relevent experience,>20,100-500,Other,>4
13263,Has relevent experience,>20,1000-4999,Pvt Ltd,>4
12733,Has relevent experience,>20,10/49,Pvt Ltd,3
2035,Has relevent experience,10,,,3
7042,No relevent experience,8,<10,Early Stage Startup,2
5667,Has relevent experience,2,50-99,Funded Startup,1
32458,Has relevent experience,7,500-999,Pvt Ltd,2
3778,Has relevent experience,14,50-99,Early Stage Startup,4
15996,Has relevent experience,>20,1000-4999,Public Sector,3
14877,Has relevent experience,16,10000+,Pvt Ltd,>4
23420,Has relevent experience,6,10/49,Other,2
23263,No relevent experience,4,,,never
10084,Has relevent experience,>20,100-500,Pvt Ltd,>4
11947,Has relevent experience,>20,,,>4
19801,No relevent experience,9,,,2
15475,Has relevent experience,>20,10000+,Pvt Ltd,never
12870,Has relevent experience,2,1000-4999,Pvt Ltd,2
14391,Has relevent experience,5,1000-4999,Pvt Ltd,1
11896,No relevent experience,7,,,1
7310,No relevent experience,4,,,3
15523,Has relevent experience,5,10/49,Pvt Ltd,2
25938,Has relevent experience,18,100-500,Pvt Ltd,>4
20630,Has relevent experience,7,10/49,Pvt Ltd,>4
9942,No relevent experience,7,,,never
10736,Has relevent experience,<1,,,>4
3200,Has relevent experience,>20,,,4
4695,Has relevent experience,6,<10,,3
7415,No relevent experience,5,,,>4
19047,Has relevent experience,11,<10,Pvt Ltd,1
27555,Has relevent experience,>20,,,1
11214,Has relevent experience,>20,50-99,Pvt Ltd,1
900,Has relevent experience,4,10/49,Pvt Ltd,3
4175,Has relevent experience,5,100-500,Public Sector,>4
31113,No relevent experience,7,,,1
12285,Has relevent experience,>20,,,never
32226,Has relevent experience,12,1000-4999,Pvt Ltd,2
2655,Has relevent experience,<1,<10,Early Stage Startup,1
4565,No relevent experience,9,,Pvt Ltd,never
16427,No relevent experience,6,,,never
6323,Has relevent experience,3,1000-4999,,1
1656,No relevent experience,10,10000+,Pvt Ltd,1
13977,Has relevent experience,15,100-500,Pvt Ltd,>4
19515,No relevent experience,5,,,never
25932,Has relevent experience,8,1000-4999,,1
31924,Has relevent experience,7,<10,Pvt Ltd,1
33257,No relevent experience,>20,,,2
23151,Has relevent experience,5,1000-4999,Other,1
10294,Has relevent experience,4,100-500,Pvt Ltd,4
25130,Has relevent experience,3,100-500,Pvt Ltd,2
31716,No relevent experience,2,,Pvt Ltd,never
28892,Has relevent experience,4,500-999,Pvt Ltd,2
15642,Has relevent experience,>20,1000-4999,Pvt Ltd,>4
12326,Has relevent experience,>20,<10,Funded Startup,1
26292,Has relevent experience,>20,50-99,Pvt Ltd,2
25913,Has relevent experience,9,10000+,Pvt Ltd,2
10745,Has relevent experience,9,100-500,Funded Startup,3
5760,Has relevent experience,5,50-99,Pvt Ltd,1
3937,Has relevent experience,10,10/49,Funded Startup,1
26831,No relevent experience,3,,,never
12929,Has relevent experience,2,<10,Pvt Ltd,1
31523,Has relevent experience,11,50-99,Pvt Ltd,1
10962,No relevent experience,>20,10000+,NGO,>4
16406,Has relevent experience,6,10/49,Pvt Ltd,1
31424,No relevent experience,10,,,1
414,Has relevent experience,>20,50-99,Pvt Ltd,>4
1740,Has relevent experience,18,50-99,Funded Startup,4
24802,Has relevent experience,18,10/49,Pvt Ltd,never
24890,No relevent experience,2,<10,NGO,1
693,No relevent experience,2,,Pvt Ltd,never
26434,No relevent experience,3,,,1
25830,Has relevent experience,>20,,,>4
14265,Has relevent experience,3,,,1
12329,Has relevent experience,>20,100-500,Funded Startup,1
27170,No relevent experience,<1,,,2
19627,Has relevent experience,>20,10/49,Pvt Ltd,4
11513,Has relevent experience,9,50-99,Pvt Ltd,3
31895,No relevent experience,5,,,1
11695,Has relevent experience,>20,<10,Pvt Ltd,>4
25387,No relevent experience,<1,,,
19757,Has relevent experience,>20,10000+,Pvt Ltd,>4
15322,Has relevent experience,>20,50-99,Pvt Ltd,>4
9536,Has relevent experience,9,100-500,Pvt Ltd,never
7307,Has relevent experience,>20,5000-9999,Pvt Ltd,>4
22768,Has relevent experience,>20,100-500,Pvt Ltd,1
5121,No relevent experience,5,,Public Sector,1
16750,Has relevent experience,>20,,,>4
25337,Has relevent experience,11,50-99,Pvt Ltd,1
1759,No relevent experience,2,10000+,Pvt Ltd,1
20638,Has relevent experience,2,100-500,Pvt Ltd,1
25470,Has relevent experience,>20,<10,Pvt Ltd,3
26173,No relevent experience,<1,,,never
9773,Has relevent experience,>20,<10,Early Stage Startup,4
10513,No relevent experience,2,,,2
22916,No relevent experience,>20,10000+,Pvt Ltd,3
4496,Has relevent experience,6,50-99,Pvt Ltd,1
31176,Has relevent experience,8,50-99,Pvt Ltd,>4
2426,Has relevent experience,11,100-500,,>4
24302,Has relevent experience,18,10/49,Funded Startup,2
23805,Has relevent experience,20,500-999,Pvt Ltd,2
4827,No relevent experience,7,,Pvt Ltd,never
33141,Has relevent experience,10,10/49,Pvt Ltd,2
20531,Has relevent experience,18,5000-9999,Pvt Ltd,>4
3178,Has relevent experience,11,10000+,Pvt Ltd,>4
33349,No relevent experience,2,10/49,Early Stage Startup,2
9589,Has relevent experience,14,10000+,Pvt Ltd,>4
489,Has relevent experience,>20,,,never
26973,Has relevent experience,5,10000+,Pvt Ltd,1
8671,Has relevent experience,5,<10,,1
2214,Has relevent experience,>20,5000-9999,Pvt Ltd,3
6681,Has relevent experience,7,500-999,Pvt Ltd,1
14154,No relevent experience,14,5000-9999,Public Sector,>4
19054,No relevent experience,8,<10,Pvt Ltd,1
8520,Has relevent experience,14,,,2
30772,No relevent experience,9,,,>4
19823,Has relevent experience,5,10/49,Pvt Ltd,1
18705,Has relevent experience,9,100-500,Pvt Ltd,2
25534,Has relevent experience,>20,10/49,Pvt Ltd,>4
6192,No relevent experience,4,,,never
12451,Has relevent experience,5,10000+,,1
11967,No relevent experience,6,50-99,Pvt Ltd,1
10023,Has relevent experience,11,10000+,Pvt Ltd,3
725,No relevent experience,1,,Pvt Ltd,never
25333,Has relevent experience,5,5000-9999,Pvt Ltd,never
2986,No relevent experience,>20,,,>4
24461,Has relevent experience,6,50-99,Pvt Ltd,1
18545,Has relevent experience,4,100-500,Public Sector,2
6490,Has relevent experience,1,<10,NGO,
9613,Has relevent experience,6,100-500,Pvt Ltd,2
12602,Has relevent experience,16,10000+,Pvt Ltd,2
23251,No relevent experience,2,10/49,NGO,
32621,Has relevent experience,19,10000+,Pvt Ltd,1
8199,No relevent experience,3,,,1
24269,Has relevent experience,19,<10,Pvt Ltd,2
30463,Has relevent experience,>20,10/49,Pvt Ltd,1
19150,Has relevent experience,>20,,,>4
25379,No relevent experience,2,100-500,Public Sector,2
19101,No relevent experience,2,,,never
23370,No relevent experience,4,,,never
26701,Has relevent experience,12,5000-9999,Pvt Ltd,>4
28300,Has relevent experience,>20,,,>4
4413,Has relevent experience,>20,<10,Pvt Ltd,>4
24300,Has relevent experience,14,100-500,Pvt Ltd,2
25633,Has relevent experience,2,100-500,,never
22317,Has relevent experience,>20,<10,Funded Startup,1
32006,Has relevent experience,3,10000+,Pvt Ltd,1
5798,Has relevent experience,6,50-99,Pvt Ltd,2
31761,No relevent experience,6,,,1
17199,Has relevent experience,11,50-99,Pvt Ltd,2
13754,Has relevent experience,7,50-99,,1
1824,No relevent experience,5,,Pvt Ltd,never
1487,Has relevent experience,3,50-99,Pvt Ltd,3
12098,No relevent experience,<1,,,never
3953,Has relevent experience,12,100-500,Pvt Ltd,1
32900,Has relevent experience,3,10000+,Pvt Ltd,2
17567,Has relevent experience,14,100-500,Pvt Ltd,1
11838,Has relevent experience,10,10000+,Pvt Ltd,2
689,Has relevent experience,10,10000+,Pvt Ltd,>4
26864,No relevent experience,6,,,1
4499,No relevent experience,>20,100-500,NGO,2
27811,Has relevent experience,14,5000-9999,Pvt Ltd,>4
1636,No relevent experience,7,,Public Sector,never
29944,No relevent experience,3,,,1
7072,Has relevent experience,6,100-500,Pvt Ltd,4
1872,Has relevent experience,11,10000+,Pvt Ltd,1
28420,Has relevent experience,>20,,,3
18339,Has relevent experience,3,50-99,Pvt Ltd,1
31567,Has relevent experience,>20,,,>4
21317,Has relevent experience,14,1000-4999,Public Sector,>4
8691,Has relevent experience,>20,1000-4999,Pvt Ltd,>4
8683,Has relevent experience,>20,10/49,Pvt Ltd,>4
28400,Has relevent experience,6,50-99,Pvt Ltd,>4
1841,Has relevent experience,5,50-99,Pvt Ltd,2
23507,Has relevent experience,3,50-99,Funded Startup,1
8307,No relevent experience,>20,100-500,Pvt Ltd,>4
29934,No relevent experience,3,,,1
31027,Has relevent experience,19,10/49,Pvt Ltd,>4
9939,Has relevent experience,19,100-500,Pvt Ltd,>4
8543,No relevent experience,6,,,never
3416,Has relevent experience,7,10/49,Pvt Ltd,2
25770,Has relevent experience,7,10000+,Pvt Ltd,never
30121,No relevent experience,2,,,never
27826,Has relevent experience,9,10000+,Pvt Ltd,4
26052,Has relevent experience,<1,100-500,Public Sector,1
9155,Has relevent experience,8,10/49,Funded Startup,3
14795,Has relevent experience,8,10/49,Early Stage Startup,1
32722,Has relevent experience,9,50-99,Pvt Ltd,>4
9698,Has relevent experience,10,10/49,Pvt Ltd,>4
10105,Has relevent experience,9,,,2
15301,Has relevent experience,19,10000+,Pvt Ltd,2
16500,Has relevent experience,4,100-500,Pvt Ltd,1
20604,Has relevent experience,>20,10000+,Pvt Ltd,>4
29237,Has relevent experience,6,100-500,Pvt Ltd,1
33317,No relevent experience,2,,,2
5774,Has relevent experience,9,100-500,Pvt Ltd,>4
8005,Has relevent experience,5,50-99,Pvt Ltd,2
26437,Has relevent experience,6,,,1
5293,No relevent experience,6,,,never
21595,Has relevent experience,10,,,>4
24950,No relevent experience,2,,,1
30305,Has relevent experience,>20,50-99,Pvt Ltd,>4
26150,No relevent experience,6,,,never
12480,Has relevent experience,>20,,,1
11409,No relevent experience,>20,100-500,Pvt Ltd,>4
32772,No relevent experience,11,,,1
755,Has relevent experience,5,5000-9999,Pvt Ltd,1
32496,No relevent experience,1,,Pvt Ltd,never
33368,Has relevent experience,14,100-500,Pvt Ltd,3
19335,Has relevent experience,>20,,,1
11174,Has relevent experience,6,100-500,Pvt Ltd,1
28444,Has relevent experience,>20,1000-4999,Public Sector,>4
20999,No relevent experience,10,,,2
27287,Has relevent experience,10,<10,Pvt Ltd,2
527,Has relevent experience,11,50-99,Pvt Ltd,1
2053,No relevent experience,13,1000-4999,Pvt Ltd,>4
24958,No relevent experience,>20,,,1
27664,Has relevent experience,9,1000-4999,Pvt Ltd,1
13749,Has relevent experience,>20,<10,Pvt Ltd,4
24545,Has relevent experience,3,10/49,Pvt Ltd,1
6030,No relevent experience,5,,Pvt Ltd,never
24900,No relevent experience,<1,,,never
6450,Has relevent experience,10,<10,Pvt Ltd,3
17677,Has relevent experience,3,10000+,Pvt Ltd,1
17131,No relevent experience,5,,,never
18753,Has relevent experience,>20,50-99,Funded Startup,4
31446,Has relevent experience,>20,100-500,Pvt Ltd,>4
12523,Has relevent experience,11,,,1
25194,Has relevent experience,10,,,4
10179,Has relevent experience,>20,500-999,Funded Startup,>4
29793,Has relevent experience,18,100-500,Pvt Ltd,1
19031,Has relevent experience,19,50-99,,2
1228,Has relevent experience,18,100-500,Funded Startup,>4
32864,No relevent experience,1,,,1
12969,Has relevent experience,11,50-99,Pvt Ltd,3
70,Has relevent experience,9,,Pvt Ltd,1
30591,Has relevent experience,>20,,,1
14743,Has relevent experience,16,500-999,Pvt Ltd,2
11920,Has relevent experience,13,10000+,Pvt Ltd,1
5302,Has relevent experience,4,10/49,Pvt Ltd,2
15193,Has relevent experience,18,50-99,Funded Startup,1
12779,Has relevent experience,14,,,>4
5240,Has relevent experience,13,,,2
26431,Has relevent experience,17,1000-4999,Pvt Ltd,>4
32249,No relevent experience,6,,,1
10401,No relevent experience,9,,,1
2357,Has relevent experience,3,10/49,Pvt Ltd,1
11971,Has relevent experience,12,1000-4999,Pvt Ltd,1
3121,Has relevent experience,<1,<10,Early Stage Startup,1
20920,Has relevent experience,10,50-99,Pvt Ltd,>4
10690,Has relevent experience,13,500-999,Public Sector,>4
8981,Has relevent experience,6,,Public Sector,2
29854,Has relevent experience,>20,50-99,Pvt Ltd,>4
13679,Has relevent experience,12,100-500,Pvt Ltd,1
27972,Has relevent experience,10,50-99,Pvt Ltd,2
21020,Has relevent experience,>20,50-99,Pvt Ltd,>4
28005,Has relevent experience,8,500-999,Funded Startup,1
32522,Has relevent experience,10,500-999,Pvt Ltd,4
23284,No relevent experience,4,,,3
29419,Has relevent experience,15,,,2
4080,Has relevent experience,11,100-500,Pvt Ltd,1
17707,Has relevent experience,15,,,2
28727,No relevent experience,9,,,1
22062,Has relevent experience,9,50-99,Pvt Ltd,2
15916,Has relevent experience,10,,,2
12889,Has relevent experience,10,10/49,Early Stage Startup,>4
1833,Has relevent experience,2,<10,Pvt Ltd,1
11674,No relevent experience,6,,,never
13381,Has relevent experience,9,100-500,Pvt Ltd,>4
6429,Has relevent experience,11,100-500,Pvt Ltd,>4
2361,Has relevent experience,>20,10000+,Pvt Ltd,1
22739,No relevent experience,4,,,
17084,Has relevent experience,6,,,2
25518,Has relevent experience,7,<10,Pvt Ltd,>4
27371,No relevent experience,10,,,2
31478,Has relevent experience,6,500-999,Pvt Ltd,2
12456,No relevent experience,<1,100-500,Pvt Ltd,
27824,Has relevent experience,7,1000-4999,Public Sector,>4
12236,No relevent experience,4,,,never
31018,Has relevent experience,13,,,4
27617,Has relevent experience,>20,100-500,Pvt Ltd,never
32288,Has relevent experience,9,,,4
10892,No relevent experience,8,50-99,NGO,3
9821,No relevent experience,4,,,never
25466,Has relevent experience,>20,50-99,Pvt Ltd,2
32788,No relevent experience,3,,,1
25169,No relevent experience,2,1000-4999,Pvt Ltd,2
7433,Has relevent experience,>20,<10,Early Stage Startup,2
19055,No relevent experience,<1,,,
9563,Has relevent experience,4,10/49,Pvt Ltd,1
4135,Has relevent experience,10,,,>4
2751,No relevent experience,4,100-500,Public Sector,never
27043,Has relevent experience,>20,1000-4999,Public Sector,>4
2354,No relevent experience,9,1000-4999,Public Sector,>4
21029,Has relevent experience,>20,500-999,Pvt Ltd,>4
6719,No relevent experience,4,,,never
2595,Has relevent experience,3,,,1
23775,No relevent experience,3,,,never
11382,Has relevent experience,10,10000+,Pvt Ltd,2
2260,Has relevent experience,>20,,,1
6845,Has relevent experience,6,100-500,Pvt Ltd,1
20795,Has relevent experience,>20,10/49,Public Sector,2
22246,Has relevent experience,>20,,,1
25233,Has relevent experience,<1,<10,Early Stage Startup,never
35,Has relevent experience,9,1000-4999,Pvt Ltd,1
16348,No relevent experience,1,<10,Public Sector,
26639,Has relevent experience,3,100-500,NGO,1
30145,No relevent experience,6,,Pvt Ltd,1
12246,Has relevent experience,>20,50-99,Pvt Ltd,>4
28262,Has relevent experience,7,50-99,Pvt Ltd,1
20340,Has relevent experience,11,,Pvt Ltd,1
32748,Has relevent experience,16,,,>4
33158,Has relevent experience,>20,,,4
21741,Has relevent experience,18,,,2
7157,Has relevent experience,18,,,4
7158,No relevent experience,14,,,4
27867,Has relevent experience,>20,100-500,Pvt Ltd,>4
12705,Has relevent experience,14,,,>4
345,Has relevent experience,6,100-500,Pvt Ltd,2
25731,No relevent experience,3,,,1
1326,Has relevent experience,4,10/49,Early Stage Startup,1
21557,Has relevent experience,7,50-99,Pvt Ltd,1
26592,Has relevent experience,4,100-500,,4
9373,Has relevent experience,2,10/49,Pvt Ltd,1
14399,No relevent experience,17,100-500,Funded Startup,>4
24924,Has relevent experience,8,100-500,Pvt Ltd,1
13805,Has relevent experience,4,,,1
23545,No relevent experience,3,,,never
28661,Has relevent experience,20,50-99,Pvt Ltd,1
6886,No relevent experience,10,,,4
2660,Has relevent experience,>20,100-500,Funded Startup,>4
4464,No relevent experience,9,5000-9999,NGO,2
14826,Has relevent experience,5,<10,Pvt Ltd,
33289,Has relevent experience,10,10/49,Pvt Ltd,3
8215,Has relevent experience,14,50-99,Pvt Ltd,3
24457,No relevent experience,16,10000+,Public Sector,2
978,Has relevent experience,>20,1000-4999,Pvt Ltd,>4
13192,No relevent experience,<1,,,1
19394,No relevent experience,>20,,,never
17663,Has relevent experience,4,10000+,Pvt Ltd,1
17209,No relevent experience,<1,1000-4999,Pvt Ltd,never
23653,No relevent experience,14,,,never
28908,Has relevent experience,16,50-99,Pvt Ltd,3
13697,Has relevent experience,>20,<10,Public Sector,never
22122,Has relevent experience,16,50-99,Pvt Ltd,1
10176,Has relevent experience,>20,50-99,Funded Startup,1
6797,Has relevent experience,10,1000-4999,Pvt Ltd,>4
9007,No relevent experience,7,50-99,Funded Startup,1
227,Has relevent experience,9,10000+,Public Sector,2
2880,Has relevent experience,12,100-500,Pvt Ltd,1
4172,Has relevent experience,5,10/49,,1
16590,Has relevent experience,3,100-500,Pvt Ltd,1
2333,No relevent experience,1,,,1
22564,Has relevent experience,3,100-500,Pvt Ltd,1
3510,Has relevent experience,8,5000-9999,Pvt Ltd,1
29957,Has relevent experience,5,50-99,Public Sector,3
5594,Has relevent experience,11,,Pvt Ltd,3
7673,Has relevent experience,14,50-99,Pvt Ltd,>4
3062,Has relevent experience,>20,1000-4999,Pvt Ltd,1
12047,No relevent experience,10,,,never
21800,Has relevent experience,7,,Pvt Ltd,>4
116,Has relevent experience,5,1000-4999,Public Sector,1
14906,Has relevent experience,4,<10,Pvt Ltd,1
20510,Has relevent experience,18,10/49,Early Stage Startup,1
18280,Has relevent experience,>20,1000-4999,NGO,>4
17446,Has relevent experience,11,,Pvt Ltd,1
23173,Has relevent experience,3,500-999,Pvt Ltd,1
5325,Has relevent experience,5,1000-4999,Pvt Ltd,>4
24197,Has relevent experience,16,10/49,Pvt Ltd,4
16924,Has relevent experience,7,1000-4999,Pvt Ltd,3
14803,Has relevent experience,4,10000+,Pvt Ltd,2
24517,Has relevent experience,>20,100-500,Pvt Ltd,2
24399,Has relevent experience,13,1000-4999,Pvt Ltd,1
13559,Has relevent experience,8,,,3
5442,Has relevent experience,>20,,,1
21535,Has relevent experience,5,50-99,Early Stage Startup,2
15997,Has relevent experience,8,100-500,Pvt Ltd,>4
26096,Has relevent experience,>20,50-99,Pvt Ltd,1
22486,Has relevent experience,8,<10,Early Stage Startup,never
15401,No relevent experience,6,,,1
15739,No relevent experience,1,50-99,Public Sector,1
21556,Has relevent experience,11,10000+,Pvt Ltd,1
45,Has relevent experience,>20,1000-4999,Public Sector,>4
13451,Has relevent experience,7,<10,Pvt Ltd,4
10135,Has relevent experience,>20,,,>4
22647,No relevent experience,14,10000+,Pvt Ltd,1
191,Has relevent experience,16,10000+,Pvt Ltd,>4
25789,Has relevent experience,>20,50-99,Pvt Ltd,2
11808,No relevent experience,5,10000+,Pvt Ltd,3
19087,Has relevent experience,10,5000-9999,,2
12774,No relevent experience,18,,,>4
32685,Has relevent experience,7,10/49,Funded Startup,1
4345,No relevent experience,>20,10000+,Public Sector,2
126,Has relevent experience,3,50-99,Pvt Ltd,1
10596,Has relevent experience,5,,,1
13200,No relevent experience,7,,,4
7861,Has relevent experience,7,10/49,Pvt Ltd,3
1615,No relevent experience,<1,,Pvt Ltd,never
31372,No relevent experience,19,10/49,Pvt Ltd,
6205,Has relevent experience,13,10000+,Pvt Ltd,>4
10595,Has relevent experience,>20,100-500,Pvt Ltd,4
6966,Has relevent experience,13,100-500,Pvt Ltd,>4
5995,Has relevent experience,>20,100-500,Pvt Ltd,2
26141,Has relevent experience,10,100-500,Pvt Ltd,>4
17738,No relevent experience,5,,,1
4965,Has relevent experience,>20,100-500,Pvt Ltd,>4
30405,Has relevent experience,>20,10000+,Pvt Ltd,>4
10989,Has relevent experience,>20,10000+,NGO,>4
32025,Has relevent experience,9,100-500,Pvt Ltd,>4
3071,Has relevent experience,7,10/49,NGO,>4
26515,No relevent experience,3,10/49,NGO,1
1086,Has relevent experience,12,5000-9999,Pvt Ltd,1
22632,Has relevent experience,>20,10000+,,>4
334,Has relevent experience,4,50-99,Pvt Ltd,1
3176,Has relevent experience,>20,100-500,Pvt Ltd,>4
12993,Has relevent experience,19,100-500,Pvt Ltd,1
11100,Has relevent experience,>20,,,4
18192,Has relevent experience,7,<10,Early Stage Startup,1
21723,Has relevent experience,11,500-999,Funded Startup,1
21616,Has relevent experience,12,50-99,Pvt Ltd,>4
17427,Has relevent experience,8,5000-9999,Pvt Ltd,1
27426,No relevent experience,3,,,1
1231,Has relevent experience,14,,,1
15610,No relevent experience,4,<10,Public Sector,never
22328,No relevent experience,6,100-500,Public Sector,1
16687,No relevent experience,15,10/49,Pvt Ltd,>4
4339,Has relevent experience,>20,5000-9999,Pvt Ltd,1
577,Has relevent experience,10,50-99,Pvt Ltd,2
27643,Has relevent experience,13,10/49,Pvt Ltd,1
1394,No relevent experience,7,<10,Funded Startup,4
5406,Has relevent experience,6,10000+,Pvt Ltd,never
14798,Has relevent experience,14,,,1
17678,Has relevent experience,>20,,,>4
24432,Has relevent experience,4,100-500,Pvt Ltd,1
19870,Has relevent experience,3,,,1
7354,Has relevent experience,>20,1000-4999,Pvt Ltd,4
30914,Has relevent experience,6,10/49,Pvt Ltd,1
28066,Has relevent experience,15,<10,Pvt Ltd,1
13161,Has relevent experience,7,100-500,Pvt Ltd,1
20465,Has relevent experience,7,<10,Funded Startup,2
31552,Has relevent experience,8,50-99,Pvt Ltd,2
32804,Has relevent experience,12,10/49,Early Stage Startup,1
6903,Has relevent experience,4,10000+,Pvt Ltd,3
22831,Has relevent experience,17,500-999,Pvt Ltd,3
27198,Has relevent experience,15,10000+,Pvt Ltd,1
27301,No relevent experience,10,5000-9999,Pvt Ltd,>4
17947,Has relevent experience,10,,,>4
26659,Has relevent experience,11,1000-4999,Pvt Ltd,2
27075,Has relevent experience,5,100-500,Pvt Ltd,2
14335,No relevent experience,5,50-99,Pvt Ltd,2
10738,Has relevent experience,>20,100-500,NGO,1
27827,Has relevent experience,3,100-500,Pvt Ltd,1
22951,Has relevent experience,4,5000-9999,Pvt Ltd,2
15313,Has relevent experience,20,100-500,Pvt Ltd,>4
32469,No relevent experience,16,10000+,Pvt Ltd,3
1782,Has relevent experience,>20,<10,Pvt Ltd,>4
13408,Has relevent experience,6,10/49,Pvt Ltd,1
14454,No relevent experience,1,<10,Pvt Ltd,1
32349,Has relevent experience,>20,1000-4999,Pvt Ltd,>4
26566,Has relevent experience,14,,,1
33070,No relevent experience,>20,,,>4
21654,Has relevent experience,4,500-999,Pvt Ltd,1
5327,Has relevent experience,18,10000+,Pvt Ltd,2
2959,Has relevent experience,>20,50-99,Funded Startup,1
23377,Has relevent experience,>20,100-500,Public Sector,3
22386,No relevent experience,18,,,never
31718,Has relevent experience,20,<10,Pvt Ltd,4
9661,Has relevent experience,11,10000+,Pvt Ltd,1
16006,No relevent experience,9,,,2
15035,Has relevent experience,9,<10,Pvt Ltd,1
4456,No relevent experience,10,50-99,Early Stage Startup,1
32754,Has relevent experience,5,500-999,Pvt Ltd,4
10125,Has relevent experience,2,100-500,NGO,1
5423,Has relevent experience,>20,10000+,Pvt Ltd,1
7093,Has relevent experience,>20,500-999,Pvt Ltd,3
18989,No relevent experience,3,,,never
9539,Has relevent experience,16,100-500,Pvt Ltd,1
22327,No relevent experience,1,,Public Sector,1
9071,Has relevent experience,9,100-500,Pvt Ltd,1
1037,Has relevent experience,19,100-500,Pvt Ltd,2
24985,Has relevent experience,15,50-99,Pvt Ltd,1
17462,Has relevent experience,>20,10000+,Public Sector,>4
1758,No relevent experience,3,,Pvt Ltd,never
13184,Has relevent experience,6,100-500,Pvt Ltd,1
1383,Has relevent experience,>20,10000+,Pvt Ltd,>4
15573,Has relevent experience,14,100-500,Pvt Ltd,1
12368,Has relevent experience,20,50-99,Funded Startup,>4
18430,Has relevent experience,10,50-99,Funded Startup,1
19305,No relevent experience,4,50-99,Funded Startup,1
29173,Has relevent experience,4,10/49,Pvt Ltd,1
33203,Has relevent experience,12,100-500,Pvt Ltd,>4
14228,Has relevent experience,4,50-99,Pvt Ltd,1
17986,Has relevent experience,6,5000-9999,Pvt Ltd,1
17602,Has relevent experience,5,50-99,,1
10218,Has relevent experience,>20,50-99,NGO,1
20645,Has relevent experience,13,50-99,Pvt Ltd,>4
23818,Has relevent experience,>20,,,3
26586,Has relevent experience,7,100-500,Public Sector,3
53,No relevent experience,7,,Pvt Ltd,never
12838,Has relevent experience,6,100-500,Pvt Ltd,2
4858,No relevent experience,2,<10,NGO,1
16380,Has relevent experience,<1,<10,NGO,>4
468,Has relevent experience,6,1000-4999,Pvt Ltd,2
8033,No relevent experience,4,10/49,,1
21950,Has relevent experience,17,500-999,Pvt Ltd,1
16055,Has relevent experience,10,100-500,Pvt Ltd,1
2988,Has relevent experience,2,10000+,Pvt Ltd,1
30440,Has relevent experience,2,10000+,Pvt Ltd,1
8382,Has relevent experience,9,50-99,Pvt Ltd,>4
24790,Has relevent experience,>20,,,>4
32814,Has relevent experience,15,1000-4999,Pvt Ltd,3
6466,No relevent experience,2,50-99,Pvt Ltd,1
12080,No relevent experience,7,,,never
28954,No relevent experience,1,,,1
722,Has relevent experience,18,100-500,NGO,4
23282,No relevent experience,1,,,never
19337,Has relevent experience,5,50-99,Pvt Ltd,2
1996,Has relevent experience,7,500-999,,1
18890,No relevent experience,1,,,1
16643,Has relevent experience,15,1000-4999,Pvt Ltd,1
31825,Has relevent experience,11,500-999,Pvt Ltd,3
21695,No relevent experience,4,,,2
22041,Has relevent experience,>20,50-99,NGO,4
8912,Has relevent experience,7,50-99,Pvt Ltd,4
13540,Has relevent experience,8,50-99,Pvt Ltd,>4
19569,Has relevent experience,4,100-500,Pvt Ltd,1
25147,Has relevent experience,4,50-99,Early Stage Startup,3
15069,Has relevent experience,19,50-99,Funded Startup,1
16726,No relevent experience,14,100-500,Pvt Ltd,2
21519,Has relevent experience,5,1000-4999,Pvt Ltd,
3462,No relevent experience,4,50-99,Pvt Ltd,1
2475,Has relevent experience,8,500-999,Pvt Ltd,1
19708,No relevent experience,3,10000+,,1
17848,Has relevent experience,8,50-99,Funded Startup,1
30082,Has relevent experience,8,1000-4999,Public Sector,4
28720,Has relevent experience,2,10/49,Pvt Ltd,1
11928,Has relevent experience,4,<10,Pvt Ltd,1
13815,Has relevent experience,4,,,never
19388,No relevent experience,2,50-99,Pvt Ltd,never
26846,Has relevent experience,7,500-999,Funded Startup,1
24346,No relevent experience,1,,,never
32287,No relevent experience,6,,Pvt Ltd,never
7017,Has relevent experience,>20,,,
14617,Has relevent experience,>20,100-500,Pvt Ltd,1
3629,Has relevent experience,6,50-99,Funded Startup,2
4604,Has relevent experience,12,100-500,Pvt Ltd,1
13585,Has relevent experience,16,10/49,Pvt Ltd,>4
28919,Has relevent experience,>20,1000-4999,Pvt Ltd,4
11546,Has relevent experience,6,10000+,Pvt Ltd,2
6807,No relevent experience,4,,,never
28649,Has relevent experience,15,100-500,,>4
11493,No relevent experience,2,,,never
10358,No relevent experience,6,,,1
23195,Has relevent experience,10,10000+,Pvt Ltd,>4
29470,No relevent experience,5,,,1
30654,Has relevent experience,3,<10,Pvt Ltd,1
15933,No relevent experience,5,5000-9999,Pvt Ltd,1
32185,No relevent experience,5,10/49,Pvt Ltd,1
20364,Has relevent experience,3,50-99,Pvt Ltd,1
30929,Has relevent experience,5,50-99,,1
2680,Has relevent experience,2,50-99,Pvt Ltd,1
6791,Has relevent experience,9,<10,Pvt Ltd,1
17458,No relevent experience,4,,,1
7206,Has relevent experience,>20,,,>4
20122,Has relevent experience,10,,,1
24257,Has relevent experience,3,50-99,Pvt Ltd,>4
4389,No relevent experience,8,,,1
22384,Has relevent experience,1,<10,Early Stage Startup,1
13134,Has relevent experience,>20,1000-4999,Public Sector,1
33092,No relevent experience,6,,,never
12244,Has relevent experience,>20,,,1
297,Has relevent experience,7,,,>4
6202,No relevent experience,4,,,
5919,Has relevent experience,3,50-99,Pvt Ltd,2
14744,Has relevent experience,11,50-99,Pvt Ltd,1
15509,Has relevent experience,10,100-500,Pvt Ltd,>4
9299,Has relevent experience,3,,Pvt Ltd,1
31490,Has relevent experience,6,50-99,,1
5331,Has relevent experience,>20,,,>4
9294,Has relevent experience,10,100-500,Pvt Ltd,1
27292,No relevent experience,3,<10,Public Sector,1
25782,No relevent experience,3,,,1
26944,Has relevent experience,>20,,,1
31185,No relevent experience,3,,,3
23114,Has relevent experience,>20,100-500,,2
28105,Has relevent experience,6,100-500,NGO,1
20284,Has relevent experience,>20,10000+,Pvt Ltd,2
14656,Has relevent experience,4,,,1
16012,Has relevent experience,18,100-500,Pvt Ltd,1
26007,No relevent experience,6,50-99,Public Sector,1
3930,Has relevent experience,6,10000+,Pvt Ltd,2
32849,No relevent experience,10,,,>4
15007,Has relevent experience,>20,5000-9999,Pvt Ltd,>4
23506,No relevent experience,2,,,1
22334,No relevent experience,6,1000-4999,Public Sector,1
488,Has relevent experience,8,10000+,Pvt Ltd,3
31491,No relevent experience,5,,,2
21863,Has relevent experience,10,100-500,Pvt Ltd,>4
10133,Has relevent experience,6,500-999,Pvt Ltd,2
10346,Has relevent experience,>20,100-500,NGO,1
11908,Has relevent experience,>20,50-99,Public Sector,3
9529,Has relevent experience,4,,,never
11586,No relevent experience,2,,,1
6287,No relevent experience,1,,,never
22847,No relevent experience,10,100-500,NGO,1
12930,Has relevent experience,17,50-99,Pvt Ltd,4
27325,No relevent experience,1,5000-9999,Pvt Ltd,1
18809,Has relevent experience,>20,,,>4
16538,Has relevent experience,11,100-500,Pvt Ltd,2
18930,Has relevent experience,7,50-99,Pvt Ltd,1
23181,No relevent experience,3,,,never
11366,Has relevent experience,4,100-500,,2
17727,Has relevent experience,>20,10000+,Pvt Ltd,>4
21109,Has relevent experience,11,10000+,Pvt Ltd,>4
3321,Has relevent experience,>20,10000+,Pvt Ltd,>4
30422,Has relevent experience,>20,5000-9999,Public Sector,1
7818,Has relevent experience,20,100-500,Pvt Ltd,>4
18567,No relevent experience,3,10000+,Pvt Ltd,1
30762,Has relevent experience,1,<10,Early Stage Startup,1
6683,Has relevent experience,10,10000+,Pvt Ltd,>4
15386,No relevent experience,<1,50-99,Pvt Ltd,2
4220,Has relevent experience,6,10/49,Pvt Ltd,4
12046,No relevent experience,2,,,never
4467,Has relevent experience,5,10/49,Pvt Ltd,1
28922,Has relevent experience,9,100-500,Pvt Ltd,4
14746,Has relevent experience,11,,,1
28896,Has relevent experience,9,50-99,Pvt Ltd,never
5435,No relevent experience,4,,,1
29802,Has relevent experience,>20,,,1
30059,Has relevent experience,6,10000+,Pvt Ltd,2
27316,Has relevent experience,>20,100-500,Pvt Ltd,3
19874,No relevent experience,2,500-999,Pvt Ltd,1
31866,Has relevent experience,8,10000+,Pvt Ltd,2
4795,Has relevent experience,>20,10000+,Pvt Ltd,1
32532,Has relevent experience,15,10/49,Pvt Ltd,2
14304,Has relevent experience,>20,,,1
33287,No relevent experience,<1,,,never
26618,Has relevent experience,2,10000+,Pvt Ltd,1
13765,Has relevent experience,10,<10,Pvt Ltd,1
7889,Has relevent experience,>20,<10,Other,>4
25071,Has relevent experience,11,50-99,Pvt Ltd,1
20973,No relevent experience,<1,,,>4
9511,Has relevent experience,4,,,1
32040,Has relevent experience,5,100-500,Pvt Ltd,1
28809,Has relevent experience,10,100-500,Pvt Ltd,never
20588,No relevent experience,16,,,2
29487,Has relevent experience,>20,<10,Funded Startup,1
33152,Has relevent experience,3,100-500,Pvt Ltd,1
30322,Has relevent experience,>20,,,>4
30097,Has relevent experience,>20,5000-9999,Pvt Ltd,>4
20246,Has relevent experience,5,50-99,Pvt Ltd,1
23115,Has relevent experience,6,10000+,Pvt Ltd,1
24526,No relevent experience,3,,,
1144,Has relevent experience,11,,,1
6187,Has relevent experience,4,1000-4999,Pvt Ltd,1
24438,Has relevent experience,7,100-500,Pvt Ltd,>4
21254,Has relevent experience,>20,100-500,Funded Startup,1
27185,Has relevent experience,11,,,2
1623,No relevent experience,10,1000-4999,Pvt Ltd,>4
24906,Has relevent experience,19,50-99,Pvt Ltd,>4
4342,No relevent experience,2,<10,Pvt Ltd,1
18324,No relevent experience,3,,,1
8096,Has relevent experience,5,50-99,Pvt Ltd,4
7649,Has relevent experience,4,50-99,Pvt Ltd,2
12103,Has relevent experience,18,1000-4999,Pvt Ltd,>4
5723,Has relevent experience,8,500-999,Pvt Ltd,1
21212,No relevent experience,1,,,never
11551,Has relevent experience,7,50-99,Pvt Ltd,2
16800,No relevent experience,2,,,1
32127,No relevent experience,2,10000+,Pvt Ltd,1
30030,No relevent experience,<1,,,never
29720,Has relevent experience,7,,Public Sector,2
24588,Has relevent experience,3,10000+,Pvt Ltd,1
2193,Has relevent experience,17,50-99,Pvt Ltd,1
15357,Has relevent experience,5,,,2
14489,Has relevent experience,9,10000+,Pvt Ltd,1
23011,Has relevent experience,12,50-99,Pvt Ltd,1
13029,Has relevent experience,10,100-500,Pvt Ltd,4
17815,Has relevent experience,>20,<10,Pvt Ltd,2
19877,Has relevent experience,15,500-999,Pvt Ltd,1
24603,No relevent experience,4,,,1
20209,Has relevent experience,6,<10,Pvt Ltd,2
4043,Has relevent experience,3,1000-4999,Pvt Ltd,3
32063,Has relevent experience,>20,100-500,Pvt Ltd,>4
23743,No relevent experience,2,,,1
25335,Has relevent experience,>20,10000+,Pvt Ltd,1
5264,No relevent experience,3,,,never
12618,Has relevent experience,6,50-99,Pvt Ltd,1
16066,Has relevent experience,15,50-99,Pvt Ltd,1
12911,Has relevent experience,14,1000-4999,Pvt Ltd,2
27378,No relevent experience,3,,,never
20049,Has relevent experience,8,100-500,Pvt Ltd,>4
5848,Has relevent experience,<1,100-500,Pvt Ltd,2
9225,Has relevent experience,>20,,,1
20982,Has relevent experience,4,10/49,Pvt Ltd,1
15854,Has relevent experience,8,,,>4
564,Has relevent experience,7,<10,Early Stage Startup,1
26610,Has relevent experience,>20,1000-4999,Pvt Ltd,4
33,Has relevent experience,4,1000-4999,Pvt Ltd,2
28424,Has relevent experience,18,50-99,Pvt Ltd,>4
29443,Has relevent experience,>20,500-999,Pvt Ltd,1
12950,Has relevent experience,7,10/49,Pvt Ltd,1
14498,Has relevent experience,7,500-999,,2
20590,Has relevent experience,3,,,1
26820,Has relevent experience,10,100-500,Pvt Ltd,>4
28428,No relevent experience,3,,,never
6565,Has relevent experience,>20,1000-4999,Pvt Ltd,2
26331,Has relevent experience,11,50-99,Pvt Ltd,1
15792,Has relevent experience,>20,,,>4
245,Has relevent experience,14,10000+,Pvt Ltd,>4
20087,Has relevent experience,5,<10,Funded Startup,1
27919,Has relevent experience,5,50-99,Pvt Ltd,1
15568,No relevent experience,5,,NGO,>4
13850,Has relevent experience,>20,50-99,Pvt Ltd,>4
24460,Has relevent experience,6,50-99,Pvt Ltd,2
14915,Has relevent experience,7,10/49,Pvt Ltd,3
4457,Has relevent experience,10,100-500,Pvt Ltd,>4
1848,Has relevent experience,9,10000+,Pvt Ltd,4
28239,No relevent experience,>20,,,2
21306,Has relevent experience,>20,10000+,Pvt Ltd,1
24151,Has relevent experience,20,10/49,,1
1322,Has relevent experience,3,50-99,Pvt Ltd,never
23419,Has relevent experience,9,<10,Early Stage Startup,1
25184,No relevent experience,<1,,,1
17955,No relevent experience,3,,,never
30274,Has relevent experience,1,<10,NGO,never
22800,Has relevent experience,4,50-99,Early Stage Startup,1
25809,Has relevent experience,18,1000-4999,Pvt Ltd,4
21264,Has relevent experience,10,,Pvt Ltd,>4
13927,No relevent experience,1,,,never
23399,Has relevent experience,6,<10,Pvt Ltd,never
23600,Has relevent experience,18,50-99,Funded Startup,1
11461,Has relevent experience,16,10000+,Pvt Ltd,>4
27968,Has relevent experience,7,<10,Early Stage Startup,4
27499,Has relevent experience,4,500-999,Pvt Ltd,1
6266,Has relevent experience,14,10000+,Pvt Ltd,1
11628,No relevent experience,2,,,never
5474,No relevent experience,>20,10000+,Pvt Ltd,>4
21569,Has relevent experience,8,<10,Pvt Ltd,>4
12448,Has relevent experience,5,<10,,2
28142,Has relevent experience,9,500-999,Pvt Ltd,>4
1939,Has relevent experience,19,,,>4
1949,Has relevent experience,17,10/49,Early Stage Startup,2
1288,Has relevent experience,2,100-500,Pvt Ltd,1
5445,Has relevent experience,2,50-99,Pvt Ltd,2
9856,Has relevent experience,>20,10000+,Pvt Ltd,>4
21883,Has relevent experience,18,,,never
2999,No relevent experience,4,,Pvt Ltd,never
9919,Has relevent experience,7,1000-4999,Pvt Ltd,1
17382,Has relevent experience,4,,,1
22004,Has relevent experience,4,50-99,Pvt Ltd,1
22574,No relevent experience,3,,,never
20518,Has relevent experience,<1,10/49,Pvt Ltd,1
32189,Has relevent experience,8,100-500,Pvt Ltd,never
11010,No relevent experience,9,,,never
6540,No relevent experience,3,100-500,Pvt Ltd,1
33101,Has relevent experience,10,500-999,Pvt Ltd,>4
30753,Has relevent experience,1,10000+,Pvt Ltd,1
5892,Has relevent experience,6,<10,Pvt Ltd,1
14911,Has relevent experience,7,100-500,Pvt Ltd,2
32275,Has relevent experience,9,10/49,Pvt Ltd,3
2553,Has relevent experience,1,,Other,never
13553,No relevent experience,5,,,never
5356,No relevent experience,6,<10,Pvt Ltd,1
11799,Has relevent experience,4,<10,Pvt Ltd,2
14450,Has relevent experience,15,10000+,,2
29522,Has relevent experience,>20,,,4
9709,Has relevent experience,10,100-500,,1
14010,No relevent experience,4,,,1
9481,Has relevent experience,9,10/49,Pvt Ltd,4
9516,Has relevent experience,4,,,2
27329,Has relevent experience,>20,50-99,Pvt Ltd,1
30055,No relevent experience,4,,,1
30890,No relevent experience,9,,Pvt Ltd,never
26208,Has relevent experience,10,<10,Pvt Ltd,2
30952,No relevent experience,3,1000-4999,Public Sector,>4
29280,Has relevent experience,3,,,1
33274,Has relevent experience,10,50-99,Pvt Ltd,4
9334,Has relevent experience,11,10/49,Pvt Ltd,1
17022,Has relevent experience,3,50-99,Pvt Ltd,1
13351,Has relevent experience,11,<10,Early Stage Startup,1
1913,Has relevent experience,17,50-99,Public Sector,>4
14385,No relevent experience,1,10/49,Pvt Ltd,1
20609,No relevent experience,8,1000-4999,Public Sector,>4
15126,No relevent experience,<1,,,never
3013,No relevent experience,8,,,never
17627,Has relevent experience,8,1000-4999,Pvt Ltd,>4
30304,Has relevent experience,>20,100-500,Funded Startup,1
23017,Has relevent experience,5,50-99,Funded Startup,2
1619,No relevent experience,1,,Pvt Ltd,1
16412,No relevent experience,9,100-500,Pvt Ltd,1
23436,Has relevent experience,>20,,,>4
16662,Has relevent experience,7,100-500,Pvt Ltd,1
18228,Has relevent experience,6,100-500,Funded Startup,1
29834,Has relevent experience,7,10000+,Pvt Ltd,3
20749,Has relevent experience,7,100-500,Pvt Ltd,2
21053,Has relevent experience,>20,10000+,Pvt Ltd,2
26234,No relevent experience,3,10/49,Public Sector,1
24824,No relevent experience,10,1000-4999,NGO,2
11056,No relevent experience,6,,,never
32009,Has relevent experience,7,10/49,Pvt Ltd,1
12717,Has relevent experience,4,1000-4999,Pvt Ltd,2
6500,No relevent experience,5,<10,Public Sector,1
13099,Has relevent experience,16,50-99,Pvt Ltd,2
4540,Has relevent experience,4,100-500,Pvt Ltd,2
22670,Has relevent experience,1,50-99,Pvt Ltd,1
8994,Has relevent experience,4,100-500,Funded Startup,1
20127,No relevent experience,20,10000+,NGO,>4
18887,Has relevent experience,12,50-99,Pvt Ltd,never
1462,Has relevent experience,>20,,,>4
15935,Has relevent experience,10,50-99,Pvt Ltd,1
27087,Has relevent experience,>20,5000-9999,Pvt Ltd,1
23293,No relevent experience,3,,,never
27900,Has relevent experience,5,10000+,Pvt Ltd,2
29207,Has relevent experience,11,1000-4999,Pvt Ltd,>4
17207,No relevent experience,<1,,,never
25513,No relevent experience,11,500-999,NGO,>4
29362,Has relevent experience,>20,10000+,Pvt Ltd,4
3261,Has relevent experience,13,100-500,NGO,1
19447,No relevent experience,8,,,>4
22228,No relevent experience,3,,Public Sector,1
22092,Has relevent experience,14,,,>4
13970,Has relevent experience,9,1000-4999,NGO,>4
5896,Has relevent experience,19,10/49,Pvt Ltd,1
17101,No relevent experience,>20,,,>4
7502,No relevent experience,2,,,never
15197,No relevent experience,5,,,never
31074,Has relevent experience,6,100-500,Pvt Ltd,1
459,Has relevent experience,11,1000-4999,Pvt Ltd,1
6348,Has relevent experience,>20,,,2
11050,Has relevent experience,<1,100-500,Pvt Ltd,1
8186,Has relevent experience,3,100-500,Other,2
73,Has relevent experience,16,10000+,Pvt Ltd,2
12144,Has relevent experience,7,,,never
11446,Has relevent experience,7,1000-4999,Pvt Ltd,2
22172,Has relevent experience,>20,1000-4999,Pvt Ltd,>4
4101,Has relevent experience,10,,,1
30157,Has relevent experience,6,50-99,Pvt Ltd,2
16021,Has relevent experience,6,50-99,Pvt Ltd,1
11769,No relevent experience,5,,,1
26189,Has relevent experience,3,50-99,Pvt Ltd,2
32252,No relevent experience,4,,Pvt Ltd,1
10675,Has relevent experience,5,100-500,Pvt Ltd,1
22388,No relevent experience,2,,,
18619,Has relevent experience,3,50-99,Pvt Ltd,1
1398,Has relevent experience,8,,,1
9660,Has relevent experience,6,10000+,Pvt Ltd,1
30307,Has relevent experience,17,10000+,Pvt Ltd,>4
16120,No relevent experience,4,50-99,Funded Startup,1
28382,Has relevent experience,17,100-500,Pvt Ltd,2
29447,No relevent experience,>20,100-500,Public Sector,>4
26412,Has relevent experience,20,10000+,Pvt Ltd,>4
9193,Has relevent experience,<1,500-999,Pvt Ltd,1
13632,Has relevent experience,>20,100-500,Pvt Ltd,>4
5184,No relevent experience,2,100-500,Pvt Ltd,1
1065,Has relevent experience,6,100-500,NGO,1
9988,Has relevent experience,>20,500-999,Pvt Ltd,>4
15966,Has relevent experience,8,50-99,NGO,2
26777,No relevent experience,8,500-999,Pvt Ltd,>4
1881,No relevent experience,3,<10,Early Stage Startup,3
9612,No relevent experience,2,,,never
19228,Has relevent experience,5,10000+,Pvt Ltd,4
27766,No relevent experience,5,,,4
21576,Has relevent experience,4,50-99,Pvt Ltd,4
26023,Has relevent experience,10,<10,Funded Startup,1
32890,Has relevent experience,13,100-500,Pvt Ltd,1
21123,No relevent experience,4,,,never
18093,Has relevent experience,10,10000+,Pvt Ltd,2
27774,No relevent experience,3,,,never
7952,No relevent experience,6,10000+,Public Sector,1
27243,Has relevent experience,9,100-500,Pvt Ltd,2
21051,No relevent experience,9,,,never
30241,Has relevent experience,>20,,,>4
29898,Has relevent experience,11,500-999,Pvt Ltd,1
24227,Has relevent experience,15,1000-4999,,3
12149,Has relevent experience,11,,Pvt Ltd,3
25968,Has relevent experience,10,100-500,Pvt Ltd,1
31213,Has relevent experience,4,,,1
6285,Has relevent experience,5,50-99,,1
30060,Has relevent experience,10,100-500,Early Stage Startup,never
28689,Has relevent experience,>20,,,1
33246,Has relevent experience,19,,,1
33239,No relevent experience,7,,Pvt Ltd,never
30984,Has relevent experience,>20,10000+,Pvt Ltd,2
33041,No relevent experience,4,,,2
13778,Has relevent experience,7,,,never
29685,Has relevent experience,12,100-500,Pvt Ltd,4
13165,Has relevent experience,14,50-99,Pvt Ltd,>4
8952,Has relevent experience,4,50-99,Pvt Ltd,1
19775,Has relevent experience,17,100-500,Pvt Ltd,2
14093,Has relevent experience,>20,,,>4
26572,Has relevent experience,>20,,,>4
5399,Has relevent experience,19,,,>4
3985,No relevent experience,4,10/49,Pvt Ltd,1
28840,No relevent experience,5,,,never
23104,Has relevent experience,14,500-999,Public Sector,4
1008,Has relevent experience,15,10000+,Public Sector,1
26910,Has relevent experience,5,500-999,Pvt Ltd,1
1561,Has relevent experience,>20,10000+,Pvt Ltd,>4
3209,Has relevent experience,10,50-99,Pvt Ltd,2
16617,Has relevent experience,2,50-99,Funded Startup,1
10960,Has relevent experience,4,,,1
24542,No relevent experience,4,,,1
13494,Has relevent experience,8,100-500,Pvt Ltd,1
32135,Has relevent experience,>20,10000+,Pvt Ltd,>4
2032,Has relevent experience,7,100-500,Pvt Ltd,2
18392,No relevent experience,<1,,,2
204,Has relevent experience,3,10000+,Pvt Ltd,1
24007,Has relevent experience,>20,100-500,Pvt Ltd,2
31621,No relevent experience,4,,,never
29958,Has relevent experience,>20,1000-4999,Pvt Ltd,2
1590,Has relevent experience,>20,,,>4
28790,Has relevent experience,14,10000+,Pvt Ltd,1
500,Has relevent experience,>20,100-500,Funded Startup,1
10929,No relevent experience,9,50-99,Pvt Ltd,1
2758,Has relevent experience,13,<10,Pvt Ltd,never
5863,Has relevent experience,5,10/49,Early Stage Startup,4
29227,No relevent experience,6,,,1
4409,Has relevent experience,>20,<10,Pvt Ltd,1
7561,No relevent experience,3,,,never
30616,Has relevent experience,13,<10,Funded Startup,1
30823,Has relevent experience,4,10/49,Pvt Ltd,1
25640,No relevent experience,6,,,4
20257,Has relevent experience,>20,,,>4
11943,Has relevent experience,10,1000-4999,Pvt Ltd,2
21680,Has relevent experience,4,1000-4999,Pvt Ltd,1
7857,No relevent experience,10,100-500,Pvt Ltd,>4
4483,Has relevent experience,14,<10,Pvt Ltd,1
13490,Has relevent experience,19,10/49,Funded Startup,1
9947,Has relevent experience,>20,,,>4
28087,Has relevent experience,7,<10,Early Stage Startup,1
10768,Has relevent experience,>20,1000-4999,Pvt Ltd,1
12708,Has relevent experience,5,,,1
25759,Has relevent experience,>20,10000+,Pvt Ltd,>4
12427,No relevent experience,5,50-99,Pvt Ltd,never
6275,No relevent experience,6,,,2
16403,Has relevent experience,2,10/49,Pvt Ltd,1
28768,Has relevent experience,7,50-99,Pvt Ltd,2
19622,Has relevent experience,12,50-99,Funded Startup,>4
13367,Has relevent experience,14,<10,Pvt Ltd,>4
22598,Has relevent experience,19,,,1
14927,Has relevent experience,2,10/49,Pvt Ltd,1
31480,No relevent experience,14,50-99,Pvt Ltd,3
930,Has relevent experience,9,<10,Pvt Ltd,1
21413,Has relevent experience,10,50-99,,1
25887,No relevent experience,6,500-999,NGO,never
17514,Has relevent experience,5,10000+,Pvt Ltd,>4
6907,No relevent experience,<1,,,never
13584,No relevent experience,>20,<10,Pvt Ltd,4
27845,Has relevent experience,>20,10000+,Pvt Ltd,1
22544,No relevent experience,2,,,never
12012,Has relevent experience,4,50-99,NGO,1
16436,Has relevent experience,11,50-99,Funded Startup,4
5378,Has relevent experience,>20,100-500,,1
3187,Has relevent experience,>20,100-500,Pvt Ltd,>4
6761,Has relevent experience,16,50-99,Pvt Ltd,>4
32171,Has relevent experience,18,10/49,Pvt Ltd,2
24665,Has relevent experience,10,,,1
28983,No relevent experience,3,,,1
5036,Has relevent experience,11,10/49,Early Stage Startup,1
31671,Has relevent experience,>20,100-500,Pvt Ltd,1
7434,Has relevent experience,15,500-999,Pvt Ltd,1
8535,No relevent experience,6,,,never
28777,No relevent experience,3,50-99,Early Stage Startup,2
8950,Has relevent experience,>20,50-99,Pvt Ltd,2
16813,Has relevent experience,15,,,2
32575,Has relevent experience,11,10/49,Early Stage Startup,1
4193,Has relevent experience,10,10/49,Pvt Ltd,2
5198,Has relevent experience,5,10/49,Pvt Ltd,2
13229,Has relevent experience,>20,10000+,Pvt Ltd,>4
2786,Has relevent experience,7,<10,Pvt Ltd,1
12985,No relevent experience,1,,,never
26785,No relevent experience,11,50-99,Pvt Ltd,never
7930,Has relevent experience,14,50-99,Pvt Ltd,never
30292,Has relevent experience,6,100-500,Pvt Ltd,1
15034,Has relevent experience,4,1000-4999,Pvt Ltd,1
14047,Has relevent experience,12,,,2
5903,Has relevent experience,15,5000-9999,Pvt Ltd,3
27947,No relevent experience,10,,,1
3105,No relevent experience,3,,Pvt Ltd,never
26323,No relevent experience,<1,1000-4999,Pvt Ltd,>4
29517,Has relevent experience,11,100-500,Pvt Ltd,never
27358,No relevent experience,4,100-500,,never
21374,No relevent experience,1,50-99,Pvt Ltd,
8476,Has relevent experience,1,50-99,Pvt Ltd,1
24323,Has relevent experience,3,50-99,Funded Startup,1
19519,Has relevent experience,5,,,1
12179,Has relevent experience,7,,,never
28429,Has relevent experience,>20,50-99,Pvt Ltd,1
16186,Has relevent experience,10,10000+,Pvt Ltd,2
22667,Has relevent experience,>20,1000-4999,Pvt Ltd,>4
30919,Has relevent experience,>20,100-500,Pvt Ltd,3
3682,Has relevent experience,>20,,Pvt Ltd,>4
16056,Has relevent experience,8,10/49,Pvt Ltd,1
19565,Has relevent experience,8,100-500,Early Stage Startup,3
24338,Has relevent experience,4,1000-4999,Pvt Ltd,1
7180,No relevent experience,1,,,never
13652,Has relevent experience,14,100-500,Pvt Ltd,1
23612,Has relevent experience,5,10/49,Public Sector,1
23248,Has relevent experience,5,100-500,Pvt Ltd,2
1580,No relevent experience,1,,,never
14613,Has relevent experience,3,10000+,Pvt Ltd,2
17552,Has relevent experience,<1,,,
24148,Has relevent experience,8,100-500,Pvt Ltd,1
27162,Has relevent experience,>20,,,>4
28926,No relevent experience,5,10000+,Pvt Ltd,>4
18048,Has relevent experience,6,50-99,Pvt Ltd,2
11525,No relevent experience,<1,,,never
8604,Has relevent experience,14,10000+,Pvt Ltd,>4
8757,No relevent experience,>20,,,1
23889,Has relevent experience,1,10000+,Pvt Ltd,1
9080,Has relevent experience,4,,,1
19484,Has relevent experience,2,10/49,Pvt Ltd,2
5627,No relevent experience,3,,,never
832,Has relevent experience,9,1000-4999,Pvt Ltd,>4
6240,Has relevent experience,18,100-500,Pvt Ltd,>4
44,Has relevent experience,>20,500-999,Pvt Ltd,1
13527,No relevent experience,2,,,1
27660,Has relevent experience,11,100-500,Pvt Ltd,2
25643,Has relevent experience,8,100-500,Pvt Ltd,1
26913,Has relevent experience,6,<10,,1
6284,Has relevent experience,11,,,1
15969,Has relevent experience,5,<10,Pvt Ltd,1
32081,Has relevent experience,18,50-99,Pvt Ltd,1
17972,Has relevent experience,6,<10,Pvt Ltd,2
5169,Has relevent experience,5,,,1
30203,Has relevent experience,4,50-99,Pvt Ltd,1
30978,Has relevent experience,13,<10,Funded Startup,1
23298,No relevent experience,6,,,never
7479,Has relevent experience,10,50-99,Pvt Ltd,1
16452,No relevent experience,2,,,never
9901,Has relevent experience,1,10/49,Early Stage Startup,never
11411,No relevent experience,4,1000-4999,Pvt Ltd,2
7790,Has relevent experience,9,50-99,Pvt Ltd,1
10733,No relevent experience,4,50-99,Pvt Ltd,1
8438,Has relevent experience,7,5000-9999,Pvt Ltd,1
3748,Has relevent experience,7,<10,Pvt Ltd,1
1947,Has relevent experience,16,,,1
7480,Has relevent experience,>20,100-500,Pvt Ltd,1
10399,No relevent experience,5,,,never
23315,No relevent experience,1,500-999,Public Sector,never
28880,Has relevent experience,1,10000+,Pvt Ltd,1
21571,No relevent experience,>20,<10,Pvt Ltd,>4
16025,No relevent experience,10,,,never
17257,No relevent experience,1,<10,,
26204,Has relevent experience,19,5000-9999,Public Sector,>4
26699,No relevent experience,10,<10,Early Stage Startup,1
5993,Has relevent experience,16,100-500,Public Sector,>4
11656,No relevent experience,13,1000-4999,Pvt Ltd,>4
24939,No relevent experience,3,100-500,Pvt Ltd,2
3040,Has relevent experience,4,500-999,NGO,2
18674,Has relevent experience,>20,,,1
16350,No relevent experience,1,,,never
17739,Has relevent experience,<1,10/49,Pvt Ltd,1
24758,Has relevent experience,16,50-99,Pvt Ltd,>4
20491,Has relevent experience,6,100-500,Pvt Ltd,1
28749,Has relevent experience,3,100-500,Funded Startup,1
16837,No relevent experience,15,,,1
2881,Has relevent experience,6,500-999,Pvt Ltd,2
2514,Has relevent experience,8,<10,Pvt Ltd,3
31605,Has relevent experience,>20,5000-9999,Pvt Ltd,>4
3608,Has relevent experience,>20,5000-9999,Pvt Ltd,>4
8850,Has relevent experience,7,5000-9999,Pvt Ltd,4
11790,Has relevent experience,>20,,,>4
336,Has relevent experience,4,10/49,Pvt Ltd,1
7338,Has relevent experience,20,100-500,NGO,>4
28107,Has relevent experience,16,50-99,Pvt Ltd,1
30734,No relevent experience,1,,,never
9524,Has relevent experience,6,100-500,,1
26392,Has relevent experience,11,<10,Funded Startup,1
31766,Has relevent experience,2,10/49,Early Stage Startup,1
29670,Has relevent experience,10,,,3
27254,Has relevent experience,11,<10,Funded Startup,3
30225,Has relevent experience,>20,50-99,Pvt Ltd,3
1835,Has relevent experience,19,50-99,Public Sector,2
31695,Has relevent experience,>20,10000+,Pvt Ltd,>4
30704,Has relevent experience,15,10/49,Other,>4
17000,Has relevent experience,19,50-99,Pvt Ltd,>4
14378,Has relevent experience,<1,500-999,,1
20289,Has relevent experience,>20,,,>4
11194,Has relevent experience,8,100-500,Pvt Ltd,2
390,Has relevent experience,9,1000-4999,Pvt Ltd,never
11863,Has relevent experience,16,1000-4999,Pvt Ltd,1
22002,Has relevent experience,14,<10,Pvt Ltd,2
18687,Has relevent experience,13,1000-4999,NGO,>4
9088,No relevent experience,3,,,never
23977,Has relevent experience,17,,,3
32738,No relevent experience,<1,,Pvt Ltd,never
22299,Has relevent experience,>20,10/49,Pvt Ltd,>4
25200,Has relevent experience,7,10000+,Pvt Ltd,1
1389,Has relevent experience,>20,50-99,Pvt Ltd,>4
23738,Has relevent experience,>20,,,>4
30160,Has relevent experience,2,10/49,Pvt Ltd,never
14813,Has relevent experience,7,,Pvt Ltd,1
26558,Has relevent experience,6,10000+,Pvt Ltd,3
32237,No relevent experience,8,,,never
31778,No relevent experience,15,100-500,Pvt Ltd,>4
15044,Has relevent experience,13,1000-4999,Pvt Ltd,2
3705,Has relevent experience,14,5000-9999,Public Sector,2
25652,No relevent experience,5,,,2
31680,No relevent experience,11,50-99,Pvt Ltd,3
29674,Has relevent experience,>20,,,>4
2142,Has relevent experience,5,<10,Funded Startup,1
14745,No relevent experience,6,10/49,Pvt Ltd,1
6887,Has relevent experience,10,10000+,Pvt Ltd,1
11834,Has relevent experience,15,10/49,Pvt Ltd,>4
2037,No relevent experience,6,,,2
29029,Has relevent experience,2,100-500,Pvt Ltd,1
29032,Has relevent experience,12,10/49,Pvt Ltd,3
23323,Has relevent experience,>20,10000+,Pvt Ltd,>4
4916,No relevent experience,5,,,1
12871,No relevent experience,10,,,1
7047,Has relevent experience,8,500-999,Pvt Ltd,1
31619,No relevent experience,2,,,2
26734,Has relevent experience,8,10/49,Public Sector,1
22833,No relevent experience,5,50-99,Public Sector,1
26507,Has relevent experience,>20,1000-4999,Pvt Ltd,4
10744,Has relevent experience,>20,50-99,Pvt Ltd,4
4854,Has relevent experience,20,,,>4
13950,Has relevent experience,>20,1000-4999,Pvt Ltd,>4
30716,Has relevent experience,17,10/49,Funded Startup,2
3545,Has relevent experience,>20,,,>4
28034,Has relevent experience,3,<10,Public Sector,1
6053,Has relevent experience,>20,,,4
23661,Has relevent experience,5,,,>4
28746,Has relevent experience,6,50-99,Pvt Ltd,1
29384,Has relevent experience,>20,<10,Pvt Ltd,>4
21262,Has relevent experience,9,10000+,Pvt Ltd,1
31104,No relevent experience,>20,,,2
20161,Has relevent experience,5,,,1
768,Has relevent experience,>20,100-500,Pvt Ltd,>4
29840,Has relevent experience,>20,,,1
26111,Has relevent experience,8,10000+,Pvt Ltd,1
29292,Has relevent experience,14,100-500,Pvt Ltd,1
25831,No relevent experience,14,,,2
1458,Has relevent experience,9,10000+,Pvt Ltd,>4
17112,No relevent experience,1,,,never
20197,Has relevent experience,10,50-99,Funded Startup,1
8025,Has relevent experience,12,1000-4999,Pvt Ltd,1
13411,Has relevent experience,10,,,1
20264,No relevent experience,1,,,never
25878,Has relevent experience,7,,,2
430,Has relevent experience,>20,,,3
22953,Has relevent experience,10,10/49,Pvt Ltd,>4
10841,Has relevent experience,>20,<10,Pvt Ltd,>4
12861,Has relevent experience,11,1000-4999,,2
31610,Has relevent experience,>20,5000-9999,Pvt Ltd,>4
5297,Has relevent experience,>20,1000-4999,Pvt Ltd,1
24859,Has relevent experience,>20,100-500,Public Sector,>4
1785,Has relevent experience,>20,,,>4
11690,Has relevent experience,16,1000-4999,Pvt Ltd,1
2568,No relevent experience,1,<10,Pvt Ltd,1
12796,No relevent experience,<1,10/49,Pvt Ltd,2
17,Has relevent experience,13,5000-9999,Pvt Ltd,4
5773,Has relevent experience,6,10000+,Pvt Ltd,1
21178,Has relevent experience,4,,,1
7667,No relevent experience,4,100-500,NGO,2
20025,Has relevent experience,10,10000+,Pvt Ltd,>4
3246,Has relevent experience,14,,,1
1435,No relevent experience,,,,
9960,Has relevent experience,17,100-500,Pvt Ltd,>4
3343,No relevent experience,>20,,,1
28152,Has relevent experience,>20,10/49,NGO,>4
18554,Has relevent experience,9,10/49,Pvt Ltd,1
30402,No relevent experience,8,50-99,Pvt Ltd,1
13285,Has relevent experience,>20,50-99,Pvt Ltd,>4
4510,No relevent experience,3,,,never
6860,Has relevent experience,7,10/49,Pvt Ltd,never
15782,No relevent experience,16,100-500,Pvt Ltd,1
7414,Has relevent experience,15,50-99,Pvt Ltd,1
11822,No relevent experience,4,,,1
21824,Has relevent experience,16,,,
14322,Has relevent experience,4,10/49,Pvt Ltd,1
33327,Has relevent experience,>20,,,>4
8611,Has relevent experience,>20,500-999,Pvt Ltd,>4
22463,Has relevent experience,7,100-500,Pvt Ltd,4
9435,No relevent experience,4,10000+,Pvt Ltd,1
694,Has relevent experience,8,10/49,,>4
14095,Has relevent experience,2,100-500,Pvt Ltd,2
27285,Has relevent experience,>20,<10,Pvt Ltd,>4
14652,No relevent experience,2,,,never
1432,Has relevent experience,14,10000+,Pvt Ltd,1
10286,No relevent experience,10,100-500,Pvt Ltd,1
16634,Has relevent experience,>20,50-99,,3
24070,No relevent experience,8,50-99,Funded Startup,4
24247,Has relevent experience,3,10000+,Pvt Ltd,never
17874,Has relevent experience,9,100-500,Pvt Ltd,1
2841,Has relevent experience,>20,50-99,Funded Startup,1
337,No relevent experience,>20,1000-4999,Pvt Ltd,3
3625,Has relevent experience,>20,50-99,Pvt Ltd,1
1789,No relevent experience,<1,100-500,Pvt Ltd,1
22166,Has relevent experience,17,,,2
12968,Has relevent experience,10,10/49,Pvt Ltd,2
12237,Has relevent experience,7,<10,Pvt Ltd,3
31971,Has relevent experience,19,500-999,Pvt Ltd,>4
9398,Has relevent experience,7,10000+,Public Sector,1
7737,Has relevent experience,14,50-99,Pvt Ltd,1
18771,Has relevent experience,8,100-500,Pvt Ltd,4
15190,No relevent experience,13,,Public Sector,1
17143,Has relevent experience,20,100-500,Pvt Ltd,>4
10610,Has relevent experience,7,,,2
574,No relevent experience,9,,,1
11998,Has relevent experience,9,,,never
23788,Has relevent experience,>20,,,1
21284,Has relevent experience,4,5000-9999,Pvt Ltd,1
2447,No relevent experience,2,,,1
6954,Has relevent experience,9,50-99,Pvt Ltd,1
17716,Has relevent experience,>20,100-500,Pvt Ltd,>4
29591,Has relevent experience,<1,500-999,NGO,>4
5711,Has relevent experience,>20,50-99,Pvt Ltd,>4
28830,No relevent experience,6,,,never
3496,Has relevent experience,6,50-99,Pvt Ltd,never
32048,Has relevent experience,9,50-99,Funded Startup,2
10056,Has relevent experience,11,,Pvt Ltd,1
22012,No relevent experience,16,,,3
3355,Has relevent experience,>20,10000+,Public Sector,>4
1301,Has relevent experience,>20,1000-4999,NGO,1
2753,Has relevent experience,8,1000-4999,Pvt Ltd,never
13528,Has relevent experience,7,50-99,Funded Startup,3
22389,Has relevent experience,10,1000-4999,Public Sector,1
29048,Has relevent experience,<1,,,2
3816,Has relevent experience,,500-999,,1
19609,Has relevent experience,10,50-99,Pvt Ltd,1
26775,Has relevent experience,>20,100-500,Pvt Ltd,>4
21070,No relevent experience,3,,,1
27128,No relevent experience,9,,Public Sector,never
8296,Has relevent experience,10,10000+,Pvt Ltd,2
18595,No relevent experience,2,,,1
31346,No relevent experience,>20,1000-4999,NGO,4
16847,No relevent experience,7,5000-9999,Pvt Ltd,1
25087,Has relevent experience,16,1000-4999,,2
33176,Has relevent experience,10,50-99,Pvt Ltd,1
16899,No relevent experience,4,,,
24506,No relevent experience,>20,,,>4
27454,Has relevent experience,10,<10,Pvt Ltd,1
25832,Has relevent experience,17,100-500,Funded Startup,1
1472,Has relevent experience,>20,10000+,Pvt Ltd,>4
12178,Has relevent experience,5,50-99,Pvt Ltd,1
13828,Has relevent experience,>20,100-500,Pvt Ltd,>4
11341,Has relevent experience,13,10000+,Pvt Ltd,3
4402,Has relevent experience,>20,,,>4
1300,Has relevent experience,4,10/49,Pvt Ltd,
5680,Has relevent experience,17,,,1
20106,No relevent experience,2,<10,Pvt Ltd,1
5730,Has relevent experience,6,10000+,Pvt Ltd,3
4200,Has relevent experience,6,10000+,Pvt Ltd,3
33315,Has relevent experience,5,50-99,Pvt Ltd,1
3855,No relevent experience,14,100-500,,never
4837,No relevent experience,8,10/49,Pvt Ltd,>4
24159,No relevent experience,7,100-500,Pvt Ltd,1
28184,Has relevent experience,<1,100-500,Pvt Ltd,never
17861,No relevent experience,6,,,1
16172,Has relevent experience,3,,,never
30882,No relevent experience,9,<10,Pvt Ltd,1
11326,No relevent experience,3,,,never
24006,Has relevent experience,3,,,never
22459,Has relevent experience,4,100-500,Pvt Ltd,1
11180,Has relevent experience,9,50-99,,>4
7169,Has relevent experience,4,1000-4999,NGO,4
33191,Has relevent experience,2,,Pvt Ltd,never
6682,Has relevent experience,15,50-99,Pvt Ltd,3
3495,No relevent experience,13,<10,Pvt Ltd,>4
6210,Has relevent experience,11,10000+,Pvt Ltd,>4
32073,Has relevent experience,9,10000+,Pvt Ltd,2
21365,No relevent experience,4,,,never
19528,Has relevent experience,8,50-99,Public Sector,1
26826,Has relevent experience,>20,10/49,Pvt Ltd,>4
3667,Has relevent experience,2,100-500,Pvt Ltd,1
24291,Has relevent experience,13,100-500,Pvt Ltd,2
5957,Has relevent experience,15,10000+,Pvt Ltd,2
25564,Has relevent experience,<1,50-99,,1
12357,Has relevent experience,>20,,,4
6243,Has relevent experience,8,10/49,Funded Startup,4
276,No relevent experience,10,,,1
8951,No relevent experience,<1,,,3
14291,No relevent experience,4,500-999,Pvt Ltd,1
26403,Has relevent experience,16,50-99,Public Sector,2
18802,No relevent experience,14,,,1
327,No relevent experience,2,500-999,Other,1
11515,Has relevent experience,>20,,,1
7997,Has relevent experience,6,10/49,Pvt Ltd,3
28091,Has relevent experience,>20,10000+,Pvt Ltd,4
16442,Has relevent experience,7,,,1
15334,Has relevent experience,9,10000+,Public Sector,2
18167,Has relevent experience,13,50-99,Pvt Ltd,3
31341,Has relevent experience,>20,1000-4999,Pvt Ltd,>4
30518,No relevent experience,10,500-999,,1
22549,Has relevent experience,9,,Pvt Ltd,3
26766,Has relevent experience,13,50-99,Pvt Ltd,1
6702,No relevent experience,1,100-500,,1
2584,Has relevent experience,>20,10/49,Early Stage Startup,2
10306,Has relevent experience,6,50-99,Pvt Ltd,2
5755,Has relevent experience,15,500-999,Pvt Ltd,>4
13457,No relevent experience,14,50-99,Pvt Ltd,>4
22291,Has relevent experience,>20,50-99,Pvt Ltd,1
736,Has relevent experience,>20,10000+,Pvt Ltd,>4
24085,Has relevent experience,3,10/49,Pvt Ltd,1
24043,No relevent experience,5,10000+,Pvt Ltd,never
2237,Has relevent experience,>20,100-500,Pvt Ltd,>4
32759,Has relevent experience,6,100-500,Funded Startup,2
6753,Has relevent experience,17,500-999,Pvt Ltd,1
16327,Has relevent experience,6,500-999,Pvt Ltd,never
7429,Has relevent experience,>20,1000-4999,Pvt Ltd,3
24964,Has relevent experience,2,1000-4999,Pvt Ltd,1
24832,Has relevent experience,>20,10000+,Pvt Ltd,>4
11736,No relevent experience,7,,,never
71,Has relevent experience,>20,<10,Funded Startup,2
21954,No relevent experience,10,100-500,Public Sector,>4
5404,No relevent experience,>20,<10,Pvt Ltd,>4
16672,Has relevent experience,14,1000-4999,,
21295,No relevent experience,10,,,never
18073,No relevent experience,>20,,,never
8394,Has relevent experience,12,100-500,,>4
19600,Has relevent experience,18,10000+,Pvt Ltd,4
25163,No relevent experience,4,50-99,,2
200,Has relevent experience,>20,100-500,Pvt Ltd,3
32068,Has relevent experience,19,,Pvt Ltd,never
16047,Has relevent experience,9,5000-9999,Public Sector,1
15828,Has relevent experience,12,10/49,Early Stage Startup,4
8246,Has relevent experience,14,500-999,Pvt Ltd,1
5986,Has relevent experience,5,500-999,Pvt Ltd,2
27785,Has relevent experience,2,100-500,Pvt Ltd,1
18969,Has relevent experience,5,<10,Early Stage Startup,1
9893,Has relevent experience,4,,,1
28160,No relevent experience,3,,,never
14735,Has relevent experience,2,100-500,Pvt Ltd,
12763,Has relevent experience,9,<10,Public Sector,3
7963,Has relevent experience,8,5000-9999,Pvt Ltd,1
30431,Has relevent experience,10,10000+,Pvt Ltd,>4
18176,No relevent experience,1,500-999,,never
13896,Has relevent experience,7,50-99,Pvt Ltd,2
25441,Has relevent experience,16,10000+,Pvt Ltd,>4
15344,No relevent experience,2,100-500,Pvt Ltd,2
10312,Has relevent experience,10,10000+,Pvt Ltd,1
21877,Has relevent experience,13,50-99,Pvt Ltd,2
10725,Has relevent experience,5,10/49,Pvt Ltd,1
19181,Has relevent experience,3,100-500,NGO,1
15275,No relevent experience,9,,,>4
18091,Has relevent experience,14,100-500,Funded Startup,1
4813,Has relevent experience,4,,,1
16308,Has relevent experience,,5000-9999,Pvt Ltd,
5269,Has relevent experience,16,500-999,Funded Startup,4
19105,Has relevent experience,>20,1000-4999,Pvt Ltd,2
30415,Has relevent experience,>20,,,1
31036,No relevent experience,2,,Funded Startup,1
14663,Has relevent experience,<1,100-500,Pvt Ltd,2
30540,No relevent experience,6,,,never
221,No relevent experience,15,,Pvt Ltd,never
22333,Has relevent experience,5,500-999,,1
13212,Has relevent experience,16,10000+,Pvt Ltd,3
26201,Has relevent experience,13,500-999,Public Sector,>4
28004,Has relevent experience,9,100-500,Pvt Ltd,2
10180,Has relevent experience,>20,100-500,Pvt Ltd,>4
13769,Has relevent experience,7,10000+,Pvt Ltd,1
5998,Has relevent experience,2,50-99,,2
20474,Has relevent experience,9,,,1
15516,Has relevent experience,,100-500,,
30780,No relevent experience,<1,100-500,Funded Startup,1
4567,Has relevent experience,5,1000-4999,Pvt Ltd,1
10761,Has relevent experience,,100-500,Pvt Ltd,1
3026,Has relevent experience,17,,,1
27017,No relevent experience,<1,,,never
7559,Has relevent experience,4,50-99,Pvt Ltd,1
12332,No relevent experience,2,,,1
3974,Has relevent experience,7,10000+,Public Sector,1
13267,Has relevent experience,9,,Pvt Ltd,1
23427,No relevent experience,8,,,never
17605,No relevent experience,>20,,,never
20912,No relevent experience,5,,,never
13948,No relevent experience,>20,10000+,Pvt Ltd,1
15205,No relevent experience,7,100-500,Pvt Ltd,1
15140,Has relevent experience,8,,,1
21736,No relevent experience,7,100-500,Pvt Ltd,1
19800,Has relevent experience,4,50-99,Pvt Ltd,1
23755,Has relevent experience,16,10/49,Pvt Ltd,>4
12148,No relevent experience,>20,,,>4
16451,Has relevent experience,6,100-500,,never
27190,No relevent experience,2,100-500,Pvt Ltd,1
19370,No relevent experience,2,,,never
20207,No relevent experience,20,50-99,Pvt Ltd,>4
4749,No relevent experience,<1,50-99,Pvt Ltd,1
21338,No relevent experience,3,,,never
18506,Has relevent experience,1,50-99,Pvt Ltd,1
19715,Has relevent experience,3,50-99,,2
10550,Has relevent experience,10,50-99,Pvt Ltd,never
32681,No relevent experience,3,,,1
12075,Has relevent experience,9,100-500,Early Stage Startup,>4
10828,Has relevent experience,11,50-99,Pvt Ltd,2
17948,Has relevent experience,7,10000+,Pvt Ltd,3
22514,Has relevent experience,10,1000-4999,Pvt Ltd,>4
4,No relevent experience,9,50-99,Public Sector,>4
18446,Has relevent experience,8,100-500,Public Sector,3
27469,Has relevent experience,10,10000+,Pvt Ltd,3
32443,No relevent experience,5,<10,Pvt Ltd,1
14208,Has relevent experience,12,,,1
28786,Has relevent experience,12,<10,Early Stage Startup,never
16053,Has relevent experience,>20,100-500,Pvt Ltd,>4
9847,Has relevent experience,>20,50-99,Pvt Ltd,>4
114,Has relevent experience,>20,50-99,Funded Startup,1
19839,No relevent experience,8,100-500,Funded Startup,1
12455,No relevent experience,2,,,never
26933,Has relevent experience,5,10000+,Pvt Ltd,1
1370,Has relevent experience,2,,,1
20539,No relevent experience,>20,1000-4999,Pvt Ltd,>4
8224,Has relevent experience,3,,,never
10221,No relevent experience,9,10000+,Pvt Ltd,4
6888,No relevent experience,5,,Pvt Ltd,2
10821,Has relevent experience,6,,,4
24952,Has relevent experience,7,50-99,Pvt Ltd,never
17227,No relevent experience,20,10000+,Pvt Ltd,never
24801,Has relevent experience,13,50-99,Funded Startup,1
29285,No relevent experience,7,,,2
7399,Has relevent experience,10,,,2
13647,Has relevent experience,>20,10000+,Pvt Ltd,1
17212,Has relevent experience,15,,,>4
30152,Has relevent experience,7,1000-4999,Public Sector,>4
2232,Has relevent experience,14,100-500,Pvt Ltd,1
28813,No relevent experience,17,,,>4
19526,Has relevent experience,10,100-500,Pvt Ltd,2
7264,Has relevent experience,>20,,,2
31261,Has relevent experience,4,5000-9999,Pvt Ltd,1
14686,Has relevent experience,4,50-99,Pvt Ltd,1
29065,Has relevent experience,>20,,,1
20440,No relevent experience,>20,50-99,Pvt Ltd,2
10832,No relevent experience,>20,10000+,Public Sector,>4
19219,Has relevent experience,5,50-99,Pvt Ltd,1
25732,Has relevent experience,17,,Pvt Ltd,2
13091,No relevent experience,6,10000+,Public Sector,3
17922,Has relevent experience,3,100-500,Pvt Ltd,1
19479,No relevent experience,>20,,,2
32238,No relevent experience,8,,,1
8104,Has relevent experience,13,1000-4999,Pvt Ltd,never
27077,Has relevent experience,16,,,1
4093,Has relevent experience,19,100-500,Pvt Ltd,2
7325,Has relevent experience,16,50-99,,1
11467,No relevent experience,10,,,1
15611,Has relevent experience,14,100-500,Pvt Ltd,1
24160,No relevent experience,2,10/49,,never
22381,Has relevent experience,7,,,1
24452,Has relevent experience,6,1000-4999,Pvt Ltd,1
10592,Has relevent experience,15,10/49,Pvt Ltd,2
18103,Has relevent experience,14,100-500,Public Sector,2
13304,Has relevent experience,6,100-500,Pvt Ltd,1
10773,No relevent experience,2,50-99,Early Stage Startup,never
17772,Has relevent experience,5,10000+,Pvt Ltd,1
20991,No relevent experience,2,,,1
7365,No relevent experience,9,100-500,Pvt Ltd,>4
13076,Has relevent experience,>20,,,4
32852,Has relevent experience,<1,50-99,Pvt Ltd,1
16749,No relevent experience,16,1000-4999,NGO,>4
1414,Has relevent experience,5,10/49,Early Stage Startup,
18453,Has relevent experience,8,100-500,Pvt Ltd,2
11443,No relevent experience,15,,,never
29925,No relevent experience,2,,,never
25486,No relevent experience,5,,,1
23126,Has relevent experience,>20,100-500,Funded Startup,1
13681,Has relevent experience,>20,10/49,Pvt Ltd,>4
20147,No relevent experience,1,,,never
21198,Has relevent experience,16,100-500,,>4
17048,No relevent experience,9,,,2
4351,Has relevent experience,15,10000+,Pvt Ltd,>4
8809,Has relevent experience,>20,100-500,Pvt Ltd,>4
6970,No relevent experience,3,10/49,Pvt Ltd,1
22603,Has relevent experience,<1,<10,Pvt Ltd,1
28169,Has relevent experience,>20,1000-4999,Pvt Ltd,4
6113,Has relevent experience,>20,100-500,Pvt Ltd,2
20966,Has relevent experience,11,1000-4999,Pvt Ltd,
4671,No relevent experience,1,,,1
12899,Has relevent experience,18,,,1
9318,No relevent experience,4,,,never
19318,Has relevent experience,2,10000+,Public Sector,never
31978,No relevent experience,2,,Pvt Ltd,never
11167,No relevent experience,5,,,2
19244,Has relevent experience,>20,50-99,Pvt Ltd,>4
25784,Has relevent experience,6,10/49,Pvt Ltd,3
15247,Has relevent experience,>20,,,>4
29090,Has relevent experience,10,1000-4999,Pvt Ltd,1
23664,Has relevent experience,>20,100-500,Funded Startup,1
17562,Has relevent experience,>20,,,1
14485,Has relevent experience,5,50-99,Pvt Ltd,2
31383,No relevent experience,3,,Pvt Ltd,never
19326,Has relevent experience,6,50-99,Funded Startup,1
28923,Has relevent experience,17,10000+,Pvt Ltd,1
12833,Has relevent experience,>20,100-500,Pvt Ltd,1
13724,No relevent experience,9,50-99,Public Sector,2
3338,Has relevent experience,12,50-99,Pvt Ltd,4
26843,Has relevent experience,7,,,1
32951,No relevent experience,1,,,1
19273,No relevent experience,7,,,2
28206,Has relevent experience,12,,,1
24075,Has relevent experience,6,50-99,Pvt Ltd,3
25829,No relevent experience,9,,,2
7330,Has relevent experience,>20,,,>4
23490,No relevent experience,4,,,never
3174,Has relevent experience,9,10/49,Other,2
21559,Has relevent experience,7,500-999,,2
20274,No relevent experience,19,,Public Sector,4
9759,Has relevent experience,2,<10,Early Stage Startup,1
10617,Has relevent experience,15,50-99,Pvt Ltd,1
5028,Has relevent experience,>20,10/49,Pvt Ltd,>4
25245,Has relevent experience,12,50-99,Pvt Ltd,1
31747,No relevent experience,15,,,>4
10547,No relevent experience,5,50-99,Pvt Ltd,1
30087,Has relevent experience,1,1000-4999,Pvt Ltd,1
25201,No relevent experience,6,10/49,Pvt Ltd,2
27210,Has relevent experience,>20,100-500,Pvt Ltd,1
5231,Has relevent experience,13,500-999,Funded Startup,1
13797,Has relevent experience,5,10/49,Pvt Ltd,1
24828,No relevent experience,>20,5000-9999,Public Sector,>4
25254,Has relevent experience,2,10/49,Pvt Ltd,1
7843,Has relevent experience,13,10000+,Pvt Ltd,1
20208,Has relevent experience,7,100-500,Pvt Ltd,1
31032,Has relevent experience,>20,1000-4999,Pvt Ltd,3
31960,Has relevent experience,5,1000-4999,Public Sector,1
30247,Has relevent experience,13,500-999,Pvt Ltd,>4
19036,Has relevent experience,1,500-999,Pvt Ltd,1
18408,Has relevent experience,20,100-500,Other,2
32658,Has relevent experience,15,50-99,Pvt Ltd,1
27073,Has relevent experience,8,,,1
1811,Has relevent experience,17,,,>4
26975,No relevent experience,4,,,never
8059,Has relevent experience,7,100-500,Pvt Ltd,1
8176,Has relevent experience,4,1000-4999,Pvt Ltd,
3272,Has relevent experience,>20,100-500,Pvt Ltd,>4
10484,Has relevent experience,>20,5000-9999,Pvt Ltd,1
22820,Has relevent experience,6,10000+,,never
21640,Has relevent experience,9,10/49,Pvt Ltd,1
32986,Has relevent experience,6,100-500,Pvt Ltd,1
7538,No relevent experience,10,5000-9999,Public Sector,1
19084,Has relevent experience,5,10/49,Funded Startup,1
15716,Has relevent experience,<1,100-500,Public Sector,1
23733,No relevent experience,5,,,never
15499,Has relevent experience,19,<10,Funded Startup,1
23355,No relevent experience,<1,,,never
25195,No relevent experience,4,,,never
3643,Has relevent experience,>20,<10,Public Sector,>4
31670,Has relevent experience,>20,10000+,Pvt Ltd,1
111,Has relevent experience,7,1000-4999,Pvt Ltd,3
5895,Has relevent experience,>20,,,never
14435,No relevent experience,3,,,never
20393,Has relevent experience,6,500-999,Pvt Ltd,1
20836,No relevent experience,1,,,never
18592,Has relevent experience,10,10000+,Pvt Ltd,never
22583,Has relevent experience,10,10000+,Pvt Ltd,2
4984,No relevent experience,1,,Pvt Ltd,never
2930,No relevent experience,8,,,
8106,Has relevent experience,8,<10,Early Stage Startup,
28704,Has relevent experience,13,10000+,Pvt Ltd,never
24001,Has relevent experience,>20,1000-4999,Pvt Ltd,>4
2884,Has relevent experience,10,50-99,Pvt Ltd,1
8347,No relevent experience,>20,,,>4
3480,Has relevent experience,5,10000+,Public Sector,1
31651,No relevent experience,9,,,never
21427,Has relevent experience,8,50-99,Pvt Ltd,2
21395,No relevent experience,<1,,,2
11959,Has relevent experience,15,100-500,Pvt Ltd,1
20994,Has relevent experience,5,10000+,Pvt Ltd,3
3514,Has relevent experience,9,10000+,Pvt Ltd,1
33125,Has relevent experience,11,10/49,Funded Startup,1
5148,Has relevent experience,20,,,1
7831,Has relevent experience,9,100-500,Public Sector,3
2951,No relevent experience,2,,,never
1951,No relevent experience,5,50-99,NGO,1
10067,No relevent experience,5,,,never
872,Has relevent experience,14,100-500,Pvt Ltd,1
11348,No relevent experience,5,,,never
33338,No relevent experience,6,,,1
24657,Has relevent experience,2,50-99,Pvt Ltd,1
20441,Has relevent experience,8,100-500,,1
28196,No relevent experience,13,10000+,Pvt Ltd,1
19312,Has relevent experience,19,500-999,Pvt Ltd,>4
4840,No relevent experience,4,,Pvt Ltd,never
19007,Has relevent experience,>20,,,2
30845,Has relevent experience,8,50-99,Pvt Ltd,2
17421,No relevent experience,4,,,1
27931,Has relevent experience,4,10/49,,1
4977,No relevent experience,4,,Pvt Ltd,never
28706,No relevent experience,5,,,1
19212,Has relevent experience,10,5000-9999,Pvt Ltd,1
7941,Has relevent experience,16,50-99,Pvt Ltd,>4
30279,Has relevent experience,5,50-99,Pvt Ltd,1
17050,Has relevent experience,<1,,,2
25742,Has relevent experience,>20,<10,Pvt Ltd,>4
14179,Has relevent experience,9,5000-9999,Public Sector,2
1597,No relevent experience,8,,,1
17255,No relevent experience,1,,,never
11772,Has relevent experience,11,1000-4999,Pvt Ltd,1
18386,No relevent experience,<1,50-99,Public Sector,1
4580,Has relevent experience,9,10/49,Early Stage Startup,1
29376,No relevent experience,5,,,2
30266,No relevent experience,1,100-500,Pvt Ltd,never
15495,Has relevent experience,10,1000-4999,Pvt Ltd,1
1854,Has relevent experience,>20,,,>4
27631,Has relevent experience,8,10/49,Pvt Ltd,never
21910,No relevent experience,1,,,never
16616,Has relevent experience,11,100-500,Funded Startup,1
3315,No relevent experience,16,<10,Pvt Ltd,1
2785,No relevent experience,2,,,never
16221,Has relevent experience,>20,500-999,Pvt Ltd,>4
15749,Has relevent experience,4,5000-9999,Public Sector,1
23759,No relevent experience,6,,,never
24692,Has relevent experience,5,1000-4999,Pvt Ltd,1
32011,Has relevent experience,13,10000+,Pvt Ltd,2
20674,No relevent experience,>20,50-99,Pvt Ltd,>4
22852,No relevent experience,15,100-500,Pvt Ltd,3
7934,No relevent experience,3,100-500,Pvt Ltd,1
30625,Has relevent experience,2,50-99,Pvt Ltd,1
4233,Has relevent experience,>20,50-99,Pvt Ltd,2
13038,Has relevent experience,>20,,,1
16378,Has relevent experience,5,10000+,Pvt Ltd,1
15308,No relevent experience,5,,,never
26380,No relevent experience,16,,,2
8642,No relevent experience,1,,,never
3988,Has relevent experience,>20,1000-4999,Pvt Ltd,1
24186,Has relevent experience,1,1000-4999,NGO,never
11455,Has relevent experience,13,10000+,Pvt Ltd,3
1875,Has relevent experience,16,<10,Pvt Ltd,1
11286,No relevent experience,1,,,1
8165,Has relevent experience,8,,,2
17951,Has relevent experience,15,500-999,Pvt Ltd,never
27782,No relevent experience,2,,,never
7507,No relevent experience,3,,,never
12562,Has relevent experience,6,10/49,Funded Startup,2
5783,Has relevent experience,18,100-500,Pvt Ltd,2
1932,Has relevent experience,5,100-500,Pvt Ltd,1
13565,No relevent experience,1,,,never
2407,Has relevent experience,10,10000+,Pvt Ltd,1
14049,No relevent experience,>20,,,2
20394,Has relevent experience,17,100-500,Pvt Ltd,3
25646,Has relevent experience,5,50-99,Pvt Ltd,1
21641,Has relevent experience,13,,,>4
15664,Has relevent experience,12,100-500,NGO,>4
26316,Has relevent experience,14,5000-9999,Pvt Ltd,1
25527,Has relevent experience,>20,100-500,Pvt Ltd,1
8704,Has relevent experience,>20,10000+,Pvt Ltd,3
11110,Has relevent experience,11,500-999,Pvt Ltd,1
31913,No relevent experience,1,,Pvt Ltd,never
3724,Has relevent experience,>20,1000-4999,Pvt Ltd,>4
22898,Has relevent experience,17,100-500,Pvt Ltd,>4
27839,Has relevent experience,11,50-99,Pvt Ltd,2
8194,Has relevent experience,8,50-99,Pvt Ltd,2
19936,Has relevent experience,10,,,1
914,Has relevent experience,8,100-500,Pvt Ltd,>4
19506,Has relevent experience,11,5000-9999,Public Sector,1
1766,Has relevent experience,19,10000+,Pvt Ltd,>4
26472,Has relevent experience,12,100-500,Pvt Ltd,2
5638,No relevent experience,13,50-99,Pvt Ltd,never
9360,No relevent experience,7,1000-4999,Public Sector,>4
9550,Has relevent experience,8,,,1
20190,No relevent experience,10,100-500,Public Sector,>4
6350,Has relevent experience,15,100-500,Pvt Ltd,1
19308,Has relevent experience,>20,<10,Pvt Ltd,2
30140,Has relevent experience,5,50-99,Pvt Ltd,1
18624,Has relevent experience,10,5000-9999,Pvt Ltd,1
7744,Has relevent experience,7,50-99,Early Stage Startup,1
14723,No relevent experience,4,<10,Early Stage Startup,1
2200,Has relevent experience,3,50-99,Pvt Ltd,2
18923,No relevent experience,4,,,never
31088,No relevent experience,1,<10,Early Stage Startup,1
13401,Has relevent experience,6,1000-4999,Pvt Ltd,1
19440,Has relevent experience,2,50-99,Pvt Ltd,1
22897,No relevent experience,<1,,,2
12603,No relevent experience,2,,,2
19628,Has relevent experience,8,<10,Early Stage Startup,never
10088,Has relevent experience,6,10000+,Pvt Ltd,1
3873,Has relevent experience,8,10/49,Pvt Ltd,2
15941,No relevent experience,3,,,never
24840,Has relevent experience,17,,,4
7917,Has relevent experience,5,,,1
24719,Has relevent experience,>20,,,>4
2901,Has relevent experience,6,50-99,Pvt Ltd,1
20414,Has relevent experience,<1,500-999,Pvt Ltd,
3719,No relevent experience,4,50-99,Public Sector,2
31846,No relevent experience,7,10000+,Pvt Ltd,1
7170,No relevent experience,2,,,1
17420,No relevent experience,6,,,never
2288,Has relevent experience,13,50-99,Pvt Ltd,2
6386,No relevent experience,4,,,4
1359,Has relevent experience,>20,10/49,Funded Startup,2
10194,No relevent experience,>20,,,>4
7984,Has relevent experience,10,100-500,Pvt Ltd,never
11074,Has relevent experience,>20,10000+,Public Sector,3
6437,No relevent experience,4,5000-9999,Public Sector,2
14256,No relevent experience,2,10/49,Pvt Ltd,1
9869,Has relevent experience,8,50-99,Funded Startup,2
30278,No relevent experience,1,,,never
30778,Has relevent experience,>20,50-99,Pvt Ltd,4
24406,No relevent experience,6,,,1
9480,Has relevent experience,8,,,1
11989,Has relevent experience,>20,5000-9999,Pvt Ltd,>4
25055,No relevent experience,3,10000+,Pvt Ltd,2
6973,No relevent experience,19,500-999,Pvt Ltd,>4
23744,Has relevent experience,>20,10/49,Pvt Ltd,>4
31350,Has relevent experience,>20,10000+,Pvt Ltd,1
27428,Has relevent experience,10,,,2
19940,Has relevent experience,9,50-99,Pvt Ltd,>4
9995,No relevent experience,<1,,,never
6075,Has relevent experience,15,100-500,Pvt Ltd,3
24137,No relevent experience,,<10,,
22011,Has relevent experience,15,<10,Pvt Ltd,>4
16259,Has relevent experience,12,<10,NGO,3
2873,No relevent experience,4,,,1
30211,No relevent experience,<1,,,1
13271,No relevent experience,>20,,,
27918,Has relevent experience,3,,,>4
4861,Has relevent experience,13,50-99,Pvt Ltd,1
23062,No relevent experience,7,1000-4999,Public Sector,never
30599,Has relevent experience,18,50-99,Pvt Ltd,4
22321,No relevent experience,14,,,never
32993,Has relevent experience,18,50-99,NGO,>4
15872,No relevent experience,4,,,1
4239,No relevent experience,5,,Pvt Ltd,never
17410,Has relevent experience,9,100-500,Pvt Ltd,2
7362,Has relevent experience,2,,,1
10972,Has relevent experience,18,10000+,Pvt Ltd,3
13169,Has relevent experience,12,10/49,Pvt Ltd,1
1834,No relevent experience,7,,Pvt Ltd,never
411,Has relevent experience,>20,500-999,Pvt Ltd,>4
2233,No relevent experience,<1,<10,,1
17473,Has relevent experience,16,1000-4999,Pvt Ltd,2
26952,Has relevent experience,5,500-999,Pvt Ltd,>4
26745,Has relevent experience,5,50-99,,1
28235,No relevent experience,1,,,1
13625,Has relevent experience,10,<10,,2
9452,Has relevent experience,17,10000+,Pvt Ltd,2
8227,Has relevent experience,10,1000-4999,Pvt Ltd,1
18675,No relevent experience,4,,,1
27954,Has relevent experience,13,1000-4999,Pvt Ltd,1
26459,Has relevent experience,2,<10,Funded Startup,
9118,No relevent experience,3,,,1
29286,Has relevent experience,13,1000-4999,,1
13510,Has relevent experience,10,10/49,Pvt Ltd,>4
5385,Has relevent experience,>20,10000+,Pvt Ltd,>4
10914,No relevent experience,3,50-99,Pvt Ltd,2
31120,Has relevent experience,>20,1000-4999,Pvt Ltd,>4
30828,Has relevent experience,11,10/49,,1
8717,Has relevent experience,3,100-500,Pvt Ltd,3
10638,No relevent experience,2,,,never
23681,No relevent experience,5,50-99,NGO,1
16476,Has relevent experience,<1,50-99,Pvt Ltd,>4
28557,Has relevent experience,8,10/49,,1
14079,Has relevent experience,11,100-500,Funded Startup,2
3946,Has relevent experience,18,10000+,Pvt Ltd,1
11534,Has relevent experience,4,,Pvt Ltd,1
7586,Has relevent experience,14,1000-4999,Pvt Ltd,4
12573,Has relevent experience,9,100-500,Pvt Ltd,1
5451,Has relevent experience,6,10/49,Pvt Ltd,1
19562,Has relevent experience,8,<10,Early Stage Startup,1
17187,No relevent experience,<1,100-500,NGO,1
20399,No relevent experience,3,10000+,,
5159,Has relevent experience,18,,,>4
8275,Has relevent experience,6,50-99,Pvt Ltd,>4
21424,No relevent experience,6,1000-4999,,1
1109,Has relevent experience,>20,100-500,Pvt Ltd,>4
32358,Has relevent experience,>20,10/49,Pvt Ltd,1
11487,Has relevent experience,14,<10,Pvt Ltd,2
5914,Has relevent experience,8,100-500,Pvt Ltd,3
23946,No relevent experience,2,50-99,Pvt Ltd,1
20442,Has relevent experience,7,100-500,Pvt Ltd,1
16674,Has relevent experience,11,50-99,Pvt Ltd,3
1919,No relevent experience,4,10/49,NGO,1
3990,No relevent experience,11,,,1
13588,Has relevent experience,5,10/49,Funded Startup,1
13620,Has relevent experience,<1,10/49,Pvt Ltd,4
2276,Has relevent experience,13,50-99,Pvt Ltd,1
18380,Has relevent experience,14,10000+,Pvt Ltd,>4
29106,Has relevent experience,>20,,,3
19463,No relevent experience,5,10000+,Pvt Ltd,2
6614,Has relevent experience,20,50-99,Pvt Ltd,2
1587,Has relevent experience,8,,,1
28637,Has relevent experience,7,,Pvt Ltd,never
24636,Has relevent experience,2,100-500,,1
5629,Has relevent experience,6,<10,Pvt Ltd,1
33220,Has relevent experience,14,10000+,Public Sector,2
20350,Has relevent experience,5,50-99,Pvt Ltd,1
20420,No relevent experience,6,100-500,Public Sector,1
24002,Has relevent experience,10,50-99,Funded Startup,1
23022,No relevent experience,6,,,2
856,Has relevent experience,2,10/49,Early Stage Startup,1
21521,Has relevent experience,>20,1000-4999,Pvt Ltd,never
19663,Has relevent experience,4,50-99,Pvt Ltd,1
7760,Has relevent experience,10,,,2
15149,Has relevent experience,3,50-99,,2
25381,Has relevent experience,9,,,>4
17505,No relevent experience,6,,,
7735,Has relevent experience,4,50-99,Pvt Ltd,1
25307,Has relevent experience,7,100-500,Pvt Ltd,2
29377,Has relevent experience,14,50-99,Pvt Ltd,never
26521,Has relevent experience,7,50-99,Pvt Ltd,1
33078,Has relevent experience,10,100-500,Funded Startup,1
9779,Has relevent experience,>20,5000-9999,NGO,>4
5657,Has relevent experience,>20,5000-9999,Pvt Ltd,>4
29407,Has relevent experience,>20,1000-4999,Pvt Ltd,
17196,Has relevent experience,8,1000-4999,Pvt Ltd,1
22960,Has relevent experience,7,<10,Funded Startup,never
9117,No relevent experience,2,,,never
16456,Has relevent experience,12,50-99,Pvt Ltd,never
12269,Has relevent experience,16,10/49,Funded Startup,1
12161,Has relevent experience,<1,50-99,,1
4235,Has relevent experience,16,50-99,Funded Startup,1
19469,Has relevent experience,7,,,1
23975,Has relevent experience,13,5000-9999,Public Sector,1
28402,Has relevent experience,15,10000+,Pvt Ltd,1
417,Has relevent experience,6,10/49,Funded Startup,3
19254,Has relevent experience,20,10000+,Pvt Ltd,>4
28310,No relevent experience,4,,,never
6856,No relevent experience,8,5000-9999,,1
9454,No relevent experience,3,,,never
33332,Has relevent experience,11,100-500,Funded Startup,2
26935,No relevent experience,8,,,never
10904,Has relevent experience,11,50-99,Pvt Ltd,3
23731,Has relevent experience,9,10000+,Pvt Ltd,1
26811,No relevent experience,10,,,1
23496,No relevent experience,4,,,never
29405,Has relevent experience,15,10/49,Funded Startup,1
12959,No relevent experience,<1,,,never
18919,Has relevent experience,10,500-999,Pvt Ltd,1
20937,No relevent experience,14,10000+,Pvt Ltd,1
17298,No relevent experience,4,10000+,Public Sector,1
3638,No relevent experience,6,,,1
12673,Has relevent experience,8,100-500,Pvt Ltd,>4
4895,Has relevent experience,15,100-500,Pvt Ltd,>4
7655,Has relevent experience,6,10000+,Pvt Ltd,2
22285,Has relevent experience,>20,100-500,Pvt Ltd,>4
20040,Has relevent experience,7,100-500,Pvt Ltd,>4
1364,Has relevent experience,20,100-500,Pvt Ltd,3
27466,Has relevent experience,16,50-99,Pvt Ltd,2
21150,Has relevent experience,6,500-999,Pvt Ltd,4
30943,Has relevent experience,16,50-99,Pvt Ltd,>4
29666,Has relevent experience,12,50-99,Pvt Ltd,4
2918,Has relevent experience,13,500-999,Pvt Ltd,4
11504,Has relevent experience,>20,,,2
21964,Has relevent experience,>20,10/49,Pvt Ltd,>4
20251,Has relevent experience,3,,,1
293,Has relevent experience,10,50-99,,3
22931,Has relevent experience,8,,,1
4665,Has relevent experience,5,50-99,NGO,1
9669,Has relevent experience,16,,,2
31002,No relevent experience,>20,,,>4
30275,No relevent experience,1,,,never
33184,Has relevent experience,6,1000-4999,Pvt Ltd,1
27369,Has relevent experience,5,100-500,Pvt Ltd,1
11871,No relevent experience,2,,,1
15673,No relevent experience,6,5000-9999,,1
6539,Has relevent experience,1,1000-4999,Pvt Ltd,
8789,No relevent experience,>20,100-500,NGO,2
24792,Has relevent experience,1,<10,Pvt Ltd,1
30413,No relevent experience,2,10000+,Pvt Ltd,never
5233,Has relevent experience,9,,,4
2992,Has relevent experience,5,100-500,NGO,1
16889,Has relevent experience,7,,,2
33032,No relevent experience,11,50-99,Pvt Ltd,>4
20868,Has relevent experience,9,100-500,Pvt Ltd,1
5776,Has relevent experience,14,1000-4999,Pvt Ltd,2
31101,Has relevent experience,>20,500-999,Pvt Ltd,1
29986,Has relevent experience,11,100-500,Pvt Ltd,2
10502,Has relevent experience,9,100-500,Pvt Ltd,2
12973,Has relevent experience,5,50-99,Funded Startup,2
1594,Has relevent experience,11,10/49,Pvt Ltd,>4
23155,Has relevent experience,>20,,,>4
23145,Has relevent experience,3,10000+,Pvt Ltd,1
4585,Has relevent experience,>20,<10,Pvt Ltd,>4
18096,Has relevent experience,2,<10,Public Sector,1
6754,No relevent experience,6,1000-4999,Public Sector,>4
25356,No relevent experience,5,10000+,Pvt Ltd,1
30516,Has relevent experience,5,10/49,Pvt Ltd,>4
15614,Has relevent experience,>20,100-500,Pvt Ltd,2
9215,No relevent experience,5,50-99,Public Sector,4
28761,No relevent experience,10,10/49,Pvt Ltd,3
28667,No relevent experience,1,100-500,Pvt Ltd,1
3104,No relevent experience,<1,,Pvt Ltd,never
19808,Has relevent experience,7,100-500,Pvt Ltd,1
21806,Has relevent experience,19,,,>4
2559,Has relevent experience,>20,<10,Early Stage Startup,1
27780,No relevent experience,11,,,never
20123,Has relevent experience,4,,,1
2239,No relevent experience,<1,,,never
5990,Has relevent experience,5,10/49,Early Stage Startup,2
30172,Has relevent experience,10,5000-9999,Public Sector,2
1311,No relevent experience,3,,,1
18279,Has relevent experience,5,50-99,Pvt Ltd,1
3856,Has relevent experience,14,50-99,Pvt Ltd,1
3393,Has relevent experience,9,100-500,Pvt Ltd,2
25907,No relevent experience,4,100-500,Pvt Ltd,3
12377,Has relevent experience,>20,100-500,Funded Startup,>4
32806,Has relevent experience,3,100-500,Pvt Ltd,2
8118,Has relevent experience,8,50-99,,3
29936,No relevent experience,2,50-99,Pvt Ltd,2
14565,Has relevent experience,12,100-500,Pvt Ltd,1
31890,No relevent experience,4,50-99,Pvt Ltd,1
21980,Has relevent experience,>20,,,>4
15090,Has relevent experience,17,,,1
26529,No relevent experience,2,50-99,NGO,1
12964,Has relevent experience,17,10000+,Pvt Ltd,3
32940,Has relevent experience,9,,,2
5360,Has relevent experience,12,5000-9999,Pvt Ltd,2
23945,Has relevent experience,>20,100-500,Pvt Ltd,>4
18045,No relevent experience,3,,,never
21834,Has relevent experience,7,10000+,Pvt Ltd,1
19107,No relevent experience,6,,,never
19594,No relevent experience,14,,,2
13355,Has relevent experience,1,10000+,,1
11209,Has relevent experience,8,10000+,Pvt Ltd,2
17391,Has relevent experience,2,10/49,Funded Startup,2
1084,Has relevent experience,3,10000+,Pvt Ltd,1
18644,Has relevent experience,11,10/49,Pvt Ltd,>4
33079,Has relevent experience,11,1000-4999,Pvt Ltd,1
600,Has relevent experience,19,50-99,Pvt Ltd,1
16842,Has relevent experience,9,100-500,NGO,1
6198,Has relevent experience,13,10/49,,1
24205,No relevent experience,3,,,2
31442,No relevent experience,2,,,1
27907,Has relevent experience,10,5000-9999,Pvt Ltd,1
7546,No relevent experience,5,,,never
805,Has relevent experience,>20,100-500,Pvt Ltd,2
7886,Has relevent experience,11,50-99,Pvt Ltd,1
13413,Has relevent experience,4,500-999,Pvt Ltd,3
22198,Has relevent experience,>20,,,2
19675,Has relevent experience,11,10000+,Pvt Ltd,1
13242,Has relevent experience,4,,,4
5229,No relevent experience,6,,,1
22729,Has relevent experience,3,100-500,,1
9981,No relevent experience,1,,,never
23004,Has relevent experience,4,50-99,Funded Startup,2
31221,Has relevent experience,>20,,,2
7943,Has relevent experience,3,<10,Pvt Ltd,2
28430,Has relevent experience,3,<10,Pvt Ltd,never
20655,Has relevent experience,10,1000-4999,Pvt Ltd,never
11575,Has relevent experience,>20,100-500,,>4
9615,Has relevent experience,14,<10,Pvt Ltd,never
22252,Has relevent experience,16,10000+,Pvt Ltd,never
17906,Has relevent experience,>20,,,>4
11832,Has relevent experience,14,100-500,Pvt Ltd,1
27258,Has relevent experience,9,100-500,Pvt Ltd,never
25975,Has relevent experience,>20,,,1
29901,Has relevent experience,>20,100-500,Funded Startup,4
10249,Has relevent experience,3,,,
31312,Has relevent experience,>20,100-500,Pvt Ltd,1
14974,Has relevent experience,5,100-500,NGO,1
29503,Has relevent experience,>20,500-999,Pvt Ltd,2
4990,Has relevent experience,19,50-99,Pvt Ltd,>4
9342,Has relevent experience,19,,,1
28264,Has relevent experience,1,5000-9999,Pvt Ltd,1
29380,Has relevent experience,>20,5000-9999,Pvt Ltd,3
33076,No relevent experience,4,,,never
20606,No relevent experience,3,,,
32927,Has relevent experience,9,50-99,Public Sector,3
13725,Has relevent experience,>20,50-99,Funded Startup,1
9432,No relevent experience,>20,1000-4999,Pvt Ltd,>4
10713,Has relevent experience,7,10/49,Pvt Ltd,1
4812,Has relevent experience,17,<10,Pvt Ltd,>4
609,No relevent experience,10,100-500,Pvt Ltd,1
4625,Has relevent experience,17,,,1
14195,Has relevent experience,>20,,,3
806,Has relevent experience,10,100-500,Pvt Ltd,2
10378,No relevent experience,5,,,never
6184,No relevent experience,4,,,never
5450,Has relevent experience,15,100-500,Pvt Ltd,1
19270,Has relevent experience,14,,,1
4982,No relevent experience,11,100-500,Pvt Ltd,1
6125,Has relevent experience,4,100-500,Pvt Ltd,1
25734,Has relevent experience,>20,,,>4
13115,Has relevent experience,8,500-999,Pvt Ltd,1
28725,Has relevent experience,>20,,,1
5761,Has relevent experience,6,10000+,Pvt Ltd,1
15643,Has relevent experience,17,10000+,Pvt Ltd,4
19733,Has relevent experience,16,500-999,Pvt Ltd,>4
20528,Has relevent experience,5,10000+,Pvt Ltd,1
18520,No relevent experience,19,10/49,Pvt Ltd,4
28232,Has relevent experience,16,,,>4
24877,Has relevent experience,>20,10000+,Pvt Ltd,>4
18065,Has relevent experience,>20,500-999,Pvt Ltd,4
10545,Has relevent experience,14,1000-4999,Pvt Ltd,>4
4612,No relevent experience,2,,,1
5271,Has relevent experience,>20,,,4
13860,Has relevent experience,9,50-99,Funded Startup,2
17880,Has relevent experience,6,,,2
20512,No relevent experience,<1,100-500,NGO,1
32992,Has relevent experience,19,10/49,Pvt Ltd,2
12984,Has relevent experience,>20,10000+,Pvt Ltd,>4
7389,Has relevent experience,20,10/49,,1
19074,No relevent experience,7,,,never
13675,Has relevent experience,9,,,2
11884,No relevent experience,<1,,,1
13077,Has relevent experience,8,1000-4999,Pvt Ltd,>4
17441,Has relevent experience,6,50-99,Pvt Ltd,2
7944,Has relevent experience,7,<10,Early Stage Startup,1
17014,Has relevent experience,10,10000+,Pvt Ltd,3
31408,Has relevent experience,16,500-999,Pvt Ltd,>4
11711,No relevent experience,>20,,,>4
29428,No relevent experience,2,,,2
20223,No relevent experience,3,10000+,Pvt Ltd,never
4640,Has relevent experience,15,<10,Early Stage Startup,3
13701,No relevent experience,2,100-500,,1
2265,Has relevent experience,15,10000+,Pvt Ltd,>4
29188,No relevent experience,10,,Public Sector,1
24285,No relevent experience,5,50-99,Funded Startup,1
8490,Has relevent experience,>20,1000-4999,Pvt Ltd,>4
17116,Has relevent experience,5,100-500,Pvt Ltd,1
1925,Has relevent experience,18,,,>4
15875,No relevent experience,3,,,2
9825,No relevent experience,4,10000+,NGO,1
1909,Has relevent experience,8,50-99,Pvt Ltd,4
28448,Has relevent experience,>20,,,4
16693,No relevent experience,15,10000+,Pvt Ltd,>4
29178,Has relevent experience,>20,,,>4
28994,Has relevent experience,9,1000-4999,Pvt Ltd,never
3861,Has relevent experience,11,100-500,Pvt Ltd,2
9391,Has relevent experience,7,10000+,Pvt Ltd,1
18840,No relevent experience,5,,,1
31783,No relevent experience,5,,,never
20259,Has relevent experience,6,,,1
10477,Has relevent experience,6,500-999,Pvt Ltd,1
29524,No relevent experience,2,,,never
1409,Has relevent experience,13,50-99,Pvt Ltd,4
2710,Has relevent experience,10,10000+,Pvt Ltd,2
2109,Has relevent experience,4,<10,Pvt Ltd,1
11875,Has relevent experience,<1,,,>4
12768,Has relevent experience,3,10/49,Pvt Ltd,
8052,Has relevent experience,5,100-500,Pvt Ltd,1
2783,Has relevent experience,4,10/49,Pvt Ltd,1
22710,Has relevent experience,7,50-99,Pvt Ltd,2
443,No relevent experience,1,,,
11220,Has relevent experience,13,500-999,Pvt Ltd,1
23923,Has relevent experience,>20,10/49,Pvt Ltd,4
29852,No relevent experience,6,,,2
20055,Has relevent experience,12,100-500,Pvt Ltd,4
13127,No relevent experience,1,,,1
19033,No relevent experience,3,,,1
28747,Has relevent experience,>20,,,1
8187,Has relevent experience,6,,,1
10601,No relevent experience,>20,100-500,Public Sector,4
5155,Has relevent experience,6,<10,Pvt Ltd,1
20293,Has relevent experience,>20,10000+,Pvt Ltd,>4
19858,Has relevent experience,5,10000+,,1
7246,Has relevent experience,18,,,1
20481,Has relevent experience,5,10/49,Pvt Ltd,never
2958,Has relevent experience,9,10/49,Pvt Ltd,1
5645,Has relevent experience,7,100-500,Pvt Ltd,1
3507,Has relevent experience,>20,100-500,Pvt Ltd,>4
31004,No relevent experience,7,50-99,Pvt Ltd,>4
496,Has relevent experience,12,100-500,Pvt Ltd,2
19482,Has relevent experience,>20,50-99,Pvt Ltd,>4
15692,Has relevent experience,8,10/49,Early Stage Startup,1
2702,No relevent experience,6,1000-4999,,1
1029,Has relevent experience,3,50-99,,1
8918,Has relevent experience,5,10/49,Pvt Ltd,2
26300,Has relevent experience,5,100-500,Pvt Ltd,2
24183,Has relevent experience,10,,,1
4658,Has relevent experience,>20,,,>4
8909,Has relevent experience,>20,,,>4
22309,Has relevent experience,>20,10000+,Pvt Ltd,4
19709,Has relevent experience,10,10/49,Pvt Ltd,>4
23603,No relevent experience,5,,,1
17935,Has relevent experience,9,1000-4999,Public Sector,3
21336,No relevent experience,2,,,never
11253,Has relevent experience,5,10000+,Pvt Ltd,1
33020,No relevent experience,7,500-999,NGO,>4
13237,Has relevent experience,17,,,1
6227,Has relevent experience,>20,,,2
9100,Has relevent experience,13,1000-4999,Pvt Ltd,1
14633,Has relevent experience,14,50-99,Pvt Ltd,1
5621,No relevent experience,9,100-500,Public Sector,3
32603,Has relevent experience,>20,<10,Early Stage Startup,1
16793,Has relevent experience,8,50-99,Pvt Ltd,1
4721,Has relevent experience,4,500-999,,1
13283,Has relevent experience,6,10000+,Pvt Ltd,>4
19274,Has relevent experience,5,50-99,Pvt Ltd,2
16497,Has relevent experience,2,10/49,Pvt Ltd,2
11073,No relevent experience,<1,,,1
25883,Has relevent experience,13,50-99,Pvt Ltd,1
20310,No relevent experience,2,100-500,NGO,1
19157,Has relevent experience,7,10000+,Pvt Ltd,1
1802,Has relevent experience,16,500-999,NGO,2
32331,Has relevent experience,6,10000+,Pvt Ltd,1
3451,Has relevent experience,10,10/49,Pvt Ltd,1
990,No relevent experience,<1,,,never
26972,Has relevent experience,5,5000-9999,,1
22179,No relevent experience,7,,,2
25846,Has relevent experience,16,100-500,Pvt Ltd,>4
29197,Has relevent experience,13,100-500,Pvt Ltd,4
13897,No relevent experience,5,10/49,Public Sector,1
11688,Has relevent experience,10,<10,Pvt Ltd,never
2306,Has relevent experience,8,50-99,Public Sector,3
1124,No relevent experience,6,10000+,Public Sector,>4
2313,No relevent experience,>20,50-99,Pvt Ltd,>4
30758,No relevent experience,2,,,1
1018,Has relevent experience,11,100-500,Pvt Ltd,1
32985,No relevent experience,19,,Public Sector,>4
30782,No relevent experience,>20,500-999,Other,>4
13848,Has relevent experience,<1,50-99,,1
14237,Has relevent experience,12,,,1
8114,Has relevent experience,9,5000-9999,Pvt Ltd,>4
10261,Has relevent experience,4,1000-4999,Pvt Ltd,1
5866,Has relevent experience,6,,,1
19852,No relevent experience,>20,10000+,Pvt Ltd,>4
13546,Has relevent experience,12,50-99,Pvt Ltd,>4
19236,No relevent experience,1,,,1
6207,Has relevent experience,9,10000+,Pvt Ltd,1
8389,Has relevent experience,5,50-99,Funded Startup,1
16887,Has relevent experience,>20,100-500,Pvt Ltd,1
16945,No relevent experience,4,,,1
26979,Has relevent experience,5,10/49,Pvt Ltd,3
317,Has relevent experience,>20,10000+,Pvt Ltd,1
23563,Has relevent experience,6,5000-9999,Pvt Ltd,2
15948,No relevent experience,15,,Public Sector,>4
5859,Has relevent experience,15,500-999,Pvt Ltd,1
23622,Has relevent experience,>20,10000+,Pvt Ltd,4
21973,Has relevent experience,19,50-99,Pvt Ltd,4
25864,No relevent experience,3,,,never
10943,No relevent experience,6,,,1
17172,Has relevent experience,2,<10,Early Stage Startup,1
13525,Has relevent experience,5,10/49,,
19005,No relevent experience,2,,,never
8295,Has relevent experience,9,1000-4999,,2
11612,Has relevent experience,>20,,,>4
3119,Has relevent experience,8,50-99,Early Stage Startup,1
10187,Has relevent experience,4,100-500,Pvt Ltd,1
32700,Has relevent experience,3,10/49,Pvt Ltd,1
9820,No relevent experience,3,,,1
30490,Has relevent experience,1,<10,Pvt Ltd,1
32039,Has relevent experience,6,10000+,Pvt Ltd,1
27831,Has relevent experience,3,1000-4999,Pvt Ltd,1
16238,Has relevent experience,7,10000+,Pvt Ltd,never
29297,Has relevent experience,8,50-99,Pvt Ltd,1
24743,No relevent experience,2,,,never
26953,No relevent experience,4,,,1
32899,Has relevent experience,6,50-99,Pvt Ltd,1
23934,Has relevent experience,16,,,1
16409,Has relevent experience,6,100-500,Pvt Ltd,1
4041,Has relevent experience,>20,50-99,Pvt Ltd,>4
25756,Has relevent experience,>20,50-99,Pvt Ltd,>4
1151,Has relevent experience,11,50-99,Pvt Ltd,1
32061,Has relevent experience,14,100-500,Pvt Ltd,1
4722,Has relevent experience,6,500-999,Pvt Ltd,never
31479,Has relevent experience,8,10000+,Pvt Ltd,1
12201,Has relevent experience,14,<10,Pvt Ltd,>4
18742,Has relevent experience,3,10/49,Pvt Ltd,1
12893,No relevent experience,3,10000+,Pvt Ltd,1
26960,Has relevent experience,6,5000-9999,Pvt Ltd,2
4176,Has relevent experience,>20,,,2
18925,Has relevent experience,18,,,1
7924,Has relevent experience,6,100-500,Funded Startup,1
24552,Has relevent experience,15,100-500,Funded Startup,>4
28601,Has relevent experience,6,1000-4999,Pvt Ltd,1
6396,Has relevent experience,>20,1000-4999,Pvt Ltd,1
6706,No relevent experience,<1,,,never
1269,Has relevent experience,12,50-99,Pvt Ltd,>4
27982,No relevent experience,4,10000+,Public Sector,
6169,Has relevent experience,6,10000+,Pvt Ltd,1
30459,Has relevent experience,11,50-99,Pvt Ltd,1
15752,Has relevent experience,7,10000+,Pvt Ltd,1
5147,Has relevent experience,>20,100-500,Pvt Ltd,2
10534,Has relevent experience,17,10000+,Pvt Ltd,1
3569,Has relevent experience,>20,500-999,Pvt Ltd,4
8605,Has relevent experience,8,50-99,Pvt Ltd,
15167,Has relevent experience,6,5000-9999,Pvt Ltd,1
8552,Has relevent experience,8,100-500,NGO,1
7397,Has relevent experience,19,1000-4999,Pvt Ltd,>4
33157,No relevent experience,3,,,never
24653,Has relevent experience,7,10/49,Pvt Ltd,1
3585,Has relevent experience,9,100-500,Pvt Ltd,1
1122,Has relevent experience,17,5000-9999,Pvt Ltd,2
17847,Has relevent experience,4,1000-4999,Pvt Ltd,1
31126,Has relevent experience,4,10/49,Pvt Ltd,1
19457,No relevent experience,2,10/49,,1
9522,No relevent experience,2,100-500,,1
19339,Has relevent experience,3,10/49,Pvt Ltd,1
3998,No relevent experience,9,<10,Early Stage Startup,1
24658,Has relevent experience,>20,100-500,Pvt Ltd,1
28714,Has relevent experience,8,50-99,Pvt Ltd,1
12698,Has relevent experience,>20,100-500,Pvt Ltd,>4
12390,Has relevent experience,10,10000+,Pvt Ltd,2
21866,No relevent experience,12,100-500,NGO,never
421,Has relevent experience,14,50-99,Pvt Ltd,>4
27110,Has relevent experience,8,5000-9999,,never
12947,No relevent experience,1,,,1
31373,Has relevent experience,8,50-99,Pvt Ltd,1
26605,No relevent experience,>20,10/49,Pvt Ltd,>4
20733,Has relevent experience,10,10000+,Pvt Ltd,>4
21995,Has relevent experience,16,,,1
13501,Has relevent experience,7,1000-4999,Public Sector,>4
15119,Has relevent experience,5,10/49,Pvt Ltd,>4
30444,Has relevent experience,12,50-99,Pvt Ltd,>4
20494,Has relevent experience,8,50-99,Pvt Ltd,>4
18126,Has relevent experience,16,500-999,Pvt Ltd,>4
7234,Has relevent experience,>20,<10,Early Stage Startup,1
15490,Has relevent experience,>20,100-500,Pvt Ltd,2
31997,Has relevent experience,13,1000-4999,Pvt Ltd,1
15191,Has relevent experience,6,50-99,,1
19727,No relevent experience,2,,,never
4986,Has relevent experience,>20,50-99,Funded Startup,1
4759,Has relevent experience,4,100-500,Pvt Ltd,1
19646,No relevent experience,1,5000-9999,,never
33059,No relevent experience,9,50-99,Pvt Ltd,1
18475,Has relevent experience,16,,,4
7627,No relevent experience,20,100-500,Pvt Ltd,>4
33075,Has relevent experience,9,<10,Pvt Ltd,1
13880,No relevent experience,4,,,never
15964,No relevent experience,3,,,1
24916,No relevent experience,3,,,never
6781,Has relevent experience,>20,5000-9999,Public Sector,>4
28978,Has relevent experience,20,,,1
1826,Has relevent experience,15,,,2
28416,Has relevent experience,10,,,2
22523,Has relevent experience,>20,500-999,Pvt Ltd,1
7767,No relevent experience,3,,,never
463,Has relevent experience,15,,,2
14756,Has relevent experience,10,50-99,Pvt Ltd,2
3725,Has relevent experience,>20,<10,Early Stage Startup,4
13177,No relevent experience,4,1000-4999,Pvt Ltd,never
10799,No relevent experience,<1,,,1
5794,Has relevent experience,>20,,,1
10013,Has relevent experience,4,,Pvt Ltd,3
13919,No relevent experience,15,,,1
5813,No relevent experience,4,,,never
2745,No relevent experience,5,,,1
27519,Has relevent experience,10,5000-9999,Pvt Ltd,4
2563,Has relevent experience,20,1000-4999,Pvt Ltd,1
5057,Has relevent experience,5,50-99,Pvt Ltd,
15988,Has relevent experience,6,10000+,Pvt Ltd,1
28491,Has relevent experience,10,50-99,Pvt Ltd,4
6015,Has relevent experience,>20,1000-4999,Pvt Ltd,1
30093,No relevent experience,<1,100-500,Pvt Ltd,1
18223,Has relevent experience,7,10000+,Pvt Ltd,4
31447,Has relevent experience,9,1000-4999,Pvt Ltd,never
20043,Has relevent experience,16,,,4
18094,No relevent experience,7,,,never
20391,Has relevent experience,6,50-99,Pvt Ltd,1
10642,Has relevent experience,7,,,1
8155,No relevent experience,6,,,2
13481,No relevent experience,4,500-999,,never
12765,Has relevent experience,13,500-999,Pvt Ltd,>4
1935,Has relevent experience,9,100-500,Pvt Ltd,1
15584,Has relevent experience,>20,,,>4
12370,No relevent experience,2,,,1
11280,No relevent experience,7,,,1
14742,Has relevent experience,<1,<10,Funded Startup,2
17637,Has relevent experience,3,,,
18852,No relevent experience,2,10/49,Funded Startup,2
19039,No relevent experience,3,10/49,Pvt Ltd,1
18455,No relevent experience,>20,,,>4
23044,No relevent experience,8,100-500,Public Sector,1
9256,Has relevent experience,17,10/49,Pvt Ltd,>4
7288,No relevent experience,8,100-500,Pvt Ltd,1
1490,No relevent experience,5,,,never
27100,No relevent experience,5,,,1
2544,No relevent experience,18,1000-4999,Pvt Ltd,>4
5334,Has relevent experience,>20,,,>4
22067,Has relevent experience,19,10000+,Pvt Ltd,>4
23206,Has relevent experience,20,5000-9999,Pvt Ltd,>4
6773,Has relevent experience,>20,100-500,NGO,>4
18695,Has relevent experience,4,1000-4999,Pvt Ltd,1
20314,No relevent experience,>20,,,never
6961,Has relevent experience,5,10000+,Pvt Ltd,2
29157,Has relevent experience,>20,10000+,Pvt Ltd,2
29824,Has relevent experience,7,100-500,Public Sector,2
1682,Has relevent experience,13,,,never
10770,No relevent experience,<1,,,2
9610,Has relevent experience,15,50-99,Pvt Ltd,1
15031,No relevent experience,3,50-99,Pvt Ltd,1
5041,Has relevent experience,>20,,,1
10869,Has relevent experience,3,<10,Pvt Ltd,2
11159,Has relevent experience,10,,,1
25651,Has relevent experience,2,100-500,Pvt Ltd,1
3838,No relevent experience,>20,100-500,Pvt Ltd,>4
9079,Has relevent experience,14,100-500,Pvt Ltd,1
877,Has relevent experience,9,100-500,Pvt Ltd,1
20292,No relevent experience,15,10000+,Pvt Ltd,2
9642,Has relevent experience,6,10000+,Pvt Ltd,1
24706,Has relevent experience,>20,<10,Pvt Ltd,1
6776,No relevent experience,8,,,never
10715,Has relevent experience,2,50-99,Pvt Ltd,1
25743,Has relevent experience,>20,10/49,Pvt Ltd,>4
2932,Has relevent experience,6,10/49,,2
26041,Has relevent experience,10,10000+,Pvt Ltd,1
29418,Has relevent experience,5,1000-4999,,1
32297,Has relevent experience,13,100-500,Pvt Ltd,>4
10664,Has relevent experience,5,,,1
11453,No relevent experience,>20,<10,Pvt Ltd,>4
8428,No relevent experience,3,50-99,Pvt Ltd,1
19022,Has relevent experience,17,<10,Pvt Ltd,2
121,Has relevent experience,9,1000-4999,Pvt Ltd,1
24004,Has relevent experience,3,100-500,Pvt Ltd,3
16401,Has relevent experience,3,<10,Pvt Ltd,2
10750,Has relevent experience,>20,,,>4
7641,Has relevent experience,4,50-99,Pvt Ltd,1
11529,Has relevent experience,9,<10,Pvt Ltd,1
18873,No relevent experience,10,,,1
11827,No relevent experience,14,50-99,Pvt Ltd,1
28600,No relevent experience,3,,,never
17351,No relevent experience,2,,,1
2359,Has relevent experience,4,100-500,Pvt Ltd,1
6788,Has relevent experience,7,10000+,Pvt Ltd,2
3663,Has relevent experience,>20,500-999,Pvt Ltd,>4
14924,No relevent experience,1,,,never
19520,Has relevent experience,2,,,1
28180,Has relevent experience,>20,,,>4
8274,Has relevent experience,4,100-500,Public Sector,3
5164,Has relevent experience,>20,1000-4999,NGO,>4
11969,Has relevent experience,13,10000+,Pvt Ltd,>4
2590,Has relevent experience,15,1000-4999,Pvt Ltd,>4
22810,Has relevent experience,5,50-99,Pvt Ltd,2
25175,No relevent experience,3,100-500,Pvt Ltd,3
14376,No relevent experience,3,,,1
26072,Has relevent experience,11,1000-4999,Pvt Ltd,1
14299,Has relevent experience,2,10000+,Pvt Ltd,1
11448,No relevent experience,3,,,never
31689,No relevent experience,10,100-500,Pvt Ltd,1
9314,Has relevent experience,7,100-500,,1
31865,Has relevent experience,13,10/49,Early Stage Startup,2
9854,Has relevent experience,9,100-500,Pvt Ltd,1
4515,Has relevent experience,>20,,,>4
9191,No relevent experience,12,50-99,Public Sector,1
32816,Has relevent experience,10,100-500,Pvt Ltd,4
18500,Has relevent experience,16,,,2
20502,Has relevent experience,9,10/49,Pvt Ltd,>4
4374,No relevent experience,5,,,1
23316,Has relevent experience,>20,10/49,Pvt Ltd,1
9625,Has relevent experience,>20,100-500,Pvt Ltd,>4
18182,No relevent experience,2,,,never
24633,Has relevent experience,4,,,never
14164,Has relevent experience,8,100-500,Funded Startup,1
8475,Has relevent experience,3,10000+,Pvt Ltd,never
16162,Has relevent experience,>20,,,1
27375,Has relevent experience,12,500-999,Pvt Ltd,>4
27037,Has relevent experience,8,50-99,Funded Startup,2
22352,Has relevent experience,>20,<10,Other,
12373,Has relevent experience,,,,>4
1375,Has relevent experience,6,500-999,Funded Startup,1
453,Has relevent experience,5,10000+,Pvt Ltd,1
9221,No relevent experience,7,,,never
30458,No relevent experience,6,,,
31711,Has relevent experience,>20,,,>4
450,Has relevent experience,>20,50-99,Pvt Ltd,>4
4594,Has relevent experience,14,100-500,Pvt Ltd,4
3088,Has relevent experience,>20,100-500,Funded Startup,1
21253,No relevent experience,5,,,1
16247,Has relevent experience,4,,,2
1502,Has relevent experience,>20,,,4
8039,No relevent experience,10,,,>4
17606,No relevent experience,7,<10,Early Stage Startup,2
29669,Has relevent experience,19,,,4
4224,Has relevent experience,13,500-999,Pvt Ltd,1
13258,Has relevent experience,11,<10,Pvt Ltd,>4
30085,Has relevent experience,16,100-500,Pvt Ltd,1
6422,No relevent experience,5,,,never
19738,Has relevent experience,>20,1000-4999,Pvt Ltd,>4
14605,Has relevent experience,6,5000-9999,Pvt Ltd,1
17839,Has relevent experience,>20,,,1
1158,No relevent experience,10,100-500,Pvt Ltd,4
418,Has relevent experience,16,5000-9999,Pvt Ltd,2
20810,Has relevent experience,14,10/49,Pvt Ltd,3
11416,No relevent experience,3,,,never
16733,Has relevent experience,<1,<10,Early Stage Startup,1
5767,No relevent experience,7,,,1
16547,Has relevent experience,5,,,never
9818,Has relevent experience,12,<10,Pvt Ltd,2
2372,Has relevent experience,>20,,,1
1341,Has relevent experience,3,10000+,Pvt Ltd,1
28633,Has relevent experience,8,100-500,Pvt Ltd,2
26672,Has relevent experience,17,1000-4999,Pvt Ltd,3
21837,Has relevent experience,9,10/49,Funded Startup,>4
32161,No relevent experience,13,,Pvt Ltd,never
24367,Has relevent experience,16,50-99,Pvt Ltd,>4
5328,No relevent experience,6,,Pvt Ltd,never
18927,Has relevent experience,16,10000+,Pvt Ltd,>4
5768,Has relevent experience,12,50-99,Pvt Ltd,>4
23020,Has relevent experience,8,50-99,Pvt Ltd,2
775,No relevent experience,9,,,never
13404,Has relevent experience,>20,10000+,Pvt Ltd,4
2400,Has relevent experience,14,100-500,Funded Startup,1
26941,No relevent experience,2,,,never
9044,No relevent experience,5,<10,Early Stage Startup,never
10444,Has relevent experience,6,50-99,Pvt Ltd,1
29677,Has relevent experience,18,1000-4999,Pvt Ltd,1
17596,Has relevent experience,4,100-500,Public Sector,2
1814,Has relevent experience,19,,,1
28458,Has relevent experience,>20,100-500,Pvt Ltd,3
28956,No relevent experience,2,,,2
16876,Has relevent experience,15,100-500,Pvt Ltd,3
15577,No relevent experience,16,,,>4
2754,Has relevent experience,9,500-999,Pvt Ltd,2
10349,Has relevent experience,5,50-99,Pvt Ltd,never
4154,Has relevent experience,9,100-500,NGO,1
154,Has relevent experience,13,10/49,Public Sector,1
12685,Has relevent experience,6,100-500,Pvt Ltd,1
28568,Has relevent experience,2,,,never
21337,Has relevent experience,7,100-500,Pvt Ltd,3
29436,Has relevent experience,5,50-99,Pvt Ltd,4
756,Has relevent experience,8,<10,Funded Startup,2
4787,Has relevent experience,>20,,,>4
3764,No relevent experience,15,10/49,Pvt Ltd,>4
30330,No relevent experience,3,,,never
27897,No relevent experience,1,10/49,Pvt Ltd,1
955,No relevent experience,8,,,3
22823,No relevent experience,11,5000-9999,Pvt Ltd,1
6942,No relevent experience,5,,,
8876,Has relevent experience,6,10/49,Funded Startup,1
25746,Has relevent experience,11,,,never
17988,Has relevent experience,3,50-99,Pvt Ltd,1
23925,No relevent experience,1,,,never
20283,Has relevent experience,12,,Pvt Ltd,1
6297,Has relevent experience,4,,,never
26143,No relevent experience,8,10/49,,1
14517,Has relevent experience,10,10000+,Pvt Ltd,1
25336,Has relevent experience,4,,,4
23026,Has relevent experience,7,10000+,Pvt Ltd,never
32005,Has relevent experience,17,<10,Pvt Ltd,4
21489,No relevent experience,5,,,1
19153,No relevent experience,4,,,never
29509,No relevent experience,3,,,never
17159,Has relevent experience,16,10000+,Pvt Ltd,>4
15422,No relevent experience,18,,,1
22559,Has relevent experience,6,100-500,Public Sector,2
29455,No relevent experience,4,,,never
7118,Has relevent experience,16,100-500,Pvt Ltd,>4
28583,Has relevent experience,5,,,never
15684,Has relevent experience,6,10/49,Pvt Ltd,1
789,No relevent experience,>20,<10,Pvt Ltd,1
19696,Has relevent experience,5,1000-4999,Pvt Ltd,1
31941,No relevent experience,>20,10000+,Pvt Ltd,4
21605,No relevent experience,4,10000+,,never
23871,Has relevent experience,>20,100-500,Other,>4
24893,Has relevent experience,9,10/49,Funded Startup,2
5497,No relevent experience,<1,,Pvt Ltd,never
16692,Has relevent experience,13,100-500,,2
6570,Has relevent experience,4,5000-9999,Pvt Ltd,1
29373,No relevent experience,14,10000+,NGO,>4
20273,Has relevent experience,>20,10000+,Pvt Ltd,>4
31108,No relevent experience,5,,,never
6213,Has relevent experience,15,,,>4
7888,Has relevent experience,14,,,1
14563,Has relevent experience,1,5000-9999,Pvt Ltd,1
26590,Has relevent experience,14,<10,Early Stage Startup,3
1756,Has relevent experience,12,50-99,Early Stage Startup,2
16361,Has relevent experience,11,10/49,Pvt Ltd,2
10521,Has relevent experience,>20,1000-4999,Pvt Ltd,>4
25420,Has relevent experience,>20,,,>4
22813,Has relevent experience,8,10/49,Pvt Ltd,1
8391,Has relevent experience,9,5000-9999,Pvt Ltd,1
20708,No relevent experience,15,50-99,Pvt Ltd,>4
9069,Has relevent experience,14,100-500,Funded Startup,>4
20272,Has relevent experience,15,50-99,Funded Startup,1
18817,No relevent experience,3,50-99,Early Stage Startup,1
17422,Has relevent experience,6,100-500,Pvt Ltd,1
19919,Has relevent experience,>20,5000-9999,Pvt Ltd,3
24531,Has relevent experience,20,,,3
11349,Has relevent experience,14,<10,Pvt Ltd,1
15246,Has relevent experience,11,100-500,Pvt Ltd,>4
30703,Has relevent experience,17,50-99,Pvt Ltd,>4
33276,Has relevent experience,>20,1000-4999,NGO,4
17182,Has relevent experience,>20,1000-4999,Pvt Ltd,>4
19568,Has relevent experience,8,100-500,Pvt Ltd,1
3566,Has relevent experience,16,10000+,Pvt Ltd,1
9757,Has relevent experience,>20,100-500,Pvt Ltd,4
1539,Has relevent experience,15,100-500,Other,>4
21322,Has relevent experience,<1,100-500,NGO,1
18630,Has relevent experience,4,10/49,Pvt Ltd,3
2205,Has relevent experience,11,50-99,Pvt Ltd,never
441,No relevent experience,8,,,2
12648,Has relevent experience,19,10000+,Public Sector,1
22546,Has relevent experience,<1,50-99,Pvt Ltd,1
14780,No relevent experience,16,50-99,Pvt Ltd,never
27309,Has relevent experience,11,,,1
14827,Has relevent experience,12,1000-4999,Pvt Ltd,1
4763,No relevent experience,9,,,never
29480,No relevent experience,5,,Pvt Ltd,1
26287,Has relevent experience,7,<10,Funded Startup,1
31330,Has relevent experience,5,10000+,Pvt Ltd,3
24894,Has relevent experience,7,,,2
5821,Has relevent experience,9,1000-4999,Pvt Ltd,>4
6222,Has relevent experience,20,100-500,Pvt Ltd,3
4470,No relevent experience,>20,,,>4
19489,Has relevent experience,5,<10,Funded Startup,1
20582,Has relevent experience,17,10000+,Pvt Ltd,1
26510,Has relevent experience,15,,,1
32345,Has relevent experience,15,100-500,NGO,1
13672,No relevent experience,9,,,3
17246,Has relevent experience,3,,Early Stage Startup,1
18058,No relevent experience,5,,,never
10136,Has relevent experience,13,500-999,Pvt Ltd,2
30385,No relevent experience,2,,,never
19416,No relevent experience,>20,,,1
25808,Has relevent experience,>20,100-500,Pvt Ltd,1
9486,Has relevent experience,4,1000-4999,Pvt Ltd,1
14576,Has relevent experience,6,50-99,Pvt Ltd,2
10411,Has relevent experience,5,50-99,Pvt Ltd,2
11084,No relevent experience,2,,,never
7044,Has relevent experience,7,<10,Early Stage Startup,1
15940,Has relevent experience,5,5000-9999,Pvt Ltd,2
4807,No relevent experience,8,10000+,Pvt Ltd,never
11774,Has relevent experience,8,50-99,Pvt Ltd,>4
2100,Has relevent experience,14,1000-4999,Pvt Ltd,1
32819,Has relevent experience,5,,,1
26490,No relevent experience,1,50-99,Pvt Ltd,1
19700,Has relevent experience,11,100-500,,1
4720,Has relevent experience,6,1000-4999,Pvt Ltd,1
14005,No relevent experience,5,,,never
550,Has relevent experience,19,50-99,Pvt Ltd,>4
12749,Has relevent experience,11,10000+,Pvt Ltd,2
29136,No relevent experience,9,500-999,,1
26077,No relevent experience,1,10000+,Pvt Ltd,1
21473,Has relevent experience,15,<10,Pvt Ltd,1
1847,Has relevent experience,>20,10/49,Pvt Ltd,>4
896,Has relevent experience,>20,10000+,Pvt Ltd,2
14683,Has relevent experience,9,100-500,Pvt Ltd,1
29786,Has relevent experience,1,10/49,Funded Startup,1
26976,Has relevent experience,>20,10/49,Other,>4
31145,No relevent experience,8,,Pvt Ltd,never
16324,Has relevent experience,5,100-500,Pvt Ltd,1
27577,Has relevent experience,4,50-99,Pvt Ltd,1
21545,Has relevent experience,3,50-99,Pvt Ltd,2
3388,Has relevent experience,>20,50-99,Pvt Ltd,2
11748,Has relevent experience,8,100-500,Pvt Ltd,>4
23527,Has relevent experience,4,,,1
5867,Has relevent experience,11,,,1
9120,No relevent experience,2,,,never
25115,Has relevent experience,2,,,1
3433,Has relevent experience,4,50-99,,1
24147,No relevent experience,5,,,never
25261,Has relevent experience,15,10000+,Pvt Ltd,4
30564,No relevent experience,2,,Pvt Ltd,never
3529,Has relevent experience,>20,50-99,Pvt Ltd,>4
4583,Has relevent experience,13,100-500,Pvt Ltd,4
30593,Has relevent experience,>20,,,1
19958,No relevent experience,>20,10000+,Pvt Ltd,>4
28039,Has relevent experience,>20,10000+,Pvt Ltd,>4
5413,Has relevent experience,6,10000+,Pvt Ltd,1
21364,Has relevent experience,4,100-500,Pvt Ltd,1
24606,Has relevent experience,2,50-99,Pvt Ltd,1
24040,Has relevent experience,6,50-99,NGO,1
21340,Has relevent experience,7,50-99,Pvt Ltd,1
12173,Has relevent experience,>20,<10,Pvt Ltd,1
13515,Has relevent experience,>20,10000+,Pvt Ltd,>4
11135,No relevent experience,11,,,1
2681,Has relevent experience,7,10/49,Early Stage Startup,1
18109,Has relevent experience,3,10000+,NGO,1
25225,Has relevent experience,5,50-99,,2
1609,Has relevent experience,>20,100-500,Pvt Ltd,3
12065,No relevent experience,3,,,never
3685,Has relevent experience,>20,,,>4
26560,Has relevent experience,2,100-500,Public Sector,2
8672,Has relevent experience,3,100-500,Pvt Ltd,1
12513,Has relevent experience,10,1000-4999,Pvt Ltd,1
29630,Has relevent experience,4,1000-4999,Pvt Ltd,1
19957,Has relevent experience,7,10000+,Pvt Ltd,1
517,Has relevent experience,5,10/49,Early Stage Startup,1
7030,No relevent experience,18,,,2
3757,No relevent experience,1,,,never
23839,No relevent experience,>20,50-99,NGO,>4
8914,Has relevent experience,12,50-99,Pvt Ltd,2
20641,Has relevent experience,5,10000+,Pvt Ltd,1
25228,Has relevent experience,>20,50-99,Pvt Ltd,>4
3456,Has relevent experience,14,1000-4999,Pvt Ltd,2
848,Has relevent experience,15,100-500,Pvt Ltd,>4
1851,Has relevent experience,5,10000+,Pvt Ltd,4
13248,Has relevent experience,9,5000-9999,,
31855,Has relevent experience,>20,,,2
728,Has relevent experience,14,50-99,Funded Startup,2
25869,Has relevent experience,6,<10,Pvt Ltd,1
1957,Has relevent experience,12,,,1
24626,Has relevent experience,16,,,1
24220,Has relevent experience,15,500-999,Pvt Ltd,>4
24598,Has relevent experience,12,,,3
24192,Has relevent experience,10,50-99,Pvt Ltd,2
31803,Has relevent experience,10,,,1
9859,Has relevent experience,<1,10/49,NGO,never
5870,No relevent experience,11,,Pvt Ltd,>4
29806,Has relevent experience,8,10000+,,3
13758,No relevent experience,>20,1000-4999,Public Sector,3
32567,No relevent experience,4,10000+,Pvt Ltd,1
14885,Has relevent experience,6,,,>4
15656,Has relevent experience,>20,10000+,Pvt Ltd,1
21324,Has relevent experience,16,10/49,Pvt Ltd,2
4174,Has relevent experience,12,,,4
25484,Has relevent experience,4,10/49,Funded Startup,2
15439,Has relevent experience,18,10/49,Funded Startup,2
1478,No relevent experience,>20,,,>4
9476,No relevent experience,2,,,2
32784,Has relevent experience,>20,,,>4
32622,Has relevent experience,5,10000+,Pvt Ltd,2
14216,No relevent experience,2,100-500,Pvt Ltd,1
32465,Has relevent experience,7,50-99,Pvt Ltd,1
23655,Has relevent experience,10,100-500,Pvt Ltd,2
30014,Has relevent experience,10,<10,,1
19004,No relevent experience,2,,Public Sector,1
25600,Has relevent experience,10,50-99,Pvt Ltd,4
3099,Has relevent experience,18,10000+,Pvt Ltd,>4
24629,Has relevent experience,16,,Public Sector,>4
18113,Has relevent experience,8,100-500,Pvt Ltd,4
3262,Has relevent experience,9,50-99,Pvt Ltd,1
14973,Has relevent experience,13,10000+,Pvt Ltd,2
2686,Has relevent experience,8,10000+,Pvt Ltd,1
2434,No relevent experience,10,100-500,Pvt Ltd,>4
5486,No relevent experience,9,50-99,Funded Startup,1
7098,Has relevent experience,7,10/49,Funded Startup,3
28462,No relevent experience,1,10000+,Pvt Ltd,1
19477,Has relevent experience,2,1000-4999,Pvt Ltd,1
11903,Has relevent experience,>20,<10,Pvt Ltd,>4
31726,No relevent experience,4,,Pvt Ltd,never
26799,Has relevent experience,17,10/49,,1
3503,Has relevent experience,6,5000-9999,Pvt Ltd,1
22484,Has relevent experience,>20,10/49,Pvt Ltd,4
24198,No relevent experience,6,,,1
1066,Has relevent experience,15,,,>4
6582,Has relevent experience,9,50-99,Pvt Ltd,2
17905,Has relevent experience,16,<10,Early Stage Startup,1
16155,No relevent experience,11,<10,Early Stage Startup,1
24962,Has relevent experience,19,10000+,Pvt Ltd,>4
6637,No relevent experience,5,5000-9999,Pvt Ltd,>4
21072,Has relevent experience,2,50-99,Pvt Ltd,1
2241,Has relevent experience,18,10000+,Pvt Ltd,never
24904,Has relevent experience,<1,50-99,,1
15148,Has relevent experience,12,100-500,Pvt Ltd,2
3364,Has relevent experience,15,,,1
19841,Has relevent experience,8,1000-4999,Pvt Ltd,1
4481,No relevent experience,3,<10,Funded Startup,1
19383,No relevent experience,1,,,never
12621,No relevent experience,3,,,1
22778,No relevent experience,>20,,,1
25978,Has relevent experience,6,50-99,Public Sector,2
22970,No relevent experience,2,50-99,Funded Startup,1
5582,Has relevent experience,>20,10000+,Pvt Ltd,>4
32508,Has relevent experience,>20,<10,Pvt Ltd,3
3994,Has relevent experience,10,100-500,NGO,1
23445,Has relevent experience,14,50-99,Pvt Ltd,4
7925,Has relevent experience,5,<10,Pvt Ltd,1
33077,Has relevent experience,10,1000-4999,Pvt Ltd,>4
29728,Has relevent experience,6,100-500,,1
22530,Has relevent experience,7,5000-9999,Pvt Ltd,4
21269,Has relevent experience,11,1000-4999,Pvt Ltd,>4
15417,No relevent experience,>20,,,>4
1222,Has relevent experience,3,1000-4999,Pvt Ltd,1
18358,No relevent experience,8,,,1
27440,Has relevent experience,4,10000+,Pvt Ltd,1
11027,Has relevent experience,7,50-99,Pvt Ltd,4
11274,Has relevent experience,>20,<10,Pvt Ltd,>4
10006,No relevent experience,10,1000-4999,Pvt Ltd,1
9446,Has relevent experience,6,50-99,Funded Startup,1
22290,Has relevent experience,>20,1000-4999,Pvt Ltd,>4
28257,Has relevent experience,9,10/49,Funded Startup,>4
3556,No relevent experience,18,100-500,Public Sector,>4
23237,Has relevent experience,10,10/49,Pvt Ltd,3
8064,Has relevent experience,9,,,1
32653,Has relevent experience,6,50-99,Public Sector,2
9113,Has relevent experience,8,,,1
22728,Has relevent experience,17,100-500,Pvt Ltd,1
23006,Has relevent experience,>20,<10,Pvt Ltd,4
30252,Has relevent experience,>20,1000-4999,,2
5471,No relevent experience,>20,,,>4
32244,No relevent experience,>20,10000+,Pvt Ltd,2
20962,Has relevent experience,>20,,,4
15046,Has relevent experience,20,50-99,Pvt Ltd,1
7661,No relevent experience,7,100-500,Funded Startup,1
22631,No relevent experience,5,,,1
30881,No relevent experience,8,<10,Early Stage Startup,1
17322,Has relevent experience,10,10000+,Pvt Ltd,4
8422,Has relevent experience,6,50-99,Other,1
1976,Has relevent experience,8,10/49,Other,1
8723,Has relevent experience,13,,,>4
15556,Has relevent experience,7,100-500,Pvt Ltd,1
23112,Has relevent experience,>20,100-500,Pvt Ltd,1
19063,Has relevent experience,3,100-500,Pvt Ltd,1
10649,Has relevent experience,4,10/49,,1
18799,No relevent experience,2,10/49,Pvt Ltd,1
31706,Has relevent experience,7,50-99,Pvt Ltd,2
23643,No relevent experience,6,,,1
11241,Has relevent experience,>20,100-500,Pvt Ltd,3
26113,No relevent experience,15,,,1
16253,No relevent experience,10,100-500,Pvt Ltd,>4
25838,No relevent experience,7,,,never
14071,Has relevent experience,4,,,2
22177,No relevent experience,>20,,Pvt Ltd,1
25917,Has relevent experience,>20,,,>4
2581,Has relevent experience,15,<10,Pvt Ltd,1
653,Has relevent experience,>20,10000+,Pvt Ltd,3
27247,Has relevent experience,6,10/49,Pvt Ltd,1
23186,No relevent experience,1,<10,Public Sector,never
1974,Has relevent experience,9,,,>4
24922,Has relevent experience,4,<10,Early Stage Startup,1
3539,No relevent experience,8,,,1
14549,Has relevent experience,5,<10,Funded Startup,2
16731,No relevent experience,3,,,never
352,Has relevent experience,16,10/49,Pvt Ltd,>4
27433,No relevent experience,4,,,1
21750,Has relevent experience,5,50-99,Pvt Ltd,1
15735,No relevent experience,11,1000-4999,Public Sector,>4
4290,No relevent experience,>20,100-500,Public Sector,>4
31223,No relevent experience,3,,,never
22644,Has relevent experience,11,500-999,Pvt Ltd,3
21631,Has relevent experience,14,50-99,Public Sector,2
7796,No relevent experience,<1,,,never
8450,No relevent experience,<1,,,never
2085,Has relevent experience,16,50-99,Funded Startup,2
19869,Has relevent experience,16,10000+,Pvt Ltd,4
8533,Has relevent experience,15,100-500,Pvt Ltd,>4
29056,Has relevent experience,10,<10,Early Stage Startup,1
19476,Has relevent experience,>20,10000+,Pvt Ltd,1
5462,Has relevent experience,15,,,>4
19693,Has relevent experience,10,1000-4999,Public Sector,3
19411,Has relevent experience,15,1000-4999,Pvt Ltd,1
6036,Has relevent experience,20,,,1
5929,Has relevent experience,10,50-99,Pvt Ltd,4
2722,Has relevent experience,3,,,never
26191,Has relevent experience,9,50-99,Pvt Ltd,1
20018,Has relevent experience,15,1000-4999,Pvt Ltd,>4
8003,Has relevent experience,8,,,>4
28330,No relevent experience,5,,,never
23074,Has relevent experience,>20,1000-4999,Pvt Ltd,4
31923,Has relevent experience,2,50-99,Early Stage Startup,1
14371,Has relevent experience,14,100-500,Early Stage Startup,1
32637,No relevent experience,2,,,never
4603,No relevent experience,1,,,never
6478,No relevent experience,16,500-999,Pvt Ltd,1
30435,No relevent experience,6,,,1
18240,Has relevent experience,>20,50-99,Pvt Ltd,1
4264,No relevent experience,>20,,,>4
33306,No relevent experience,10,,,4
27745,No relevent experience,>20,,,>4
7864,Has relevent experience,11,100-500,Pvt Ltd,>4
18955,Has relevent experience,12,<10,Early Stage Startup,1
21912,Has relevent experience,4,,,never
4935,Has relevent experience,>20,,,2
28800,No relevent experience,14,1000-4999,Public Sector,1
3426,Has relevent experience,11,1000-4999,Pvt Ltd,>4
8385,No relevent experience,4,,,1
22550,Has relevent experience,5,1000-4999,Pvt Ltd,3
2191,Has relevent experience,10,10/49,Early Stage Startup,1
981,Has relevent experience,12,10000+,Pvt Ltd,2
26626,Has relevent experience,8,10/49,Pvt Ltd,1
20495,No relevent experience,1,,,never
11328,No relevent experience,1,,,never
23380,No relevent experience,8,50-99,,4
20379,Has relevent experience,3,10/49,Pvt Ltd,3
30941,No relevent experience,3,10/49,Pvt Ltd,1
22449,Has relevent experience,6,50-99,,never
1030,Has relevent experience,>20,10000+,Pvt Ltd,>4
20599,Has relevent experience,8,1000-4999,Pvt Ltd,2
9249,Has relevent experience,>20,10/49,Pvt Ltd,2
18433,Has relevent experience,6,1000-4999,Pvt Ltd,2
25017,Has relevent experience,19,500-999,Pvt Ltd,1
23703,No relevent experience,6,,,1
13755,Has relevent experience,3,,,1
19566,No relevent experience,2,,,1
21874,No relevent experience,1,,,never
11256,Has relevent experience,19,1000-4999,Pvt Ltd,>4
1867,Has relevent experience,2,<10,Pvt Ltd,1
22017,No relevent experience,3,,,never
1787,Has relevent experience,4,100-500,Pvt Ltd,2
30945,Has relevent experience,5,1000-4999,Pvt Ltd,1
2735,Has relevent experience,1,<10,Funded Startup,1
2027,No relevent experience,<1,,,1
11847,Has relevent experience,12,50-99,Pvt Ltd,1
4921,No relevent experience,6,,,never
24142,Has relevent experience,5,,,2
9289,Has relevent experience,8,10/49,Pvt Ltd,never
6156,No relevent experience,7,,,never
17038,Has relevent experience,20,5000-9999,Pvt Ltd,1
11788,Has relevent experience,>20,100-500,Pvt Ltd,1
6965,Has relevent experience,9,,,1
33298,No relevent experience,>20,<10,Pvt Ltd,>4
16973,Has relevent experience,>20,100-500,Pvt Ltd,2
26959,Has relevent experience,12,10000+,Pvt Ltd,2
7004,Has relevent experience,2,<10,Pvt Ltd,1
16223,Has relevent experience,13,50-99,Pvt Ltd,4
20457,No relevent experience,2,,,never
7110,Has relevent experience,12,100-500,Pvt Ltd,2
2980,Has relevent experience,11,100-500,Pvt Ltd,2
19169,Has relevent experience,12,10/49,Pvt Ltd,>4
10487,No relevent experience,10,500-999,Public Sector,1
16676,Has relevent experience,6,1000-4999,Pvt Ltd,2
12354,No relevent experience,7,,,2
3023,Has relevent experience,3,1000-4999,Pvt Ltd,2
20201,No relevent experience,1,,,never
16227,No relevent experience,8,,,never
24045,Has relevent experience,3,100-500,NGO,1
7441,Has relevent experience,>20,5000-9999,Pvt Ltd,4
23010,No relevent experience,8,1000-4999,Pvt Ltd,1
19697,No relevent experience,<1,10000+,Pvt Ltd,1
4890,Has relevent experience,5,50-99,Pvt Ltd,never
29138,Has relevent experience,>20,10000+,Pvt Ltd,1
696,Has relevent experience,6,,Pvt Ltd,1
18253,Has relevent experience,12,100-500,Pvt Ltd,>4
20763,Has relevent experience,8,5000-9999,Pvt Ltd,>4
16768,Has relevent experience,14,<10,Pvt Ltd,>4
31094,Has relevent experience,3,,,2
2820,Has relevent experience,9,,,1
7422,Has relevent experience,8,100-500,Pvt Ltd,2
29791,Has relevent experience,>20,<10,Pvt Ltd,>4
22105,Has relevent experience,9,,,3
866,Has relevent experience,9,,,2
28757,Has relevent experience,6,50-99,Pvt Ltd,1
12828,No relevent experience,13,50-99,Public Sector,never
23027,Has relevent experience,5,50-99,Pvt Ltd,1
22491,No relevent experience,2,,,1
23932,Has relevent experience,12,1000-4999,Pvt Ltd,2
19657,No relevent experience,6,1000-4999,Public Sector,never
18122,Has relevent experience,>20,10000+,Pvt Ltd,>4
4800,Has relevent experience,17,500-999,Pvt Ltd,never
4447,Has relevent experience,10,100-500,Pvt Ltd,>4
24299,Has relevent experience,3,50-99,Pvt Ltd,1
29923,Has relevent experience,13,,,1
7085,Has relevent experience,3,10000+,Pvt Ltd,1
24212,Has relevent experience,6,50-99,Pvt Ltd,>4
20375,Has relevent experience,5,10/49,Funded Startup,1
9470,Has relevent experience,2,50-99,Pvt Ltd,1
17240,Has relevent experience,>20,500-999,Pvt Ltd,1
18265,Has relevent experience,>20,,,>4
18444,No relevent experience,4,,,
9053,No relevent experience,1,,,1
13086,Has relevent experience,4,100-500,Pvt Ltd,1
3950,No relevent experience,6,,Pvt Ltd,never
15694,Has relevent experience,>20,1000-4999,Pvt Ltd,1
28835,Has relevent experience,3,10000+,Pvt Ltd,1
2126,Has relevent experience,14,100-500,Funded Startup,1
26131,No relevent experience,4,,,1
30530,No relevent experience,<1,,,1
9722,Has relevent experience,15,,,2
8764,Has relevent experience,11,100-500,Funded Startup,1
19796,Has relevent experience,14,,,2
12380,No relevent experience,3,,,never
13777,Has relevent experience,12,50-99,Pvt Ltd,1
14597,Has relevent experience,>20,1000-4999,Pvt Ltd,1
2499,Has relevent experience,11,1000-4999,Pvt Ltd,1
16267,No relevent experience,3,,,never
6071,Has relevent experience,3,10/49,Pvt Ltd,1
12116,Has relevent experience,>20,,,>4
23990,No relevent experience,4,,Public Sector,1
20410,Has relevent experience,>20,100-500,Pvt Ltd,2
21368,No relevent experience,6,100-500,Funded Startup,1
5651,Has relevent experience,17,5000-9999,Pvt Ltd,>4
4314,Has relevent experience,2,5000-9999,Public Sector,2
22570,Has relevent experience,4,500-999,Pvt Ltd,
9127,Has relevent experience,1,500-999,Pvt Ltd,1
26228,No relevent experience,>20,10000+,Pvt Ltd,>4
10495,Has relevent experience,>20,100-500,Funded Startup,1
28128,No relevent experience,5,,,1
3612,Has relevent experience,>20,1000-4999,Pvt Ltd,1
4622,Has relevent experience,19,500-999,,never
19792,Has relevent experience,5,<10,Early Stage Startup,1
24066,Has relevent experience,9,<10,Pvt Ltd,3
17195,No relevent experience,4,10000+,,1
14166,Has relevent experience,16,,,1
918,Has relevent experience,7,50-99,Pvt Ltd,2
22828,Has relevent experience,10,10000+,,2
32041,No relevent experience,7,,,never
2339,Has relevent experience,17,,,1
8772,Has relevent experience,>20,,,4
18302,Has relevent experience,5,100-500,Pvt Ltd,1
4183,No relevent experience,10,10000+,Pvt Ltd,1
13751,Has relevent experience,14,<10,Pvt Ltd,>4
20594,Has relevent experience,9,,,1
31645,Has relevent experience,8,10/49,Funded Startup,1
10658,No relevent experience,8,,,>4
32157,Has relevent experience,18,,,never
22980,No relevent experience,7,,,1
14604,Has relevent experience,>20,,,2
4085,Has relevent experience,>20,1000-4999,Pvt Ltd,>4
12939,Has relevent experience,>20,,,>4
10539,Has relevent experience,15,10/49,Pvt Ltd,1
30602,Has relevent experience,>20,<10,Pvt Ltd,never
10710,Has relevent experience,17,<10,Pvt Ltd,1
708,Has relevent experience,13,10/49,Funded Startup,3
28250,Has relevent experience,6,10000+,Pvt Ltd,1
21615,No relevent experience,4,,,1
29644,Has relevent experience,4,500-999,,1
338,Has relevent experience,8,,,2
27732,No relevent experience,2,,,never
12560,Has relevent experience,4,100-500,Pvt Ltd,1
26363,Has relevent experience,>20,,,>4
23180,Has relevent experience,12,10000+,Pvt Ltd,3
20597,Has relevent experience,>20,10/49,Pvt Ltd,>4
20444,No relevent experience,5,<10,Pvt Ltd,1
30699,Has relevent experience,5,50-99,Pvt Ltd,1
14828,Has relevent experience,7,<10,Pvt Ltd,2
14018,Has relevent experience,12,50-99,Pvt Ltd,>4
5583,Has relevent experience,17,,,1
5880,Has relevent experience,5,<10,Early Stage Startup,never
23019,Has relevent experience,12,50-99,,4
20470,No relevent experience,>20,10000+,Pvt Ltd,>4
27299,No relevent experience,3,,,never
3791,Has relevent experience,6,10000+,Public Sector,never
1552,Has relevent experience,7,100-500,NGO,1
20023,Has relevent experience,7,500-999,NGO,1
4073,No relevent experience,>20,,,1
25663,No relevent experience,7,50-99,Pvt Ltd,2
29585,Has relevent experience,4,100-500,Pvt Ltd,1
31795,Has relevent experience,>20,100-500,Pvt Ltd,1
19763,Has relevent experience,2,10000+,Pvt Ltd,1
11725,Has relevent experience,11,50-99,Pvt Ltd,4
8932,Has relevent experience,8,100-500,Funded Startup,2
16459,Has relevent experience,14,50-99,Pvt Ltd,>4
7383,Has relevent experience,7,10000+,Pvt Ltd,1
26768,Has relevent experience,2,,,1
3978,Has relevent experience,>20,1000-4999,Pvt Ltd,>4
26408,Has relevent experience,14,50-99,,3
11429,Has relevent experience,17,10000+,Pvt Ltd,>4
9832,Has relevent experience,>20,,,>4
13908,Has relevent experience,6,,,>4
3324,No relevent experience,>20,,Public Sector,>4
19480,Has relevent experience,10,50-99,Pvt Ltd,4
10645,Has relevent experience,,100-500,Pvt Ltd,1
23998,No relevent experience,5,5000-9999,Pvt Ltd,1
3442,Has relevent experience,13,10/49,Pvt Ltd,1
29251,Has relevent experience,5,<10,Other,
24411,Has relevent experience,3,50-99,Pvt Ltd,3
359,Has relevent experience,9,10000+,Pvt Ltd,>4
29507,Has relevent experience,>20,100-500,Pvt Ltd,>4
31324,Has relevent experience,7,100-500,Pvt Ltd,1
13971,Has relevent experience,6,50-99,Public Sector,2
15804,No relevent experience,2,,,never
18199,Has relevent experience,19,,,1
28486,No relevent experience,3,,,never
13932,Has relevent experience,13,10/49,Pvt Ltd,1
28404,No relevent experience,2,,,2
5802,No relevent experience,9,,Pvt Ltd,never
24609,No relevent experience,5,50-99,Pvt Ltd,3
4155,Has relevent experience,>20,1000-4999,Pvt Ltd,>4
13483,No relevent experience,7,,,2
12335,No relevent experience,13,,,never
25060,Has relevent experience,9,10000+,Pvt Ltd,4
5153,Has relevent experience,5,50-99,Pvt Ltd,1
21093,No relevent experience,<1,,,never
7643,No relevent experience,3,,,2
30177,Has relevent experience,7,500-999,Pvt Ltd,2
2787,Has relevent experience,18,50-99,Other,2
1241,Has relevent experience,>20,10000+,Pvt Ltd,>4
19586,No relevent experience,>20,,,1
11783,No relevent experience,5,,,never
490,Has relevent experience,>20,,,>4
22349,Has relevent experience,>20,10/49,Pvt Ltd,
28106,Has relevent experience,>20,10/49,,1
7317,No relevent experience,11,,,1
22473,Has relevent experience,6,1000-4999,Pvt Ltd,2
17061,Has relevent experience,4,10000+,Pvt Ltd,2
9009,Has relevent experience,2,1000-4999,Pvt Ltd,1
23914,Has relevent experience,13,10000+,Pvt Ltd,>4
27253,No relevent experience,1,,,1
15686,No relevent experience,7,,Pvt Ltd,1
18028,No relevent experience,9,,,1
26958,No relevent experience,4,1000-4999,Pvt Ltd,2
4940,Has relevent experience,10,10000+,Pvt Ltd,1
21778,Has relevent experience,>20,10000+,Pvt Ltd,>4
15698,Has relevent experience,>20,50-99,Pvt Ltd,>4
20033,Has relevent experience,13,1000-4999,Pvt Ltd,1
27366,No relevent experience,<1,,,never
10557,Has relevent experience,9,50-99,Early Stage Startup,never
16106,No relevent experience,>20,,,>4
246,Has relevent experience,4,50-99,Pvt Ltd,never
21796,Has relevent experience,20,50-99,Pvt Ltd,1
25162,Has relevent experience,12,,,1
32544,Has relevent experience,>20,10000+,Pvt Ltd,>4
3557,No relevent experience,1,,Pvt Ltd,never
2463,No relevent experience,4,,,1
4615,Has relevent experience,5,10/49,Pvt Ltd,1
15394,Has relevent experience,5,,,2
5570,Has relevent experience,6,50-99,Pvt Ltd,1
8534,Has relevent experience,6,100-500,Pvt Ltd,3
12808,Has relevent experience,4,500-999,Other,1
14418,Has relevent experience,2,50-99,Pvt Ltd,1
32054,No relevent experience,4,10/49,Pvt Ltd,
544,Has relevent experience,10,50-99,Funded Startup,1
15999,Has relevent experience,19,1000-4999,Pvt Ltd,4
22441,Has relevent experience,5,<10,Pvt Ltd,1
5059,No relevent experience,<1,,,never
5165,No relevent experience,3,,Pvt Ltd,never
7301,Has relevent experience,10,100-500,Pvt Ltd,2
7177,Has relevent experience,9,100-500,Pvt Ltd,>4
14453,Has relevent experience,8,100-500,Pvt Ltd,3
17105,Has relevent experience,5,10000+,Pvt Ltd,never
20046,No relevent experience,2,,,
29250,No relevent experience,2,50-99,Pvt Ltd,1
8458,Has relevent experience,6,50-99,,1
25676,Has relevent experience,16,500-999,Pvt Ltd,never
48,Has relevent experience,2,,Pvt Ltd,1
17327,Has relevent experience,4,10/49,Pvt Ltd,2
6325,Has relevent experience,9,1000-4999,Pvt Ltd,1
28472,Has relevent experience,5,100-500,Pvt Ltd,2
17862,Has relevent experience,14,,,>4
19038,Has relevent experience,18,,,1
31800,No relevent experience,7,,,1
15790,Has relevent experience,4,50-99,Pvt Ltd,1
1595,No relevent experience,>20,,,>4
8654,Has relevent experience,7,10/49,Funded Startup,1
24096,Has relevent experience,13,50-99,Early Stage Startup,2
23780,No relevent experience,<1,,,1
11216,Has relevent experience,13,5000-9999,Pvt Ltd,>4
32413,No relevent experience,5,50-99,,never
11675,Has relevent experience,18,50-99,Pvt Ltd,>4
4008,Has relevent experience,10,50-99,Public Sector,4
8989,No relevent experience,11,,,never
26122,Has relevent experience,>20,,Pvt Ltd,1
4139,Has relevent experience,14,1000-4999,Pvt Ltd,4
16343,Has relevent experience,11,50-99,Pvt Ltd,1
25352,Has relevent experience,11,<10,,1
22878,Has relevent experience,10,10000+,Public Sector,>4
4632,No relevent experience,9,,Pvt Ltd,never
5244,Has relevent experience,15,100-500,,4
30917,No relevent experience,>20,,,>4
27808,Has relevent experience,9,50-99,Pvt Ltd,1
4556,No relevent experience,2,,,
25089,Has relevent experience,7,<10,Early Stage Startup,never
21528,No relevent experience,15,,,1
3718,Has relevent experience,>20,,,2
698,Has relevent experience,1,10/49,Pvt Ltd,1
10924,Has relevent experience,5,100-500,Pvt Ltd,never
8510,Has relevent experience,10,1000-4999,Public Sector,never
6904,Has relevent experience,1,,,1
21560,Has relevent experience,>20,50-99,Pvt Ltd,2
22490,No relevent experience,6,10000+,Pvt Ltd,4
7273,Has relevent experience,10,1000-4999,Pvt Ltd,3
32515,Has relevent experience,16,,,2
7646,Has relevent experience,10,,,1
27728,Has relevent experience,>20,50-99,Public Sector,>4
5010,Has relevent experience,12,500-999,Pvt Ltd,2
32024,No relevent experience,5,1000-4999,Public Sector,2
16988,Has relevent experience,10,,Public Sector,1
16478,No relevent experience,2,100-500,Pvt Ltd,1
1791,Has relevent experience,2,<10,Early Stage Startup,1
10441,Has relevent experience,>20,1000-4999,Public Sector,never
5845,Has relevent experience,<1,10/49,Public Sector,1
10081,Has relevent experience,5,<10,Early Stage Startup,1
7692,Has relevent experience,>20,,,>4
6002,Has relevent experience,14,50-99,Public Sector,2
30324,Has relevent experience,11,100-500,Public Sector,>4
27171,Has relevent experience,7,50-99,,3
22137,Has relevent experience,10,10000+,NGO,3
6549,Has relevent experience,,1000-4999,Pvt Ltd,1
2217,Has relevent experience,10,1000-4999,Pvt Ltd,1
21102,Has relevent experience,3,<10,Pvt Ltd,2
9186,Has relevent experience,6,<10,Pvt Ltd,never
18482,Has relevent experience,5,50-99,Pvt Ltd,1
8842,No relevent experience,3,,Pvt Ltd,>4
18304,No relevent experience,2,,,1
24911,Has relevent experience,>20,50-99,Pvt Ltd,1
30338,Has relevent experience,>20,1000-4999,Pvt Ltd,2
29732,No relevent experience,4,,,1
7348,No relevent experience,3,1000-4999,Pvt Ltd,1
24697,No relevent experience,8,,,never
5332,Has relevent experience,12,1000-4999,Pvt Ltd,2
7668,Has relevent experience,11,5000-9999,Pvt Ltd,2
29917,No relevent experience,4,,,1
32687,Has relevent experience,<1,,,
5103,Has relevent experience,>20,10000+,Public Sector,1
23634,Has relevent experience,15,50-99,Pvt Ltd,>4
4161,Has relevent experience,6,100-500,Pvt Ltd,1
17926,Has relevent experience,13,10000+,Pvt Ltd,2
17409,Has relevent experience,14,50-99,Funded Startup,1
24696,Has relevent experience,>20,10000+,Pvt Ltd,3
8628,Has relevent experience,7,500-999,Pvt Ltd,1
7803,No relevent experience,2,5000-9999,Pvt Ltd,1
26593,Has relevent experience,14,,,1
19446,Has relevent experience,2,100-500,Early Stage Startup,1
11623,Has relevent experience,<1,10/49,Pvt Ltd,1
24843,No relevent experience,4,,,never
27457,Has relevent experience,>20,<10,Pvt Ltd,>4
26222,Has relevent experience,4,<10,Early Stage Startup,1
13702,Has relevent experience,5,5000-9999,Pvt Ltd,1
10496,Has relevent experience,3,,,1
9028,Has relevent experience,6,10/49,Funded Startup,>4
23697,No relevent experience,12,,,never
17258,No relevent experience,<1,50-99,Other,never
29118,Has relevent experience,6,10000+,Pvt Ltd,1
21009,Has relevent experience,11,50-99,Pvt Ltd,2
17416,Has relevent experience,7,10/49,Pvt Ltd,1
16999,Has relevent experience,6,<10,Pvt Ltd,3
21113,Has relevent experience,7,,,1
6814,No relevent experience,5,10/49,Funded Startup,3
2286,Has relevent experience,4,50-99,Pvt Ltd,1
31848,Has relevent experience,7,10000+,Pvt Ltd,1
14978,Has relevent experience,12,10/49,Early Stage Startup,1
25014,Has relevent experience,>20,50-99,Pvt Ltd,3
29058,Has relevent experience,15,100-500,Pvt Ltd,2
8650,Has relevent experience,5,50-99,Pvt Ltd,2
25602,Has relevent experience,15,,,1
12933,Has relevent experience,9,10000+,Pvt Ltd,1
17558,Has relevent experience,5,,,3
3475,Has relevent experience,>20,100-500,Pvt Ltd,1
27973,No relevent experience,8,50-99,Pvt Ltd,1
19905,Has relevent experience,19,1000-4999,Pvt Ltd,>4
20382,No relevent experience,<1,,,
5940,Has relevent experience,9,1000-4999,Pvt Ltd,2
15220,Has relevent experience,>20,1000-4999,Public Sector,>4
31035,No relevent experience,2,500-999,Pvt Ltd,2
12590,Has relevent experience,8,50-99,Pvt Ltd,>4
30022,Has relevent experience,10,<10,Pvt Ltd,1
22414,No relevent experience,<1,,,
4168,Has relevent experience,15,1000-4999,Pvt Ltd,2
10651,Has relevent experience,>20,100-500,Pvt Ltd,2
33164,Has relevent experience,>20,10000+,Pvt Ltd,>4
28376,Has relevent experience,12,,,1
14024,Has relevent experience,8,100-500,Public Sector,1
15869,No relevent experience,4,,,2
31229,Has relevent experience,6,<10,Pvt Ltd,2
6269,Has relevent experience,>20,,,>4
6680,Has relevent experience,2,50-99,Pvt Ltd,
928,Has relevent experience,10,50-99,,3
19787,Has relevent experience,4,100-500,Pvt Ltd,3
2255,No relevent experience,>20,50-99,Pvt Ltd,1
1845,Has relevent experience,>20,10000+,Pvt Ltd,>4
27412,Has relevent experience,9,500-999,Pvt Ltd,2
6561,Has relevent experience,18,100-500,,1
6679,Has relevent experience,10,1000-4999,Pvt Ltd,1
2598,Has relevent experience,11,100-500,Pvt Ltd,2
22758,No relevent experience,2,,,never
21371,Has relevent experience,10,50-99,Pvt Ltd,1
23082,No relevent experience,10,,,2
22056,Has relevent experience,14,100-500,Pvt Ltd,1
14729,No relevent experience,2,,,1
27236,Has relevent experience,>20,50-99,Pvt Ltd,4
1503,Has relevent experience,2,,,1
17097,Has relevent experience,4,,,never
23406,Has relevent experience,6,,,>4
33214,Has relevent experience,13,10000+,Pvt Ltd,1
2717,No relevent experience,5,,,never
2061,Has relevent experience,15,<10,Early Stage Startup,1
16897,No relevent experience,3,,,never
4354,No relevent experience,2,,,never
32779,Has relevent experience,6,,,1
2213,Has relevent experience,19,50-99,Pvt Ltd,>4
21386,Has relevent experience,>20,,,2
24798,Has relevent experience,>20,10000+,Pvt Ltd,>4
26203,No relevent experience,3,10/49,Pvt Ltd,2
29535,Has relevent experience,>20,5000-9999,Pvt Ltd,2
2371,No relevent experience,6,50-99,Pvt Ltd,1
18862,Has relevent experience,5,1000-4999,Pvt Ltd,1
25837,Has relevent experience,9,50-99,Pvt Ltd,>4
8085,Has relevent experience,10,50-99,,1
10117,No relevent experience,4,10000+,Pvt Ltd,2
4883,No relevent experience,3,,Pvt Ltd,never
12166,No relevent experience,1,,,
27169,Has relevent experience,5,,,
13295,No relevent experience,4,,,never
15048,Has relevent experience,5,100-500,Pvt Ltd,1
3681,Has relevent experience,8,<10,Funded Startup,3
28021,Has relevent experience,4,100-500,Funded Startup,2
23035,Has relevent experience,3,500-999,Pvt Ltd,2
14610,Has relevent experience,9,10/49,Pvt Ltd,1
14556,Has relevent experience,4,5000-9999,Pvt Ltd,never
33174,Has relevent experience,5,10/49,Pvt Ltd,1
1941,No relevent experience,5,,Pvt Ltd,never
6669,Has relevent experience,15,100-500,Pvt Ltd,2
30752,Has relevent experience,6,50-99,Pvt Ltd,4
4767,No relevent experience,3,,,1
30629,Has relevent experience,8,10/49,Early Stage Startup,1
19692,Has relevent experience,5,<10,Pvt Ltd,1
18236,Has relevent experience,6,10000+,Pvt Ltd,1
31099,No relevent experience,1,,,1
5868,Has relevent experience,10,,,1
17629,Has relevent experience,19,,,3
22493,No relevent experience,2,,,1
3588,Has relevent experience,18,50-99,Pvt Ltd,
16269,Has relevent experience,17,10000+,Pvt Ltd,2
25295,Has relevent experience,9,50-99,Funded Startup,2
18997,No relevent experience,4,,,
17843,Has relevent experience,9,100-500,Pvt Ltd,1
22458,No relevent experience,2,,,never
10767,No relevent experience,5,100-500,Funded Startup,1
30728,Has relevent experience,11,500-999,Public Sector,1
29910,Has relevent experience,17,500-999,Public Sector,2
1565,No relevent experience,6,,NGO,never
32810,Has relevent experience,4,50-99,Pvt Ltd,1
25531,Has relevent experience,>20,50-99,Funded Startup,2
15015,Has relevent experience,>20,,,4
8479,No relevent experience,4,,,never
16254,Has relevent experience,9,5000-9999,,4
28182,Has relevent experience,>20,500-999,Public Sector,>4
17672,No relevent experience,15,,,2
8131,Has relevent experience,4,10000+,Pvt Ltd,4
30707,Has relevent experience,>20,100-500,Pvt Ltd,>4
13067,No relevent experience,5,1000-4999,Pvt Ltd,
26100,Has relevent experience,6,1000-4999,Pvt Ltd,1
13090,No relevent experience,4,,,never
28955,No relevent experience,<1,500-999,Pvt Ltd,1
21981,Has relevent experience,8,,,1
16645,Has relevent experience,7,,,3
29531,No relevent experience,1,10000+,Pvt Ltd,1
27242,Has relevent experience,>20,,,>4
26574,No relevent experience,3,,,never
12342,No relevent experience,<1,10/49,Pvt Ltd,3
11573,Has relevent experience,>20,10000+,Pvt Ltd,2
13686,Has relevent experience,8,100-500,Pvt Ltd,2
5701,Has relevent experience,15,1000-4999,Pvt Ltd,never
30025,Has relevent experience,16,100-500,Pvt Ltd,2
15654,No relevent experience,13,500-999,Public Sector,>4
1455,Has relevent experience,>20,1000-4999,Pvt Ltd,2
17528,Has relevent experience,15,100-500,NGO,1
9685,Has relevent experience,19,,,>4
10886,Has relevent experience,12,5000-9999,Pvt Ltd,4
16848,No relevent experience,2,,,1
14910,Has relevent experience,14,10000+,Pvt Ltd,>4
8963,Has relevent experience,12,,NGO,2
22987,Has relevent experience,4,50-99,Pvt Ltd,1
18186,No relevent experience,4,10/49,,4
15116,No relevent experience,7,,,2
3336,Has relevent experience,10,100-500,NGO,>4
29638,Has relevent experience,8,50-99,Pvt Ltd,2
29342,Has relevent experience,>20,,Pvt Ltd,1
22943,Has relevent experience,>20,100-500,Pvt Ltd,>4
19705,Has relevent experience,6,10/49,Early Stage Startup,1
7985,Has relevent experience,10,100-500,Pvt Ltd,1
4298,No relevent experience,9,,,>4
22301,No relevent experience,6,,,1
2188,Has relevent experience,7,<10,Early Stage Startup,2
5982,Has relevent experience,>20,1000-4999,Pvt Ltd,>4
18962,Has relevent experience,5,500-999,Pvt Ltd,>4
1512,No relevent experience,>20,10000+,Pvt Ltd,2
8881,Has relevent experience,>20,,,>4
7293,Has relevent experience,19,,,>4
26381,No relevent experience,10,,,1
6421,Has relevent experience,7,,,1
3064,Has relevent experience,8,1000-4999,Pvt Ltd,2
18377,Has relevent experience,4,,Pvt Ltd,never
2443,Has relevent experience,12,10/49,Pvt Ltd,1
6924,No relevent experience,1,10/49,Other,1
29714,Has relevent experience,7,<10,Early Stage Startup,2
1071,No relevent experience,3,50-99,,1
3411,Has relevent experience,17,<10,Funded Startup,1
3959,Has relevent experience,6,50-99,Pvt Ltd,>4
22405,Has relevent experience,9,500-999,Pvt Ltd,4
2356,Has relevent experience,4,,,2
18337,Has relevent experience,10,1000-4999,Pvt Ltd,1
18452,Has relevent experience,12,<10,Pvt Ltd,never
10224,Has relevent experience,9,10000+,Pvt Ltd,1
15884,No relevent experience,17,500-999,Pvt Ltd,2
26273,No relevent experience,10,,,never
9842,Has relevent experience,>20,,,1
2628,Has relevent experience,8,,,1
20871,Has relevent experience,9,100-500,Pvt Ltd,4
25204,Has relevent experience,6,10000+,Pvt Ltd,1
81,No relevent experience,5,,Pvt Ltd,never
27899,No relevent experience,16,10000+,Pvt Ltd,4
17470,Has relevent experience,8,100-500,Pvt Ltd,2
9114,Has relevent experience,>20,50-99,Pvt Ltd,2
21575,Has relevent experience,11,50-99,Pvt Ltd,2
28002,Has relevent experience,3,100-500,NGO,>4
17009,Has relevent experience,>20,10000+,Pvt Ltd,3
13035,Has relevent experience,8,50-99,Pvt Ltd,1
16123,Has relevent experience,8,10000+,Pvt Ltd,1
2382,Has relevent experience,14,1000-4999,Pvt Ltd,1
27004,No relevent experience,4,,,never
28686,Has relevent experience,15,,Pvt Ltd,3
7500,No relevent experience,11,,,2
24765,No relevent experience,4,,,1
29011,Has relevent experience,9,100-500,Pvt Ltd,1
7734,Has relevent experience,6,50-99,Pvt Ltd,1
9659,No relevent experience,5,10/49,Funded Startup,3
4731,No relevent experience,5,,,never
5496,Has relevent experience,>20,100-500,,1
13580,Has relevent experience,6,10/49,Pvt Ltd,>4
12315,No relevent experience,6,10000+,Pvt Ltd,1
19637,No relevent experience,<1,,,1
26549,No relevent experience,5,,Public Sector,1
4146,No relevent experience,2,,,never
23346,No relevent experience,3,,,never
15524,No relevent experience,8,10000+,Pvt Ltd,1
5897,Has relevent experience,>20,10/49,Pvt Ltd,>4
12271,Has relevent experience,9,100-500,Funded Startup,1
15349,Has relevent experience,>20,,,>4
18027,No relevent experience,2,,,never
13299,Has relevent experience,5,100-500,Pvt Ltd,2
24538,Has relevent experience,>20,,,4
14434,No relevent experience,3,50-99,Pvt Ltd,1
3034,Has relevent experience,6,1000-4999,Pvt Ltd,1
10254,No relevent experience,6,10/49,Pvt Ltd,2
20097,Has relevent experience,>20,,,3
17232,Has relevent experience,11,<10,Early Stage Startup,never
7231,No relevent experience,6,,,never
7946,Has relevent experience,>20,,,>4
29862,Has relevent experience,7,50-99,NGO,2
22485,Has relevent experience,10,100-500,Pvt Ltd,1
3033,Has relevent experience,12,,,2
18016,Has relevent experience,6,1000-4999,Pvt Ltd,1
22666,Has relevent experience,7,10/49,Pvt Ltd,1
19643,Has relevent experience,6,,,1
1865,Has relevent experience,8,500-999,Pvt Ltd,1
29089,Has relevent experience,9,1000-4999,Pvt Ltd,4
30880,No relevent experience,<1,10000+,Pvt Ltd,1
29162,Has relevent experience,12,,,1
3633,Has relevent experience,11,10000+,Pvt Ltd,2
27492,Has relevent experience,14,10/49,Pvt Ltd,never
15785,Has relevent experience,14,10/49,Pvt Ltd,1
29836,No relevent experience,2,,,never
4714,Has relevent experience,16,,,1
13961,Has relevent experience,10,<10,,1
25210,No relevent experience,4,10000+,Pvt Ltd,2
23909,Has relevent experience,12,50-99,Pvt Ltd,>4
32773,No relevent experience,15,100-500,Funded Startup,1
12254,Has relevent experience,10,10000+,Pvt Ltd,2
24237,Has relevent experience,10,10/49,,1
3623,Has relevent experience,>20,1000-4999,Pvt Ltd,1
28551,Has relevent experience,20,,,4
10527,Has relevent experience,2,<10,Public Sector,1
32357,No relevent experience,<1,,Pvt Ltd,never
10377,Has relevent experience,18,,,1
24972,No relevent experience,2,,,never
24921,Has relevent experience,16,100-500,Pvt Ltd,>4
29875,Has relevent experience,6,,,1
32762,No relevent experience,17,,,1
13507,Has relevent experience,8,,,1
19095,Has relevent experience,3,10/49,Funded Startup,1
32452,Has relevent experience,10,,,1
27962,Has relevent experience,5,100-500,Funded Startup,1
14819,Has relevent experience,4,100-500,Pvt Ltd,2
22971,No relevent experience,1,,Public Sector,never
22142,No relevent experience,2,,,1
10582,No relevent experience,,,,never
17808,Has relevent experience,11,,,>4
20669,Has relevent experience,11,50-99,Pvt Ltd,2
11699,Has relevent experience,>20,,,>4
26168,Has relevent experience,9,100-500,Funded Startup,1
19027,Has relevent experience,16,100-500,Pvt Ltd,1
24015,No relevent experience,5,,,never
33299,Has relevent experience,>20,1000-4999,Pvt Ltd,1
1446,Has relevent experience,18,50-99,Pvt Ltd,>4
22901,Has relevent experience,>20,10/49,Early Stage Startup,4
8908,No relevent experience,14,,,4
11618,Has relevent experience,5,,,2
31918,Has relevent experience,11,<10,Pvt Ltd,1
5463,Has relevent experience,8,10000+,Pvt Ltd,1
29063,Has relevent experience,16,10/49,Pvt Ltd,1
22884,Has relevent experience,11,10000+,Pvt Ltd,1
28373,No relevent experience,2,,,1
22425,Has relevent experience,>20,,,1
14384,Has relevent experience,2,,,1
22924,No relevent experience,3,100-500,Pvt Ltd,1
26244,Has relevent experience,>20,10000+,Pvt Ltd,>4
20036,Has relevent experience,7,50-99,Pvt Ltd,4
9107,Has relevent experience,>20,100-500,Pvt Ltd,>4
4815,No relevent experience,4,,,never
10163,Has relevent experience,>20,10/49,Early Stage Startup,4
22220,Has relevent experience,12,50-99,Pvt Ltd,>4
18487,No relevent experience,8,,,never
16013,No relevent experience,6,10000+,Public Sector,1
12882,Has relevent experience,11,50-99,Pvt Ltd,1
4306,Has relevent experience,>20,,,1
21234,Has relevent experience,10,50-99,Pvt Ltd,2
26607,Has relevent experience,3,100-500,Pvt Ltd,2
13486,Has relevent experience,19,50-99,Pvt Ltd,2
2844,Has relevent experience,11,100-500,NGO,1
15097,Has relevent experience,14,50-99,Funded Startup,1
16844,Has relevent experience,>20,100-500,Pvt Ltd,>4
21609,Has relevent experience,8,50-99,Pvt Ltd,1
25094,Has relevent experience,6,,,2
17403,Has relevent experience,6,50-99,Pvt Ltd,1
24262,No relevent experience,<1,,,>4
6196,Has relevent experience,2,100-500,Pvt Ltd,1
30125,No relevent experience,>20,1000-4999,NGO,1
13587,No relevent experience,1,50-99,Pvt Ltd,1
30622,Has relevent experience,5,10/49,Pvt Ltd,2
9877,Has relevent experience,>20,10000+,Pvt Ltd,>4
12024,No relevent experience,3,,,
141,Has relevent experience,8,5000-9999,Pvt Ltd,2
22747,No relevent experience,5,100-500,Funded Startup,never
19490,Has relevent experience,9,<10,Funded Startup,4
8137,Has relevent experience,13,50-99,Pvt Ltd,1
23581,Has relevent experience,3,50-99,Pvt Ltd,2
31844,Has relevent experience,3,1000-4999,Pvt Ltd,1
29021,Has relevent experience,5,50-99,Pvt Ltd,1
5473,Has relevent experience,20,,,2
20194,Has relevent experience,2,500-999,Pvt Ltd,1
6718,Has relevent experience,>20,10/49,Pvt Ltd,1
29403,Has relevent experience,>20,1000-4999,NGO,>4
28538,Has relevent experience,>20,5000-9999,Pvt Ltd,>4
21200,Has relevent experience,>20,1000-4999,Pvt Ltd,>4
29186,Has relevent experience,16,50-99,Early Stage Startup,1
10134,No relevent experience,15,1000-4999,Pvt Ltd,1
6140,Has relevent experience,3,,,1
7579,Has relevent experience,14,50-99,Funded Startup,1
23135,Has relevent experience,7,100-500,Funded Startup,1
14312,Has relevent experience,7,,,>4
18947,Has relevent experience,>20,5000-9999,Pvt Ltd,1
25374,No relevent experience,9,100-500,Pvt Ltd,>4
14693,Has relevent experience,6,10000+,Pvt Ltd,1
24809,No relevent experience,3,10/49,Public Sector,1
26101,Has relevent experience,18,10000+,Pvt Ltd,2
27475,Has relevent experience,>20,,,2
8693,Has relevent experience,18,,,1
30520,Has relevent experience,6,500-999,Public Sector,2
27957,No relevent experience,9,1000-4999,Pvt Ltd,1
29845,Has relevent experience,8,100-500,Pvt Ltd,1
20320,No relevent experience,>20,,,1
28367,Has relevent experience,16,,,1
32145,Has relevent experience,16,<10,Pvt Ltd,>4
22438,No relevent experience,4,10000+,Pvt Ltd,1
19000,Has relevent experience,14,50-99,Pvt Ltd,>4
29364,Has relevent experience,14,,,1
8544,Has relevent experience,9,10/49,Early Stage Startup,1
31725,Has relevent experience,4,<10,,1
7977,Has relevent experience,10,10/49,,2
15491,Has relevent experience,>20,500-999,Funded Startup,2
1024,Has relevent experience,4,100-500,Pvt Ltd,4
23782,No relevent experience,11,,,1
15787,No relevent experience,4,,,
15921,Has relevent experience,>20,100-500,Pvt Ltd,>4
26686,Has relevent experience,7,100-500,Pvt Ltd,1
30873,Has relevent experience,13,10/49,Funded Startup,1
15311,No relevent experience,7,,,never
31789,Has relevent experience,13,5000-9999,Pvt Ltd,>4
20374,Has relevent experience,9,50-99,Pvt Ltd,4
25390,No relevent experience,3,50-99,Pvt Ltd,
22867,Has relevent experience,9,100-500,Pvt Ltd,>4
6024,Has relevent experience,>20,50-99,Pvt Ltd,never
33206,Has relevent experience,>20,,,3
17676,Has relevent experience,4,50-99,Pvt Ltd,2
9339,Has relevent experience,3,,,3
20616,Has relevent experience,17,,,3
6755,Has relevent experience,5,50-99,Pvt Ltd,3
24361,Has relevent experience,10,100-500,Pvt Ltd,>4
26923,Has relevent experience,11,10000+,Pvt Ltd,>4
8045,Has relevent experience,3,<10,Pvt Ltd,1
12920,Has relevent experience,>20,10000+,Pvt Ltd,>4
11666,No relevent experience,8,10/49,Pvt Ltd,1
28166,Has relevent experience,>20,50-99,Early Stage Startup,>4
32928,No relevent experience,9,10/49,Pvt Ltd,1
16576,No relevent experience,2,10/49,Pvt Ltd,1
29896,No relevent experience,14,1000-4999,NGO,1
10921,Has relevent experience,10,10/49,Pvt Ltd,4
23071,Has relevent experience,10,50-99,Pvt Ltd,1
20016,No relevent experience,>20,500-999,Pvt Ltd,2
7154,Has relevent experience,7,50-99,,1
24112,Has relevent experience,>20,50-99,Pvt Ltd,>4
30290,Has relevent experience,15,,,2
14193,Has relevent experience,<1,50-99,Pvt Ltd,2
25260,Has relevent experience,>20,100-500,Public Sector,>4
12517,Has relevent experience,>20,,,>4
14050,Has relevent experience,12,500-999,Funded Startup,2
10283,No relevent experience,5,500-999,Public Sector,1
23221,No relevent experience,>20,,,2
17731,Has relevent experience,14,100-500,Pvt Ltd,1
4793,Has relevent experience,12,50-99,Pvt Ltd,1
31703,Has relevent experience,5,,,1
5726,Has relevent experience,16,,,1
32770,No relevent experience,1,,Pvt Ltd,never
11576,No relevent experience,3,<10,Early Stage Startup,
4771,Has relevent experience,5,10/49,,3
18465,Has relevent experience,8,50-99,Pvt Ltd,1
33229,Has relevent experience,9,,,1
11123,Has relevent experience,4,50-99,Funded Startup,1
32142,Has relevent experience,19,100-500,Public Sector,1
20559,No relevent experience,4,50-99,Pvt Ltd,2
30950,Has relevent experience,>20,100-500,Pvt Ltd,2
18510,Has relevent experience,10,10000+,Pvt Ltd,1
30839,Has relevent experience,>20,10/49,Pvt Ltd,>4
26491,No relevent experience,2,,,
13808,Has relevent experience,3,<10,Early Stage Startup,1
28825,Has relevent experience,8,5000-9999,Pvt Ltd,1
25875,Has relevent experience,6,100-500,Pvt Ltd,2
5014,No relevent experience,6,,,1
12672,Has relevent experience,17,10/49,Pvt Ltd,2
18041,Has relevent experience,7,50-99,Pvt Ltd,1
17767,Has relevent experience,10,50-99,Pvt Ltd,1
25434,Has relevent experience,19,100-500,Pvt Ltd,1
11868,Has relevent experience,17,10000+,Pvt Ltd,3
16131,Has relevent experience,>20,10000+,Pvt Ltd,>4
24474,Has relevent experience,2,50-99,Funded Startup,1
20121,No relevent experience,<1,,,
30997,Has relevent experience,11,5000-9999,,>4
7345,No relevent experience,4,,,never
24055,Has relevent experience,1,,,1
6265,Has relevent experience,8,10/49,Early Stage Startup,1
9729,Has relevent experience,>20,10000+,Pvt Ltd,4
19391,Has relevent experience,4,,,3
25946,Has relevent experience,16,100-500,Pvt Ltd,3
21803,No relevent experience,2,,,1
22688,No relevent experience,<1,50-99,Pvt Ltd,1
11609,No relevent experience,6,,,1
388,Has relevent experience,>20,10000+,Pvt Ltd,>4
13729,No relevent experience,3,,,2
8551,No relevent experience,<1,,,never
30852,No relevent experience,7,100-500,Pvt Ltd,>4
3576,Has relevent experience,<1,10000+,Pvt Ltd,1
27472,Has relevent experience,4,,,1
26934,Has relevent experience,9,<10,Funded Startup,1
32325,No relevent experience,5,,,never
21860,Has relevent experience,>20,100-500,Other,>4
911,Has relevent experience,12,10/49,Pvt Ltd,1
30107,No relevent experience,3,100-500,Pvt Ltd,1
19619,Has relevent experience,4,10000+,Pvt Ltd,1
3642,Has relevent experience,3,50-99,Pvt Ltd,1
2943,No relevent experience,1,,Pvt Ltd,never
32885,Has relevent experience,12,10/49,Pvt Ltd,2
27406,No relevent experience,12,10000+,Pvt Ltd,1
14913,Has relevent experience,4,10/49,Funded Startup,2
16485,Has relevent experience,1,50-99,Pvt Ltd,
15812,Has relevent experience,10,100-500,Pvt Ltd,>4
14059,Has relevent experience,5,50-99,Funded Startup,1
22215,Has relevent experience,10,10/49,Pvt Ltd,1
12739,No relevent experience,7,50-99,,
32384,No relevent experience,3,10000+,Pvt Ltd,1
28707,No relevent experience,3,,Public Sector,1
10374,Has relevent experience,12,,,1
28952,No relevent experience,3,100-500,Pvt Ltd,1
21142,Has relevent experience,9,50-99,Pvt Ltd,2
33099,Has relevent experience,13,1000-4999,Pvt Ltd,4
8130,Has relevent experience,11,100-500,Pvt Ltd,2
32813,No relevent experience,2,1000-4999,Pvt Ltd,1
15188,Has relevent experience,12,5000-9999,NGO,1
26752,Has relevent experience,13,10000+,Pvt Ltd,4
33107,Has relevent experience,6,10/49,Early Stage Startup,1
20808,Has relevent experience,9,50-99,Pvt Ltd,2
12596,Has relevent experience,12,,,4
15505,Has relevent experience,5,<10,,2
7238,No relevent experience,10,,,never
10507,Has relevent experience,>20,100-500,Pvt Ltd,never
23468,Has relevent experience,>20,,,1
9509,Has relevent experience,12,,,3
33272,No relevent experience,19,<10,Early Stage Startup,2
24491,Has relevent experience,12,50-99,Pvt Ltd,1
6146,Has relevent experience,7,1000-4999,Pvt Ltd,1
14794,Has relevent experience,9,,,1
20578,Has relevent experience,>20,,,2
1890,Has relevent experience,14,5000-9999,Pvt Ltd,>4
5483,No relevent experience,>20,100-500,Pvt Ltd,>4
10999,Has relevent experience,>20,50-99,Pvt Ltd,1
31258,No relevent experience,7,100-500,Pvt Ltd,4
6424,Has relevent experience,10,50-99,Pvt Ltd,1
7287,Has relevent experience,15,100-500,Pvt Ltd,1
24129,Has relevent experience,6,10000+,Pvt Ltd,never
27035,Has relevent experience,5,100-500,Pvt Ltd,1
32812,Has relevent experience,5,1000-4999,Pvt Ltd,1
16189,No relevent experience,7,,,1
2985,Has relevent experience,4,500-999,Public Sector,never
25305,No relevent experience,3,1000-4999,Pvt Ltd,never
32110,Has relevent experience,>20,,,>4
23086,No relevent experience,19,5000-9999,Public Sector,3
7211,No relevent experience,<1,,,never
1598,Has relevent experience,>20,50-99,Pvt Ltd,4
15798,No relevent experience,4,5000-9999,Pvt Ltd,2
13514,Has relevent experience,16,50-99,Pvt Ltd,1
6301,Has relevent experience,6,,,1
27497,Has relevent experience,7,,,>4
20072,Has relevent experience,13,10/49,Funded Startup,1
15906,No relevent experience,<1,,,never
15452,No relevent experience,<1,,,never
10895,No relevent experience,<1,,,never
6983,Has relevent experience,6,10/49,Funded Startup,1
8162,Has relevent experience,8,100-500,,2
24847,Has relevent experience,4,1000-4999,Pvt Ltd,1
5027,Has relevent experience,>20,,,>4
3294,Has relevent experience,>20,1000-4999,Pvt Ltd,>4
177,Has relevent experience,9,10000+,Pvt Ltd,>4
7983,Has relevent experience,15,1000-4999,Pvt Ltd,>4
21992,Has relevent experience,2,<10,Pvt Ltd,2
17554,Has relevent experience,>20,100-500,Pvt Ltd,>4
6925,Has relevent experience,<1,,,1
20916,Has relevent experience,6,5000-9999,Pvt Ltd,1
11672,Has relevent experience,7,1000-4999,Pvt Ltd,2
19496,Has relevent experience,16,,,1
1836,No relevent experience,1,,,
18191,No relevent experience,11,,,never
1599,Has relevent experience,18,100-500,Pvt Ltd,>4
10734,Has relevent experience,17,1000-4999,Pvt Ltd,>4
4050,No relevent experience,6,,Pvt Ltd,never
27175,Has relevent experience,8,<10,Pvt Ltd,1
6132,Has relevent experience,17,500-999,Pvt Ltd,1
32425,No relevent experience,2,10000+,,1
31837,Has relevent experience,6,100-500,Pvt Ltd,1
25648,Has relevent experience,3,100-500,Pvt Ltd,2
24496,Has relevent experience,12,500-999,Pvt Ltd,>4
1654,Has relevent experience,16,100-500,Pvt Ltd,1
29783,No relevent experience,3,,,1
7115,No relevent experience,4,50-99,,2
19432,Has relevent experience,16,10000+,Pvt Ltd,>4
21639,Has relevent experience,11,100-500,Pvt Ltd,2
17998,Has relevent experience,>20,,,1
31858,No relevent experience,10,,,1
6290,Has relevent experience,14,10000+,Pvt Ltd,>4
1538,Has relevent experience,>20,100-500,Pvt Ltd,>4
25431,Has relevent experience,>20,50-99,Pvt Ltd,>4
33055,Has relevent experience,14,10000+,Pvt Ltd,3
6603,Has relevent experience,19,50-99,Funded Startup,2
15741,Has relevent experience,12,1000-4999,Pvt Ltd,2
29064,Has relevent experience,15,1000-4999,Pvt Ltd,1
2952,Has relevent experience,5,5000-9999,Public Sector,1
26519,No relevent experience,9,10/49,Pvt Ltd,3
25672,Has relevent experience,8,100-500,Pvt Ltd,>4
9419,Has relevent experience,9,50-99,Pvt Ltd,>4
1292,No relevent experience,4,,,2
16815,No relevent experience,5,,,1
15661,Has relevent experience,6,<10,Pvt Ltd,1
31900,Has relevent experience,>20,10000+,Pvt Ltd,2
24682,Has relevent experience,14,,,4
1016,No relevent experience,3,,,never
18448,Has relevent experience,15,100-500,Pvt Ltd,>4
18974,Has relevent experience,4,,Public Sector,1
7029,No relevent experience,2,,,never
4097,Has relevent experience,9,10/49,Funded Startup,1
3684,Has relevent experience,5,10/49,Pvt Ltd,2
18477,Has relevent experience,14,50-99,Funded Startup,3
179,Has relevent experience,7,1000-4999,Pvt Ltd,>4
14640,No relevent experience,5,10000+,Public Sector,1
8150,Has relevent experience,>20,,,1
12801,Has relevent experience,>20,100-500,Public Sector,>4
15498,No relevent experience,1,50-99,Public Sector,1
32265,Has relevent experience,>20,<10,Pvt Ltd,1
759,Has relevent experience,>20,100-500,Pvt Ltd,>4
10951,Has relevent experience,>20,50-99,Pvt Ltd,>4
27890,No relevent experience,1,,,1
28329,Has relevent experience,11,,,1
17247,Has relevent experience,18,,,2
24459,Has relevent experience,15,500-999,Public Sector,1
24836,No relevent experience,5,,,never
16855,Has relevent experience,9,500-999,Pvt Ltd,>4
11552,Has relevent experience,19,<10,Early Stage Startup,>4
21550,No relevent experience,3,,,2
4886,Has relevent experience,3,<10,Pvt Ltd,1
8070,Has relevent experience,4,1000-4999,Pvt Ltd,2
3823,Has relevent experience,14,50-99,Pvt Ltd,1
26643,Has relevent experience,10,50-99,Pvt Ltd,1
11580,No relevent experience,6,,,never
4877,Has relevent experience,>20,10000+,Pvt Ltd,>4
26559,Has relevent experience,16,10/49,Pvt Ltd,2
29347,Has relevent experience,>20,,,1
13425,Has relevent experience,17,50-99,,1
2300,Has relevent experience,3,50-99,Pvt Ltd,1
26712,No relevent experience,9,<10,Pvt Ltd,1
13354,Has relevent experience,9,10000+,Pvt Ltd,1
9043,Has relevent experience,8,50-99,Pvt Ltd,1
28934,Has relevent experience,4,,,2
20479,Has relevent experience,3,10/49,,2
31470,No relevent experience,5,10/49,Funded Startup,1
16925,Has relevent experience,19,,,>4
4666,Has relevent experience,20,50-99,Pvt Ltd,2
26357,Has relevent experience,6,10000+,Pvt Ltd,1
15903,Has relevent experience,11,10000+,Pvt Ltd,1
22783,Has relevent experience,5,10/49,Pvt Ltd,4
33326,Has relevent experience,>20,,,>4
20565,No relevent experience,10,10/49,Pvt Ltd,1
16294,Has relevent experience,3,50-99,Pvt Ltd,never
3501,Has relevent experience,>20,,,>4
31294,Has relevent experience,18,10000+,Pvt Ltd,1
29919,Has relevent experience,4,5000-9999,Pvt Ltd,1
3615,Has relevent experience,8,100-500,Pvt Ltd,1
14592,No relevent experience,<1,<10,Early Stage Startup,1
22072,Has relevent experience,>20,,,2
4845,Has relevent experience,19,10000+,Public Sector,1
27354,No relevent experience,3,,,1
14287,Has relevent experience,4,10000+,Pvt Ltd,1
10544,Has relevent experience,9,100-500,Pvt Ltd,4
4852,Has relevent experience,11,10000+,Pvt Ltd,>4
27665,Has relevent experience,3,500-999,Pvt Ltd,2
6083,No relevent experience,5,,,4
28524,No relevent experience,2,,,never
410,Has relevent experience,14,10000+,Pvt Ltd,2
1582,Has relevent experience,>20,10/49,Early Stage Startup,>4
23196,Has relevent experience,>20,,,>4
32239,Has relevent experience,4,10000+,Pvt Ltd,1
28687,Has relevent experience,8,1000-4999,Public Sector,3
4192,Has relevent experience,10,10/49,Funded Startup,1
2014,Has relevent experience,7,5000-9999,Pvt Ltd,4
7111,Has relevent experience,2,50-99,Pvt Ltd,1
1747,No relevent experience,5,,,1
9216,Has relevent experience,>20,1000-4999,Pvt Ltd,1
4970,Has relevent experience,17,10000+,Pvt Ltd,2
6438,Has relevent experience,>20,,,>4
19341,No relevent experience,3,,,
33186,Has relevent experience,12,100-500,Pvt Ltd,1
15765,No relevent experience,9,,,1
19205,Has relevent experience,18,10000+,Pvt Ltd,1
32007,No relevent experience,2,,,2
27084,Has relevent experience,9,500-999,Pvt Ltd,>4
24868,Has relevent experience,15,100-500,Pvt Ltd,1
8711,Has relevent experience,8,,,2
22283,Has relevent experience,7,100-500,NGO,1
29004,No relevent experience,>20,10000+,Pvt Ltd,2
24881,Has relevent experience,6,<10,Pvt Ltd,1
17010,Has relevent experience,10,1000-4999,,2
14358,Has relevent experience,5,,,1
13276,Has relevent experience,6,,,1
13158,No relevent experience,<1,,,2
8074,Has relevent experience,2,1000-4999,Pvt Ltd,1
17601,Has relevent experience,>20,,,>4
1286,Has relevent experience,15,100-500,Pvt Ltd,>4
21607,Has relevent experience,7,500-999,Other,3
25433,Has relevent experience,5,10/49,Pvt Ltd,2
18150,Has relevent experience,6,,,>4
25264,Has relevent experience,15,,Pvt Ltd,1
26758,Has relevent experience,13,10000+,Pvt Ltd,3
32466,Has relevent experience,10,,,4
30776,Has relevent experience,>20,500-999,Pvt Ltd,>4
17630,Has relevent experience,6,50-99,Pvt Ltd,4
3459,Has relevent experience,>20,50-99,Public Sector,2
8944,Has relevent experience,>20,100-500,Pvt Ltd,4
4245,No relevent experience,14,,,4
8568,Has relevent experience,>20,5000-9999,Pvt Ltd,>4
30944,Has relevent experience,6,100-500,Pvt Ltd,1
7168,Has relevent experience,>20,50-99,Pvt Ltd,3
31475,Has relevent experience,>20,50-99,Pvt Ltd,>4
3715,Has relevent experience,>20,,,4
30039,Has relevent experience,>20,50-99,Pvt Ltd,1
8746,No relevent experience,3,500-999,Pvt Ltd,2
30417,Has relevent experience,>20,,,>4
14244,No relevent experience,5,50-99,NGO,1
25944,No relevent experience,>20,50-99,Pvt Ltd,>4
24707,Has relevent experience,>20,<10,Early Stage Startup,1
14278,Has relevent experience,16,50-99,Pvt Ltd,3
19667,Has relevent experience,16,100-500,Pvt Ltd,1
15131,No relevent experience,<1,,,never
11206,Has relevent experience,6,100-500,NGO,1
10366,Has relevent experience,17,,,>4
23156,Has relevent experience,,10000+,Pvt Ltd,1
15898,Has relevent experience,4,10/49,,2
23886,No relevent experience,4,,,2
8969,Has relevent experience,9,50-99,Early Stage Startup,1
29587,Has relevent experience,9,1000-4999,Pvt Ltd,2
27558,Has relevent experience,6,,,2
28691,Has relevent experience,1,100-500,Pvt Ltd,never
31990,Has relevent experience,20,1000-4999,Public Sector,>4
16933,Has relevent experience,6,50-99,Pvt Ltd,2
9058,Has relevent experience,3,50-99,Pvt Ltd,1
9322,Has relevent experience,8,100-500,Pvt Ltd,2
1267,Has relevent experience,11,<10,Pvt Ltd,1
18009,No relevent experience,<1,,,
21007,Has relevent experience,9,100-500,Pvt Ltd,1
9857,Has relevent experience,4,500-999,Pvt Ltd,1
14404,Has relevent experience,7,1000-4999,Public Sector,1
33171,Has relevent experience,5,10/49,Funded Startup,1
31614,Has relevent experience,5,50-99,Funded Startup,1
21697,No relevent experience,13,,,3
4522,Has relevent experience,>20,50-99,Funded Startup,>4
1418,Has relevent experience,7,100-500,Pvt Ltd,2
11001,No relevent experience,2,5000-9999,Pvt Ltd,1
1315,Has relevent experience,6,50-99,Pvt Ltd,2
21547,No relevent experience,4,,,never
3368,Has relevent experience,16,50-99,Pvt Ltd,1
1264,Has relevent experience,>20,,,1
9751,Has relevent experience,19,1000-4999,Pvt Ltd,
7014,Has relevent experience,>20,50-99,Public Sector,1
20076,Has relevent experience,5,,,never
8018,No relevent experience,12,10000+,Public Sector,2
16520,Has relevent experience,4,10000+,Pvt Ltd,1
1577,Has relevent experience,6,,,1
31927,No relevent experience,2,,Pvt Ltd,never
19972,No relevent experience,4,,,never
23459,No relevent experience,6,,,never
6521,Has relevent experience,6,<10,Early Stage Startup,3
29621,Has relevent experience,10,,,1
30675,Has relevent experience,2,<10,Early Stage Startup,1
9987,Has relevent experience,9,100-500,Pvt Ltd,2
22612,Has relevent experience,6,<10,Pvt Ltd,>4
1403,Has relevent experience,8,<10,Pvt Ltd,4
1510,No relevent experience,>20,5000-9999,Pvt Ltd,>4
25645,Has relevent experience,8,10/49,Pvt Ltd,1
12680,Has relevent experience,8,<10,Funded Startup,3
9734,No relevent experience,<1,,,never
22623,Has relevent experience,6,10000+,Pvt Ltd,2
1549,Has relevent experience,6,50-99,Pvt Ltd,2
13291,Has relevent experience,<1,10/49,Pvt Ltd,1
17541,Has relevent experience,1,,,1
15010,Has relevent experience,12,500-999,Pvt Ltd,>4
11999,No relevent experience,3,1000-4999,Pvt Ltd,
21570,Has relevent experience,9,50-99,Pvt Ltd,1
15990,Has relevent experience,4,,,1
19147,Has relevent experience,3,,,
21580,Has relevent experience,9,,,3
10104,Has relevent experience,15,<10,Pvt Ltd,1
12250,Has relevent experience,6,50-99,Funded Startup,1
349,Has relevent experience,>20,50-99,Pvt Ltd,>4
3128,No relevent experience,16,,,>4
4823,Has relevent experience,,100-500,Pvt Ltd,
21770,No relevent experience,4,100-500,,1
9236,Has relevent experience,3,100-500,Funded Startup,3
31412,Has relevent experience,>20,100-500,Pvt Ltd,2
4648,Has relevent experience,4,,,1
3611,Has relevent experience,16,50-99,Pvt Ltd,3
17417,Has relevent experience,>20,50-99,Public Sector,2
19194,Has relevent experience,18,100-500,Pvt Ltd,>4
8940,Has relevent experience,3,100-500,Pvt Ltd,1
6354,Has relevent experience,17,,,>4
26855,No relevent experience,3,,,1
24074,Has relevent experience,14,,,1
21088,Has relevent experience,9,,,never
13332,Has relevent experience,4,<10,NGO,1
85,Has relevent experience,5,<10,Early Stage Startup,1
31548,Has relevent experience,10,5000-9999,Pvt Ltd,2
25460,Has relevent experience,18,100-500,Pvt Ltd,>4
8745,Has relevent experience,16,1000-4999,Pvt Ltd,>4
10954,No relevent experience,4,,,
186,No relevent experience,6,,,2
19671,Has relevent experience,16,1000-4999,Pvt Ltd,never
32078,Has relevent experience,4,50-99,Funded Startup,3
31407,Has relevent experience,>20,10000+,Pvt Ltd,1
10982,Has relevent experience,13,10000+,Pvt Ltd,2
23961,Has relevent experience,14,10000+,Pvt Ltd,1
12937,Has relevent experience,17,,,2
14861,No relevent experience,12,,,>4
19309,Has relevent experience,10,100-500,Pvt Ltd,2
2424,Has relevent experience,6,500-999,Public Sector,3
28100,Has relevent experience,18,10000+,Pvt Ltd,2
9010,Has relevent experience,8,100-500,Funded Startup,>4
11363,No relevent experience,>20,,,1
30456,No relevent experience,2,,Pvt Ltd,never
12597,No relevent experience,12,50-99,Public Sector,>4
31163,Has relevent experience,7,10/49,Pvt Ltd,4
32236,No relevent experience,6,,,1
32008,Has relevent experience,3,50-99,Funded Startup,2
17823,Has relevent experience,16,500-999,Pvt Ltd,3
32639,No relevent experience,1,,,never
23142,Has relevent experience,14,50-99,Pvt Ltd,1
15252,Has relevent experience,>20,100-500,Pvt Ltd,>4
16316,Has relevent experience,>20,100-500,Pvt Ltd,>4
21664,Has relevent experience,17,,,1
26644,Has relevent experience,20,1000-4999,Pvt Ltd,1
27985,Has relevent experience,>20,10000+,Public Sector,2
30438,Has relevent experience,>20,100-500,Pvt Ltd,>4
22322,Has relevent experience,13,500-999,Pvt Ltd,1
15332,Has relevent experience,7,,,never
10341,Has relevent experience,>20,<10,Pvt Ltd,>4
8771,No relevent experience,7,,,2
23480,Has relevent experience,>20,10/49,Pvt Ltd,never
20654,Has relevent experience,4,50-99,Pvt Ltd,2
17587,No relevent experience,1,,,never
27632,Has relevent experience,10,<10,Early Stage Startup,1
20715,No relevent experience,2,1000-4999,Pvt Ltd,1
14779,Has relevent experience,17,500-999,,1
27534,Has relevent experience,>20,10/49,Pvt Ltd,3
11066,Has relevent experience,10,10/49,Pvt Ltd,never
3385,Has relevent experience,3,10/49,Pvt Ltd,2
3440,No relevent experience,3,50-99,Pvt Ltd,1
22209,No relevent experience,3,,,never
19620,Has relevent experience,15,<10,Pvt Ltd,>4
3804,Has relevent experience,>20,100-500,Pvt Ltd,2
21993,No relevent experience,3,<10,Pvt Ltd,1
21677,Has relevent experience,>20,50-99,Pvt Ltd,2
17918,Has relevent experience,5,500-999,Pvt Ltd,>4
9713,Has relevent experience,>20,100-500,Pvt Ltd,>4
18116,No relevent experience,4,,,never
14402,Has relevent experience,10,50-99,Pvt Ltd,1
6678,Has relevent experience,16,500-999,Pvt Ltd,2
1689,Has relevent experience,>20,10/49,Pvt Ltd,3
24909,No relevent experience,10,50-99,Pvt Ltd,2
18457,Has relevent experience,6,<10,Pvt Ltd,3
30960,Has relevent experience,6,5000-9999,Pvt Ltd,1
29597,Has relevent experience,<1,50-99,Pvt Ltd,1
10281,No relevent experience,12,,,2
28522,Has relevent experience,7,50-99,Pvt Ltd,4
10463,Has relevent experience,2,,,1
25496,Has relevent experience,>20,,,1
12475,Has relevent experience,8,,,never
17315,Has relevent experience,9,<10,NGO,1
15448,Has relevent experience,11,500-999,,1
31812,Has relevent experience,3,100-500,Pvt Ltd,1
18514,Has relevent experience,4,50-99,Pvt Ltd,never
15287,Has relevent experience,10,50-99,Early Stage Startup,1
24012,No relevent experience,6,,,1
19743,Has relevent experience,6,500-999,Pvt Ltd,1
15054,No relevent experience,5,10000+,Pvt Ltd,3
21157,No relevent experience,8,5000-9999,Public Sector,1
22481,Has relevent experience,20,,,1
1862,Has relevent experience,9,10/49,Early Stage Startup,1
27541,No relevent experience,3,,,2
10396,Has relevent experience,4,100-500,Pvt Ltd,1
17553,Has relevent experience,15,10000+,Pvt Ltd,2
18496,Has relevent experience,14,50-99,Pvt Ltd,3
19688,Has relevent experience,13,10000+,Public Sector,2
13785,Has relevent experience,11,50-99,Pvt Ltd,1
19848,Has relevent experience,6,10000+,Pvt Ltd,1
10833,Has relevent experience,>20,10/49,Pvt Ltd,1
14327,Has relevent experience,1,,,1
5401,Has relevent experience,4,<10,,1
5946,Has relevent experience,13,100-500,Funded Startup,1
1697,Has relevent experience,8,100-500,Pvt Ltd,1
29776,Has relevent experience,3,100-500,Funded Startup,2
32417,No relevent experience,6,,,1
5168,Has relevent experience,15,100-500,Pvt Ltd,1
2888,Has relevent experience,2,10/49,Pvt Ltd,never
6530,Has relevent experience,3,100-500,Pvt Ltd,1
14377,Has relevent experience,5,<10,Early Stage Startup,4
15722,Has relevent experience,>20,10000+,Pvt Ltd,2
24799,Has relevent experience,>20,10000+,Pvt Ltd,>4
16894,Has relevent experience,14,50-99,Pvt Ltd,1
14969,No relevent experience,7,,,1
4798,No relevent experience,1,,,1
32552,Has relevent experience,4,100-500,Pvt Ltd,3
15819,Has relevent experience,>20,10000+,Pvt Ltd,3
23283,Has relevent experience,1,5000-9999,Pvt Ltd,1
29639,Has relevent experience,6,1000-4999,Pvt Ltd,1
23466,No relevent experience,6,,,never
31263,No relevent experience,8,500-999,Pvt Ltd,2
7413,No relevent experience,4,,,1
7766,Has relevent experience,9,100-500,Pvt Ltd,2
25861,No relevent experience,3,,,never
15331,Has relevent experience,<1,,,1
31538,Has relevent experience,16,50-99,Pvt Ltd,4
9238,Has relevent experience,6,1000-4999,,3
21816,Has relevent experience,8,100-500,Public Sector,3
10969,No relevent experience,5,100-500,Pvt Ltd,1
3910,Has relevent experience,4,10/49,,1
18212,No relevent experience,3,,,2
11528,Has relevent experience,18,100-500,Pvt Ltd,>4
25877,No relevent experience,2,,,never
26911,Has relevent experience,12,50-99,Pvt Ltd,
3325,No relevent experience,4,50-99,Pvt Ltd,1
24311,No relevent experience,>20,1000-4999,,1
3477,Has relevent experience,>20,500-999,NGO,>4
27283,No relevent experience,2,,,never
19012,Has relevent experience,7,50-99,NGO,1
9261,No relevent experience,3,500-999,Pvt Ltd,3
6211,Has relevent experience,6,10/49,Funded Startup,1
29540,Has relevent experience,9,<10,Pvt Ltd,1
7469,Has relevent experience,5,10000+,Public Sector,never
3952,Has relevent experience,>20,1000-4999,Public Sector,never
23951,Has relevent experience,>20,,,1
3399,Has relevent experience,10,100-500,Pvt Ltd,4
28759,Has relevent experience,10,,,2
8580,Has relevent experience,14,50-99,Funded Startup,1
10866,Has relevent experience,>20,,,3
26266,Has relevent experience,>20,<10,Funded Startup,1
996,Has relevent experience,11,1000-4999,Pvt Ltd,>4
26929,Has relevent experience,15,10000+,Pvt Ltd,2
11368,Has relevent experience,13,50-99,Pvt Ltd,2
30909,Has relevent experience,>20,,,>4
2612,Has relevent experience,15,50-99,Pvt Ltd,>4
23974,Has relevent experience,6,,Pvt Ltd,2
16314,Has relevent experience,6,50-99,,1
27981,Has relevent experience,14,1000-4999,Pvt Ltd,>4
31356,Has relevent experience,>20,100-500,Funded Startup,1
16077,Has relevent experience,9,500-999,Pvt Ltd,1
24165,Has relevent experience,3,10000+,Pvt Ltd,2
29771,Has relevent experience,20,,,2
28053,No relevent experience,4,,,never
32251,No relevent experience,>20,,Public Sector,>4
9964,No relevent experience,>20,100-500,NGO,1
3152,No relevent experience,5,<10,Early Stage Startup,1
26876,Has relevent experience,10,10/49,Pvt Ltd,4
29668,Has relevent experience,9,10/49,Pvt Ltd,1
28234,Has relevent experience,>20,10000+,Pvt Ltd,>4
31712,Has relevent experience,11,100-500,Pvt Ltd,3
14558,Has relevent experience,10,,,1
31741,Has relevent experience,10,1000-4999,Pvt Ltd,2
17758,Has relevent experience,>20,,,2
27739,No relevent experience,9,,,1
5953,Has relevent experience,10,10/49,Pvt Ltd,2
30414,Has relevent experience,4,10/49,Pvt Ltd,1
20877,Has relevent experience,11,1000-4999,,1
10535,Has relevent experience,5,<10,Pvt Ltd,1
24044,Has relevent experience,3,10000+,Pvt Ltd,1
5284,Has relevent experience,>20,,,>4
19969,Has relevent experience,4,10/49,Pvt Ltd,1
17533,Has relevent experience,9,10000+,Pvt Ltd,1
6664,Has relevent experience,5,<10,,4
8993,Has relevent experience,10,10/49,Pvt Ltd,2
30971,Has relevent experience,11,,,1
32591,Has relevent experience,13,,,1
11689,No relevent experience,2,,,never
30536,Has relevent experience,8,<10,Pvt Ltd,2
27123,Has relevent experience,>20,10000+,Pvt Ltd,>4
6453,Has relevent experience,4,<10,Funded Startup,2
32815,Has relevent experience,5,50-99,Pvt Ltd,>4
30360,No relevent experience,2,,Pvt Ltd,never
4317,No relevent experience,10,,Pvt Ltd,never
1688,No relevent experience,9,50-99,Pvt Ltd,never
4232,Has relevent experience,>20,100-500,Public Sector,>4
27733,No relevent experience,>20,,,1
18299,Has relevent experience,10,100-500,,1
1105,Has relevent experience,>20,100-500,Pvt Ltd,>4
12827,No relevent experience,7,1000-4999,Public Sector,2
18345,Has relevent experience,9,,,1
22043,Has relevent experience,7,,,1
12551,Has relevent experience,6,10000+,Pvt Ltd,1
31838,Has relevent experience,8,100-500,,1
6445,Has relevent experience,9,50-99,Pvt Ltd,>4
12415,Has relevent experience,16,<10,Pvt Ltd,>4
30999,Has relevent experience,14,5000-9999,Pvt Ltd,3
29730,Has relevent experience,12,10/49,Pvt Ltd,3
8663,Has relevent experience,10,10/49,Pvt Ltd,>4
15744,No relevent experience,8,50-99,Funded Startup,1
19466,Has relevent experience,11,,,>4
2760,Has relevent experience,1,500-999,Pvt Ltd,1
11042,Has relevent experience,3,50-99,Funded Startup,1
18204,Has relevent experience,<1,,,1
19982,Has relevent experience,>20,10000+,Pvt Ltd,>4
7405,No relevent experience,5,,,1
14689,Has relevent experience,5,100-500,Pvt Ltd,1
21869,Has relevent experience,11,100-500,Pvt Ltd,4
29481,No relevent experience,7,,,1
25361,Has relevent experience,14,<10,Pvt Ltd,4
31200,Has relevent experience,10,,,2
25575,Has relevent experience,>20,,,>4
23146,Has relevent experience,18,10000+,Pvt Ltd,1
32089,Has relevent experience,19,5000-9999,Pvt Ltd,2
1945,Has relevent experience,4,500-999,Pvt Ltd,2
13316,Has relevent experience,15,,,2
21861,Has relevent experience,6,1000-4999,Pvt Ltd,4
3839,Has relevent experience,3,50-99,Public Sector,2
26060,No relevent experience,4,,,1
28408,Has relevent experience,3,,Pvt Ltd,1
6772,Has relevent experience,15,100-500,Pvt Ltd,>4
11044,Has relevent experience,5,1000-4999,Pvt Ltd,3
7227,Has relevent experience,>20,<10,Pvt Ltd,3
20719,No relevent experience,9,,,
11421,Has relevent experience,2,50-99,Pvt Ltd,2
32997,No relevent experience,3,,,never
14641,Has relevent experience,6,1000-4999,Pvt Ltd,2
19656,Has relevent experience,16,,,1
21347,Has relevent experience,7,50-99,Pvt Ltd,1
9190,No relevent experience,3,,,never
5706,Has relevent experience,9,,Pvt Ltd,1
6145,Has relevent experience,7,50-99,,2
25685,Has relevent experience,4,100-500,Early Stage Startup,2
975,Has relevent experience,7,100-500,Other,2
3497,No relevent experience,>20,1000-4999,Pvt Ltd,>4
13054,Has relevent experience,5,50-99,Pvt Ltd,1
16453,No relevent experience,1,100-500,Funded Startup,1
8985,Has relevent experience,>20,10000+,Pvt Ltd,>4
15157,Has relevent experience,7,<10,,1
27343,Has relevent experience,13,50-99,Pvt Ltd,>4
10438,No relevent experience,>20,,,1
29222,Has relevent experience,>20,100-500,Pvt Ltd,1
32906,Has relevent experience,7,10000+,Pvt Ltd,3
9626,Has relevent experience,2,100-500,Pvt Ltd,1
11270,Has relevent experience,9,10000+,Pvt Ltd,1
24393,Has relevent experience,10,10/49,Pvt Ltd,1
25868,Has relevent experience,5,50-99,Pvt Ltd,1
30072,Has relevent experience,10,,,2
29949,No relevent experience,2,,,never
6307,Has relevent experience,12,,,never
14595,Has relevent experience,5,5000-9999,Pvt Ltd,1
18855,Has relevent experience,>20,,Pvt Ltd,>4
15356,No relevent experience,2,,,1
15091,Has relevent experience,6,1000-4999,Pvt Ltd,1
4851,No relevent experience,>20,,,>4
31195,No relevent experience,2,,,1
27917,Has relevent experience,>20,10/49,Pvt Ltd,never
13438,Has relevent experience,11,<10,,never
8414,Has relevent experience,11,10000+,Pvt Ltd,2
10228,Has relevent experience,12,10/49,Pvt Ltd,1
10482,Has relevent experience,13,50-99,Other,1
20519,Has relevent experience,13,5000-9999,Pvt Ltd,3
15224,Has relevent experience,5,50-99,Pvt Ltd,1
26634,Has relevent experience,16,,,1
20678,No relevent experience,3,<10,Pvt Ltd,2
15449,Has relevent experience,4,50-99,,1
15409,Has relevent experience,4,50-99,Funded Startup,1
25211,Has relevent experience,6,10000+,Pvt Ltd,2
31905,No relevent experience,6,10000+,Pvt Ltd,1
16344,No relevent experience,>20,10000+,Pvt Ltd,4
6855,No relevent experience,4,10000+,Pvt Ltd,3
10532,Has relevent experience,4,<10,Pvt Ltd,1
223,Has relevent experience,17,,,3
12921,Has relevent experience,2,1000-4999,Pvt Ltd,1
21376,No relevent experience,4,10/49,Pvt Ltd,1
10150,Has relevent experience,8,10000+,Pvt Ltd,2
30268,No relevent experience,<1,,,1
6001,No relevent experience,1,,,never
10604,Has relevent experience,3,500-999,Pvt Ltd,1
16220,Has relevent experience,>20,5000-9999,Pvt Ltd,2
10845,No relevent experience,6,10/49,Pvt Ltd,2
4376,No relevent experience,4,,,never
32168,Has relevent experience,5,50-99,Pvt Ltd,1
22610,No relevent experience,>20,1000-4999,Public Sector,never
19156,No relevent experience,5,100-500,Public Sector,>4
10220,Has relevent experience,>20,,,>4
30291,Has relevent experience,1,<10,Pvt Ltd,1
27318,Has relevent experience,7,50-99,Funded Startup,1
29684,Has relevent experience,2,5000-9999,Pvt Ltd,1
26968,Has relevent experience,10,10000+,Pvt Ltd,1
18702,No relevent experience,2,,,never
17031,Has relevent experience,3,10/49,Pvt Ltd,1
1113,Has relevent experience,10,<10,Pvt Ltd,2
9937,No relevent experience,4,,,1
20038,Has relevent experience,>20,100-500,,>4
30932,Has relevent experience,15,10/49,Pvt Ltd,never
5531,Has relevent experience,5,,,never
1882,No relevent experience,11,<10,Early Stage Startup,1
27677,Has relevent experience,>20,100-500,Pvt Ltd,>4
163,Has relevent experience,7,<10,Pvt Ltd,>4
23862,Has relevent experience,8,,,1
30668,Has relevent experience,7,50-99,Pvt Ltd,1
3415,Has relevent experience,>20,5000-9999,Pvt Ltd,>4
21886,Has relevent experience,>20,100-500,Pvt Ltd,2
23798,Has relevent experience,3,100-500,Pvt Ltd,1
4892,Has relevent experience,8,5000-9999,Pvt Ltd,never
29882,No relevent experience,3,,,never
7702,Has relevent experience,4,100-500,Funded Startup,1
9329,Has relevent experience,11,<10,Pvt Ltd,>4
21438,Has relevent experience,>20,10000+,Pvt Ltd,2
1856,Has relevent experience,5,5000-9999,Pvt Ltd,1
31902,Has relevent experience,>20,<10,Pvt Ltd,1
22973,Has relevent experience,19,100-500,Pvt Ltd,>4
30510,Has relevent experience,5,50-99,Pvt Ltd,1
14114,Has relevent experience,3,50-99,Pvt Ltd,2
10457,No relevent experience,4,,,never
23747,No relevent experience,5,,,never
9278,Has relevent experience,6,1000-4999,Pvt Ltd,1
9281,Has relevent experience,4,50-99,Pvt Ltd,1
28443,Has relevent experience,9,100-500,Pvt Ltd,2
19246,Has relevent experience,>20,100-500,Pvt Ltd,never
8328,Has relevent experience,15,10000+,Pvt Ltd,>4
13479,No relevent experience,<1,50-99,Pvt Ltd,1
9830,No relevent experience,<1,,,1
28218,No relevent experience,2,,,never
11660,No relevent experience,>20,1000-4999,Pvt Ltd,1
19615,Has relevent experience,5,,NGO,1
23830,Has relevent experience,17,1000-4999,Pvt Ltd,>4
28183,No relevent experience,6,,,1
2402,Has relevent experience,8,10000+,Public Sector,1
22374,Has relevent experience,11,1000-4999,Pvt Ltd,2
23693,No relevent experience,3,<10,Pvt Ltd,1
16803,No relevent experience,4,5000-9999,Public Sector,1
29960,Has relevent experience,8,100-500,Pvt Ltd,never
30539,Has relevent experience,>20,1000-4999,Public Sector,1
14696,Has relevent experience,3,50-99,Pvt Ltd,
710,No relevent experience,8,1000-4999,Public Sector,>4
29224,No relevent experience,1,,,1
25239,Has relevent experience,7,50-99,,>4
5273,Has relevent experience,1,,,1
14661,Has relevent experience,5,,,never
32343,Has relevent experience,>20,50-99,Pvt Ltd,>4
14316,Has relevent experience,>20,,,4
1321,Has relevent experience,5,10000+,Pvt Ltd,1
19067,No relevent experience,1,,,never
20229,Has relevent experience,17,,,>4
32893,Has relevent experience,7,10000+,Pvt Ltd,4
6458,Has relevent experience,11,50-99,Early Stage Startup,>4
18294,No relevent experience,2,100-500,Funded Startup,2
6707,Has relevent experience,12,10/49,Pvt Ltd,>4
5094,Has relevent experience,>20,100-500,Pvt Ltd,>4
1092,Has relevent experience,>20,10/49,Pvt Ltd,1
5532,Has relevent experience,11,10/49,Pvt Ltd,>4
18248,Has relevent experience,>20,1000-4999,Pvt Ltd,>4
14546,Has relevent experience,6,<10,Funded Startup,1
29385,Has relevent experience,8,10000+,Pvt Ltd,1
23119,No relevent experience,9,,,never
12888,Has relevent experience,6,50-99,Pvt Ltd,never
5615,No relevent experience,3,50-99,Pvt Ltd,1
27291,No relevent experience,9,,,1
14824,Has relevent experience,14,,,1
7783,Has relevent experience,7,10000+,Pvt Ltd,2
28026,Has relevent experience,2,<10,Pvt Ltd,never
17463,Has relevent experience,10,10000+,Pvt Ltd,1
24675,No relevent experience,2,,,never
23376,Has relevent experience,5,10/49,Early Stage Startup,2
14983,Has relevent experience,>20,<10,Early Stage Startup,1
20007,Has relevent experience,15,10/49,Pvt Ltd,>4
4872,Has relevent experience,>20,,,>4
27022,Has relevent experience,9,50-99,Pvt Ltd,
16098,Has relevent experience,4,50-99,Pvt Ltd,1
31273,Has relevent experience,15,100-500,Pvt Ltd,2
18507,Has relevent experience,18,10/49,Pvt Ltd,2
30726,No relevent experience,<1,10000+,Pvt Ltd,2
26988,Has relevent experience,17,10000+,Public Sector,>4
10660,Has relevent experience,5,,,3
2700,No relevent experience,,10/49,Pvt Ltd,4
15375,No relevent experience,4,1000-4999,,2
8346,No relevent experience,2,,,1
27144,Has relevent experience,>20,<10,Pvt Ltd,1
7536,Has relevent experience,>20,,,never
32062,Has relevent experience,18,100-500,Funded Startup,1
23467,Has relevent experience,7,1000-4999,Pvt Ltd,1
11415,Has relevent experience,2,,,2
32020,Has relevent experience,9,100-500,Funded Startup,1
17565,No relevent experience,<1,1000-4999,Pvt Ltd,1
10512,Has relevent experience,15,<10,Pvt Ltd,1
26324,Has relevent experience,>20,,,2
32803,Has relevent experience,10,10000+,NGO,>4
4107,Has relevent experience,6,50-99,,2
25153,No relevent experience,<1,100-500,NGO,1
15416,No relevent experience,11,100-500,Pvt Ltd,1
12119,Has relevent experience,7,<10,Pvt Ltd,>4
1637,Has relevent experience,3,,,1
19781,Has relevent experience,9,500-999,Pvt Ltd,1
11362,Has relevent experience,17,,,3
20112,Has relevent experience,>20,5000-9999,NGO,1
22736,No relevent experience,16,10000+,Pvt Ltd,>4
11350,Has relevent experience,6,50-99,Pvt Ltd,3
22282,Has relevent experience,>20,50-99,NGO,3
1897,No relevent experience,7,,,1
20282,No relevent experience,4,,,never
26342,Has relevent experience,>20,100-500,Funded Startup,1
6459,Has relevent experience,6,50-99,Pvt Ltd,1
20315,Has relevent experience,5,,,4
12006,No relevent experience,2,,,1
20762,Has relevent experience,4,10/49,Pvt Ltd,1
24087,Has relevent experience,20,10/49,Pvt Ltd,
1057,Has relevent experience,>20,100-500,Pvt Ltd,2
16320,No relevent experience,6,500-999,,1
17963,No relevent experience,4,,,never
8718,Has relevent experience,15,1000-4999,Pvt Ltd,2
7921,No relevent experience,5,50-99,,1
24775,Has relevent experience,>20,,,1
28487,No relevent experience,2,,,never
19676,Has relevent experience,5,100-500,Pvt Ltd,1
32984,Has relevent experience,11,50-99,Pvt Ltd,1
16240,Has relevent experience,8,,,2
8123,Has relevent experience,4,500-999,Pvt Ltd,1
25378,Has relevent experience,>20,1000-4999,Pvt Ltd,never
31910,Has relevent experience,18,10000+,Pvt Ltd,>4
30598,No relevent experience,9,,,1
33167,Has relevent experience,4,10/49,Pvt Ltd,1
30313,No relevent experience,<1,,,1
2316,No relevent experience,4,,,1
32651,Has relevent experience,7,50-99,Funded Startup,1
25190,No relevent experience,12,10/49,,1
13814,No relevent experience,2,,,1
16059,Has relevent experience,2,10/49,Pvt Ltd,1
32143,No relevent experience,2,100-500,Public Sector,1
22535,Has relevent experience,>20,1000-4999,Pvt Ltd,>4
312,Has relevent experience,>20,50-99,Pvt Ltd,1
20684,No relevent experience,3,,,2
15650,Has relevent experience,5,50-99,Pvt Ltd,1
23212,No relevent experience,2,,,1
16201,No relevent experience,10,50-99,,4
10398,Has relevent experience,>20,10/49,NGO,1
11020,No relevent experience,8,<10,Early Stage Startup,1
5609,Has relevent experience,<1,10/49,Pvt Ltd,1
15994,Has relevent experience,17,100-500,Pvt Ltd,>4
5465,No relevent experience,<1,10/49,Pvt Ltd,1
8393,Has relevent experience,>20,1000-4999,Pvt Ltd,1
8649,No relevent experience,5,50-99,Funded Startup,2
25985,Has relevent experience,>20,50-99,Funded Startup,>4
5196,No relevent experience,10,100-500,Pvt Ltd,2
17039,Has relevent experience,4,100-500,Funded Startup,1
14320,No relevent experience,8,,Public Sector,1
8348,Has relevent experience,9,500-999,Pvt Ltd,>4
30446,Has relevent experience,>20,10000+,Pvt Ltd,1
15480,No relevent experience,4,,,1
1059,Has relevent experience,>20,100-500,Pvt Ltd,3
23217,Has relevent experience,11,10/49,Pvt Ltd,>4
13118,Has relevent experience,>20,100-500,Funded Startup,1
18461,Has relevent experience,5,10/49,Pvt Ltd,1
32044,Has relevent experience,8,10000+,Pvt Ltd,2
10815,Has relevent experience,2,100-500,Other,1
16559,No relevent experience,9,,,never
21346,Has relevent experience,4,10/49,Early Stage Startup,1
16769,Has relevent experience,>20,,,1
3421,Has relevent experience,7,50-99,Pvt Ltd,2
5851,Has relevent experience,5,,Pvt Ltd,never
19741,No relevent experience,3,,,3
13840,No relevent experience,6,10000+,Pvt Ltd,1
8460,Has relevent experience,17,1000-4999,Pvt Ltd,1
27074,Has relevent experience,4,50-99,Public Sector,2
3652,Has relevent experience,3,1000-4999,,1
6644,Has relevent experience,>20,,,4
15363,No relevent experience,14,,,1
3835,Has relevent experience,2,,,never
3490,Has relevent experience,5,10/49,Funded Startup,2
13432,No relevent experience,3,5000-9999,Pvt Ltd,never
22259,Has relevent experience,>20,,,>4
3454,Has relevent experience,5,,Public Sector,3
6152,Has relevent experience,17,50-99,Pvt Ltd,1
21267,Has relevent experience,>20,<10,Early Stage Startup,1
18034,Has relevent experience,9,100-500,Public Sector,1
9998,Has relevent experience,5,10/49,Pvt Ltd,4
5637,Has relevent experience,7,1000-4999,Pvt Ltd,1
30755,Has relevent experience,1,50-99,Pvt Ltd,1
2876,Has relevent experience,>20,,,1
12476,Has relevent experience,10,50-99,Pvt Ltd,1
15462,Has relevent experience,1,50-99,Pvt Ltd,1
26127,Has relevent experience,9,50-99,Pvt Ltd,2
14700,Has relevent experience,10,50-99,Pvt Ltd,1
5796,Has relevent experience,<1,,,1
18213,No relevent experience,1,,,never
18068,Has relevent experience,>20,50-99,Pvt Ltd,1
25952,Has relevent experience,>20,100-500,NGO,2
7208,Has relevent experience,5,,,2
32002,Has relevent experience,13,,,>4
20433,No relevent experience,2,,,1
30151,Has relevent experience,17,10000+,Pvt Ltd,1
31264,No relevent experience,5,,,1
31926,Has relevent experience,15,<10,,1
18965,Has relevent experience,3,500-999,,1
11470,No relevent experience,6,,,1
18758,Has relevent experience,16,50-99,Funded Startup,1
29420,No relevent experience,5,,,never
14092,Has relevent experience,7,,,2
20421,Has relevent experience,>20,10000+,Pvt Ltd,4
4575,No relevent experience,>20,500-999,Public Sector,4
29749,Has relevent experience,4,50-99,Funded Startup,4
3513,Has relevent experience,>20,1000-4999,Pvt Ltd,1
20493,Has relevent experience,10,50-99,Funded Startup,1
257,Has relevent experience,19,100-500,Pvt Ltd,1
22769,Has relevent experience,4,50-99,,1
6581,Has relevent experience,15,500-999,Pvt Ltd,1
26250,Has relevent experience,5,1000-4999,Pvt Ltd,1
9408,Has relevent experience,>20,,,>4
11288,Has relevent experience,13,500-999,Funded Startup,1
28170,Has relevent experience,11,,,1
5520,Has relevent experience,>20,,,
18254,No relevent experience,<1,,,
8623,Has relevent experience,>20,50-99,Pvt Ltd,4
25279,Has relevent experience,10,100-500,Pvt Ltd,1
17241,Has relevent experience,11,500-999,Pvt Ltd,4
25004,Has relevent experience,3,,,1
6242,Has relevent experience,>20,,,
89,No relevent experience,6,,Pvt Ltd,never
20720,Has relevent experience,13,<10,Pvt Ltd,2
7806,Has relevent experience,9,,,>4
20955,No relevent experience,3,,,1
28702,No relevent experience,2,,,never
27522,Has relevent experience,>20,100-500,NGO,>4
33271,Has relevent experience,>20,,,1
18445,Has relevent experience,7,10/49,Pvt Ltd,>4
2672,Has relevent experience,12,10000+,Pvt Ltd,1
28363,Has relevent experience,3,,,2
24886,Has relevent experience,12,10000+,Pvt Ltd,1
7616,Has relevent experience,3,,,2
6826,No relevent experience,5,,,never
827,No relevent experience,13,10000+,Public Sector,>4
23002,No relevent experience,10,,,1
32445,Has relevent experience,8,<10,Early Stage Startup,1
24667,Has relevent experience,7,100-500,Pvt Ltd,1
1327,No relevent experience,>20,,Pvt Ltd,never
7778,Has relevent experience,>20,100-500,Pvt Ltd,1
24125,Has relevent experience,6,10/49,Pvt Ltd,1
20702,No relevent experience,3,,,never
23484,No relevent experience,2,,,never
31224,Has relevent experience,>20,10/49,Pvt Ltd,>4
31957,No relevent experience,15,100-500,Funded Startup,3
23864,Has relevent experience,2,,,1
25311,Has relevent experience,11,,,2
21075,Has relevent experience,5,,,1
19267,Has relevent experience,15,,,1
22336,Has relevent experience,3,,,2
21689,Has relevent experience,15,5000-9999,Pvt Ltd,>4
11885,Has relevent experience,>20,10000+,Pvt Ltd,>4
31507,Has relevent experience,10,100-500,Public Sector,2
4781,No relevent experience,5,10000+,Pvt Ltd,1
26587,Has relevent experience,8,50-99,Funded Startup,4
17184,Has relevent experience,4,<10,Pvt Ltd,1
566,Has relevent experience,>20,<10,Funded Startup,>4
18493,No relevent experience,11,,,
13934,Has relevent experience,11,,,1
27961,No relevent experience,2,,,never
14022,Has relevent experience,12,100-500,Pvt Ltd,2
10355,Has relevent experience,15,50-99,Pvt Ltd,1
12130,No relevent experience,10,50-99,Pvt Ltd,
18596,No relevent experience,2,,Public Sector,1
18001,No relevent experience,4,,,never
28030,No relevent experience,1,,,1
32692,Has relevent experience,1,,,1
13960,Has relevent experience,4,50-99,Pvt Ltd,1
11722,No relevent experience,>20,,,1
28984,Has relevent experience,8,50-99,Pvt Ltd,1
12932,Has relevent experience,>20,50-99,Funded Startup,2
22076,Has relevent experience,5,500-999,Pvt Ltd,
31109,No relevent experience,4,,,2
30853,Has relevent experience,16,,,>4
19873,Has relevent experience,1,,,1
14309,Has relevent experience,>20,10/49,Pvt Ltd,>4
5510,No relevent experience,18,,,
22371,Has relevent experience,8,,,1
7540,Has relevent experience,3,<10,Pvt Ltd,1
7609,Has relevent experience,18,50-99,Pvt Ltd,1
30829,Has relevent experience,>20,10/49,Pvt Ltd,>4
9145,Has relevent experience,13,100-500,Pvt Ltd,1
25483,No relevent experience,3,1000-4999,Pvt Ltd,3
12481,No relevent experience,<1,,,never
14666,No relevent experience,1,10/49,Pvt Ltd,1
24668,Has relevent experience,8,50-99,Pvt Ltd,2
10693,Has relevent experience,2,50-99,Pvt Ltd,1
21372,Has relevent experience,1,10000+,Pvt Ltd,
29204,Has relevent experience,7,<10,Early Stage Startup,1
29135,Has relevent experience,16,50-99,Funded Startup,>4
6161,Has relevent experience,>20,10000+,Pvt Ltd,>4
12226,Has relevent experience,16,5000-9999,Pvt Ltd,>4
30319,Has relevent experience,>20,,,2
4718,Has relevent experience,14,50-99,Pvt Ltd,>4
7836,Has relevent experience,2,,,never
32505,Has relevent experience,1,<10,NGO,never
13611,Has relevent experience,10,10/49,Pvt Ltd,never
29729,Has relevent experience,6,100-500,Pvt Ltd,1
26333,No relevent experience,5,,,1
18885,Has relevent experience,>20,10000+,,1
5569,No relevent experience,9,,Pvt Ltd,never
8366,Has relevent experience,16,500-999,Funded Startup,1
8091,Has relevent experience,6,10000+,Pvt Ltd,3
12818,Has relevent experience,6,10000+,Pvt Ltd,1
28662,Has relevent experience,17,,,>4
28198,No relevent experience,6,,,never
19376,Has relevent experience,8,100-500,Pvt Ltd,1
28101,Has relevent experience,3,,,1
12070,Has relevent experience,5,,,3
31417,No relevent experience,4,,Pvt Ltd,never
30070,Has relevent experience,15,10000+,Pvt Ltd,>4
11940,Has relevent experience,>20,,,>4
26332,Has relevent experience,10,50-99,Funded Startup,1
21790,Has relevent experience,10,<10,Pvt Ltd,1
22206,Has relevent experience,11,50-99,Funded Startup,1
2211,Has relevent experience,10,,,2
1049,No relevent experience,6,,,1
25002,No relevent experience,3,<10,Early Stage Startup,1
2330,Has relevent experience,6,,Pvt Ltd,1
22053,No relevent experience,3,,,never
14977,Has relevent experience,15,<10,Pvt Ltd,2
3211,Has relevent experience,11,1000-4999,Pvt Ltd,2
31872,Has relevent experience,>20,5000-9999,Pvt Ltd,4
2956,Has relevent experience,6,,,2
28125,Has relevent experience,>20,1000-4999,Pvt Ltd,>4
24263,Has relevent experience,10,<10,Pvt Ltd,>4
7199,Has relevent experience,5,50-99,Pvt Ltd,3
7303,No relevent experience,4,,,1
25391,No relevent experience,10,,,1
31857,No relevent experience,1,,,never
11207,Has relevent experience,>20,100-500,Pvt Ltd,>4
9676,Has relevent experience,>20,1000-4999,Pvt Ltd,>4
10552,Has relevent experience,7,500-999,Pvt Ltd,1
7684,Has relevent experience,16,10000+,Pvt Ltd,4
19817,Has relevent experience,4,1000-4999,Pvt Ltd,2
18105,Has relevent experience,4,10000+,Pvt Ltd,2
29268,No relevent experience,4,,,never
17708,Has relevent experience,>20,100-500,Public Sector,1
1808,Has relevent experience,8,10000+,Pvt Ltd,2
7853,Has relevent experience,4,50-99,Pvt Ltd,1
16028,No relevent experience,4,,,1
9992,Has relevent experience,20,<10,Early Stage Startup,2
19289,No relevent experience,4,1000-4999,Pvt Ltd,1
9143,Has relevent experience,6,100-500,Pvt Ltd,1
26435,Has relevent experience,4,,,never
10211,Has relevent experience,>20,10/49,Pvt Ltd,never
15134,Has relevent experience,10,<10,Pvt Ltd,1
30687,Has relevent experience,16,5000-9999,Pvt Ltd,3
651,Has relevent experience,>20,50-99,Funded Startup,1
15591,No relevent experience,<1,,,never
4659,No relevent experience,4,,,never
26422,Has relevent experience,9,50-99,Pvt Ltd,1
31061,Has relevent experience,>20,10000+,Public Sector,>4
31037,No relevent experience,5,,,never
5339,Has relevent experience,16,10000+,Pvt Ltd,>4
24153,Has relevent experience,6,50-99,Pvt Ltd,3
26506,Has relevent experience,7,,,1
1788,Has relevent experience,>20,10000+,Pvt Ltd,2
6930,No relevent experience,<1,,,never
20496,Has relevent experience,18,50-99,Funded Startup,2
879,Has relevent experience,6,,Other,2
31413,Has relevent experience,>20,,,1
28893,Has relevent experience,<1,50-99,Pvt Ltd,1
22362,No relevent experience,7,,,never
8173,No relevent experience,1,,,1
14009,Has relevent experience,6,100-500,Pvt Ltd,1
9780,Has relevent experience,7,5000-9999,Pvt Ltd,1
15353,Has relevent experience,14,10/49,Early Stage Startup,2
32823,Has relevent experience,3,,,2
17099,Has relevent experience,7,,,1
11779,No relevent experience,11,5000-9999,Pvt Ltd,>4
13728,Has relevent experience,9,,,2
9513,Has relevent experience,>20,,,1
18437,Has relevent experience,6,10/49,Pvt Ltd,1
8793,No relevent experience,12,1000-4999,Public Sector,>4
19357,No relevent experience,4,10/49,Early Stage Startup,never
21092,Has relevent experience,17,,,1
5260,No relevent experience,3,,,never
32610,Has relevent experience,9,500-999,Public Sector,1
17981,Has relevent experience,7,10000+,Pvt Ltd,1
32625,Has relevent experience,5,10/49,Pvt Ltd,>4
2271,No relevent experience,3,,Pvt Ltd,never
14027,No relevent experience,8,10000+,Pvt Ltd,>4
24639,Has relevent experience,>20,1000-4999,Pvt Ltd,>4
3487,Has relevent experience,9,500-999,Pvt Ltd,2
2882,Has relevent experience,14,50-99,,>4
25340,Has relevent experience,12,50-99,Pvt Ltd,never
24691,No relevent experience,5,,,never
20344,Has relevent experience,20,100-500,Pvt Ltd,>4
9885,Has relevent experience,5,100-500,Pvt Ltd,>4
30519,Has relevent experience,>20,50-99,Pvt Ltd,>4
13136,No relevent experience,2,,,1
29260,Has relevent experience,10,50-99,Pvt Ltd,1
6628,Has relevent experience,15,10/49,Pvt Ltd,>4
9004,Has relevent experience,6,100-500,Funded Startup,2
12815,Has relevent experience,>20,500-999,Pvt Ltd,>4
11445,No relevent experience,>20,,,>4
28993,Has relevent experience,4,,,3
27690,Has relevent experience,10,100-500,Pvt Ltd,2
16935,No relevent experience,3,,,never
12624,No relevent experience,4,,,never
7268,No relevent experience,1,,,never
2350,Has relevent experience,13,10/49,Pvt Ltd,2
10204,Has relevent experience,10,50-99,Pvt Ltd,2
5247,No relevent experience,>20,500-999,Public Sector,>4
23858,No relevent experience,8,,,1
2024,No relevent experience,1,,Pvt Ltd,never
7162,No relevent experience,13,,,never
18720,Has relevent experience,12,<10,Pvt Ltd,>4
27339,No relevent experience,<1,,Pvt Ltd,1
16234,Has relevent experience,4,50-99,Early Stage Startup,1
20922,No relevent experience,3,,,never
14804,Has relevent experience,5,100-500,Pvt Ltd,4
13050,No relevent experience,>20,50-99,Pvt Ltd,>4
27201,Has relevent experience,12,,,1
20405,No relevent experience,1,,,
22433,Has relevent experience,9,100-500,Pvt Ltd,>4
12780,No relevent experience,3,,,1
30447,Has relevent experience,6,10000+,Pvt Ltd,2
1006,Has relevent experience,1,,,1
4147,Has relevent experience,<1,1000-4999,Pvt Ltd,1
17609,No relevent experience,7,,,1
2022,Has relevent experience,15,50-99,Funded Startup,4
32830,Has relevent experience,6,50-99,Pvt Ltd,1
24953,No relevent experience,1,50-99,Pvt Ltd,1
31015,Has relevent experience,19,100-500,Funded Startup,1
25198,Has relevent experience,15,50-99,Pvt Ltd,>4
24590,No relevent experience,2,50-99,NGO,1
32924,Has relevent experience,5,10/49,Funded Startup,1
21297,Has relevent experience,>20,100-500,Funded Startup,1
29279,Has relevent experience,5,50-99,Pvt Ltd,1
10498,Has relevent experience,>20,100-500,Funded Startup,3
11240,Has relevent experience,6,5000-9999,Pvt Ltd,never
2493,Has relevent experience,10,1000-4999,Pvt Ltd,2
10434,No relevent experience,6,,,never
26117,No relevent experience,3,,,1
15392,Has relevent experience,8,50-99,Pvt Ltd,>4
23079,No relevent experience,10,,,>4
23169,No relevent experience,4,50-99,,1
2857,Has relevent experience,13,5000-9999,Pvt Ltd,2
18443,No relevent experience,<1,50-99,Pvt Ltd,1
1196,Has relevent experience,>20,,,1
1684,No relevent experience,5,,,never
18407,Has relevent experience,6,100-500,,2
3050,Has relevent experience,5,50-99,Pvt Ltd,4
11663,No relevent experience,2,,,never
31637,Has relevent experience,>20,10000+,Pvt Ltd,>4
20815,Has relevent experience,9,100-500,Pvt Ltd,1
11120,Has relevent experience,>20,500-999,Public Sector,>4
28674,Has relevent experience,>20,50-99,Pvt Ltd,>4
20146,Has relevent experience,>20,1000-4999,NGO,4
1184,No relevent experience,>20,,,>4
26166,Has relevent experience,13,100-500,Pvt Ltd,4
12180,Has relevent experience,6,,,1
10949,Has relevent experience,3,10/49,Early Stage Startup,1
2511,No relevent experience,19,100-500,Public Sector,>4
20168,Has relevent experience,>20,100-500,Pvt Ltd,>4
23385,No relevent experience,5,100-500,,4
29052,Has relevent experience,3,<10,,1
13072,Has relevent experience,11,5000-9999,Pvt Ltd,1
25366,Has relevent experience,5,<10,Pvt Ltd,1
12842,No relevent experience,7,,,never
21476,No relevent experience,4,,,3
17928,Has relevent experience,>20,50-99,Pvt Ltd,>4
26520,Has relevent experience,8,10000+,Pvt Ltd,1
25655,Has relevent experience,10,50-99,Funded Startup,1
19810,Has relevent experience,13,10000+,Pvt Ltd,2
33210,Has relevent experience,18,500-999,,1
15926,Has relevent experience,>20,50-99,Funded Startup,1
28261,Has relevent experience,>20,1000-4999,Other,>4
7075,Has relevent experience,5,<10,Pvt Ltd,2
21478,Has relevent experience,5,,,1
2423,Has relevent experience,10,1000-4999,Pvt Ltd,1
25512,Has relevent experience,9,,,1
17927,Has relevent experience,5,50-99,Pvt Ltd,1
2190,Has relevent experience,17,50-99,Pvt Ltd,1
13003,Has relevent experience,9,1000-4999,Pvt Ltd,2
19485,Has relevent experience,3,10/49,Pvt Ltd,2
11876,No relevent experience,<1,,,
28912,Has relevent experience,13,100-500,Pvt Ltd,2
29073,Has relevent experience,7,10000+,Pvt Ltd,2
27582,Has relevent experience,3,10000+,Pvt Ltd,1
22613,Has relevent experience,8,50-99,Pvt Ltd,3
2911,Has relevent experience,>20,5000-9999,Public Sector,1
10978,Has relevent experience,4,50-99,Pvt Ltd,1
25822,No relevent experience,5,,,1
31860,Has relevent experience,5,5000-9999,NGO,2
10003,No relevent experience,3,,,2
31810,Has relevent experience,>20,500-999,Pvt Ltd,1
20541,Has relevent experience,2,10/49,,1
3173,Has relevent experience,15,10/49,Pvt Ltd,>4
7916,Has relevent experience,15,50-99,Pvt Ltd,3
31625,Has relevent experience,7,1000-4999,Pvt Ltd,1
31965,No relevent experience,3,,,never
753,Has relevent experience,7,,,4
27545,Has relevent experience,>20,,,>4
12013,No relevent experience,>20,100-500,Public Sector,>4
11919,No relevent experience,>20,,Public Sector,>4
13434,Has relevent experience,6,5000-9999,Pvt Ltd,1
6182,Has relevent experience,>20,50-99,Pvt Ltd,>4
25099,Has relevent experience,16,50-99,Pvt Ltd,4
31603,Has relevent experience,14,,,1
15121,Has relevent experience,7,10000+,Pvt Ltd,2
32219,Has relevent experience,13,50-99,Pvt Ltd,2
22169,Has relevent experience,>20,,,4
25213,Has relevent experience,3,<10,Early Stage Startup,1
30549,Has relevent experience,6,500-999,Pvt Ltd,1
24179,No relevent experience,8,10/49,Pvt Ltd,4
10363,No relevent experience,<1,,,
15124,Has relevent experience,3,,,2
278,Has relevent experience,>20,,,>4
5518,Has relevent experience,7,100-500,Pvt Ltd,1
31850,Has relevent experience,17,100-500,Pvt Ltd,1
12022,Has relevent experience,8,50-99,Pvt Ltd,2
10247,Has relevent experience,5,100-500,Pvt Ltd,1
24722,Has relevent experience,8,1000-4999,Pvt Ltd,1
11704,Has relevent experience,15,500-999,NGO,1
24481,Has relevent experience,9,100-500,Pvt Ltd,4
9140,Has relevent experience,7,50-99,Pvt Ltd,1
15914,No relevent experience,1,50-99,Early Stage Startup,1
22233,Has relevent experience,7,50-99,Funded Startup,4
14125,Has relevent experience,7,5000-9999,Pvt Ltd,2
31644,Has relevent experience,17,10000+,Pvt Ltd,3
31979,Has relevent experience,>20,10000+,Pvt Ltd,>4
21935,No relevent experience,4,,,never
15269,Has relevent experience,>20,,,3
32714,Has relevent experience,5,10/49,Early Stage Startup,1
12546,No relevent experience,17,,,3
20931,No relevent experience,7,<10,Pvt Ltd,1
19503,Has relevent experience,8,10/49,Pvt Ltd,never
2676,Has relevent experience,8,<10,Public Sector,1
20328,No relevent experience,4,,,1
4268,Has relevent experience,5,1000-4999,Pvt Ltd,1
33268,Has relevent experience,11,100-500,Pvt Ltd,>4
19690,No relevent experience,5,,Other,1
15486,No relevent experience,2,,,1
14150,Has relevent experience,>20,,,
22920,No relevent experience,5,,,1
14553,No relevent experience,4,,,never
20323,No relevent experience,2,,,never
25786,Has relevent experience,10,5000-9999,Pvt Ltd,1
3066,No relevent experience,7,,,3
22132,Has relevent experience,14,1000-4999,Pvt Ltd,>4
8977,No relevent experience,7,,,never
14833,No relevent experience,5,,,
23583,Has relevent experience,4,100-500,Pvt Ltd,1
5634,Has relevent experience,14,<10,Pvt Ltd,2
22155,Has relevent experience,19,,,1
15011,Has relevent experience,12,10000+,Public Sector,>4
3877,No relevent experience,5,1000-4999,Pvt Ltd,>4
347,Has relevent experience,>20,10/49,Pvt Ltd,>4
6686,Has relevent experience,9,<10,Pvt Ltd,2
2705,Has relevent experience,10,500-999,Pvt Ltd,1
21153,Has relevent experience,12,100-500,Pvt Ltd,4
26387,Has relevent experience,>20,,,>4
28928,Has relevent experience,16,,,1
8582,No relevent experience,17,10000+,Pvt Ltd,>4
29044,Has relevent experience,3,50-99,Pvt Ltd,1
30366,Has relevent experience,4,<10,Funded Startup,1
28502,No relevent experience,12,50-99,Pvt Ltd,1
1955,Has relevent experience,10,10000+,Pvt Ltd,1
25554,Has relevent experience,3,<10,Pvt Ltd,3
22010,Has relevent experience,12,,Pvt Ltd,1
5371,Has relevent experience,6,10000+,Pvt Ltd,>4
26119,Has relevent experience,13,100-500,Pvt Ltd,1
21344,Has relevent experience,7,<10,Funded Startup,4
27423,Has relevent experience,10,,,2
14953,Has relevent experience,11,,,1
23473,No relevent experience,3,,,1
6726,Has relevent experience,>20,50-99,Pvt Ltd,1
8594,Has relevent experience,13,<10,Pvt Ltd,>4
15226,No relevent experience,>20,10000+,Pvt Ltd,>4
17582,No relevent experience,>20,10000+,Pvt Ltd,never
23662,Has relevent experience,<1,50-99,Funded Startup,1
31150,No relevent experience,7,,,3
14300,Has relevent experience,10,50-99,Funded Startup,1
33000,Has relevent experience,7,10/49,Early Stage Startup,1
14436,Has relevent experience,7,5000-9999,Pvt Ltd,>4
24465,Has relevent experience,15,100-500,Pvt Ltd,3
27551,No relevent experience,3,,,never
7129,No relevent experience,2,,,1
10033,Has relevent experience,8,10000+,Pvt Ltd,1
9689,No relevent experience,<1,,,
14725,No relevent experience,2,<10,NGO,1
1330,Has relevent experience,>20,,,2
12845,Has relevent experience,2,10/49,Pvt Ltd,1
18883,No relevent experience,5,10000+,Pvt Ltd,>4
4572,Has relevent experience,18,100-500,Pvt Ltd,1
30768,Has relevent experience,6,50-99,Funded Startup,1
21348,Has relevent experience,<1,10/49,Early Stage Startup,1
20506,No relevent experience,5,10/49,Funded Startup,1
9131,Has relevent experience,>20,10000+,Public Sector,3
22684,Has relevent experience,9,<10,Pvt Ltd,1
5973,Has relevent experience,>20,10000+,Pvt Ltd,>4
9980,Has relevent experience,8,1000-4999,Pvt Ltd,2
31086,No relevent experience,5,,,1
7286,Has relevent experience,13,1000-4999,Pvt Ltd,1
26767,Has relevent experience,11,500-999,Funded Startup,2
12545,Has relevent experience,>20,1000-4999,Pvt Ltd,2
10603,Has relevent experience,3,10000+,Pvt Ltd,1
31161,Has relevent experience,1,100-500,Pvt Ltd,never
25709,Has relevent experience,18,50-99,Pvt Ltd,>4
32497,Has relevent experience,18,100-500,Pvt Ltd,1
15724,Has relevent experience,1,,,1
32472,Has relevent experience,3,10000+,Public Sector,1
11686,Has relevent experience,7,50-99,Pvt Ltd,1
17118,No relevent experience,3,,,2
26161,Has relevent experience,9,50-99,Early Stage Startup,1
13199,No relevent experience,3,,,1
19110,Has relevent experience,5,10/49,,4
20960,No relevent experience,>20,100-500,Pvt Ltd,1
13743,Has relevent experience,14,<10,Pvt Ltd,4
18092,Has relevent experience,13,50-99,Pvt Ltd,
24332,Has relevent experience,9,500-999,Pvt Ltd,2
9064,Has relevent experience,>20,10000+,Pvt Ltd,>4
13913,Has relevent experience,13,,,never
10732,Has relevent experience,8,<10,Funded Startup,1
24364,No relevent experience,8,,,never
32954,No relevent experience,15,1000-4999,Pvt Ltd,>4
23936,Has relevent experience,4,50-99,Pvt Ltd,1
10465,No relevent experience,5,,,never
15474,No relevent experience,5,10000+,Public Sector,1
11422,Has relevent experience,8,,,never
2521,No relevent experience,>20,1000-4999,Pvt Ltd,1
13327,Has relevent experience,5,50-99,Pvt Ltd,1
27793,Has relevent experience,11,,,1
28469,Has relevent experience,7,50-99,Pvt Ltd,1
10990,No relevent experience,16,,,never
16544,No relevent experience,3,100-500,Pvt Ltd,3
2802,Has relevent experience,>20,50-99,Pvt Ltd,>4
13163,No relevent experience,2,,,never
13535,Has relevent experience,10,,,1
2043,Has relevent experience,9,50-99,Funded Startup,1
30740,Has relevent experience,8,,,1
30680,Has relevent experience,>20,,,1
18842,Has relevent experience,7,100-500,Pvt Ltd,2
19686,No relevent experience,7,,,1
28933,Has relevent experience,5,50-99,Pvt Ltd,1
30027,Has relevent experience,4,100-500,Pvt Ltd,2
27850,Has relevent experience,10,50-99,Pvt Ltd,1
13458,Has relevent experience,5,,Pvt Ltd,1
24990,Has relevent experience,18,500-999,,2
16236,Has relevent experience,11,<10,Pvt Ltd,>4
8709,Has relevent experience,7,<10,Public Sector,1
14411,Has relevent experience,1,50-99,Pvt Ltd,1
29625,No relevent experience,>20,10000+,,2
3745,Has relevent experience,8,5000-9999,Pvt Ltd,1
18961,No relevent experience,<1,,,never
25372,Has relevent experience,>20,50-99,Pvt Ltd,>4
24131,No relevent experience,2,50-99,Pvt Ltd,1
8696,Has relevent experience,>20,500-999,Pvt Ltd,>4
11595,Has relevent experience,12,,,3
12593,Has relevent experience,4,100-500,Pvt Ltd,3
23524,Has relevent experience,10,<10,Early Stage Startup,1
17141,Has relevent experience,10,,,1
6094,Has relevent experience,5,500-999,Funded Startup,2
25429,Has relevent experience,>20,10000+,Pvt Ltd,>4
7497,No relevent experience,6,,,1
9957,Has relevent experience,17,,,2
4593,Has relevent experience,>20,,,3
4989,Has relevent experience,5,50-99,,1
24818,Has relevent experience,9,100-500,Pvt Ltd,2
5766,Has relevent experience,5,10000+,Pvt Ltd,1
18348,Has relevent experience,16,50-99,Pvt Ltd,>4
27894,Has relevent experience,>20,1000-4999,Public Sector,>4
30737,Has relevent experience,13,<10,Early Stage Startup,2
27191,Has relevent experience,5,100-500,Funded Startup,1
27748,Has relevent experience,2,,,1
32001,Has relevent experience,11,<10,Pvt Ltd,>4
18626,No relevent experience,9,50-99,Pvt Ltd,1
24105,No relevent experience,11,,,>4
23995,Has relevent experience,>20,,,>4
22930,No relevent experience,10,50-99,Pvt Ltd,2
20511,Has relevent experience,>20,<10,Early Stage Startup,1
21220,Has relevent experience,>20,10000+,Pvt Ltd,>4
26633,No relevent experience,5,,,1
25660,Has relevent experience,16,10000+,Pvt Ltd,4
14692,Has relevent experience,4,500-999,NGO,never
219,Has relevent experience,13,50-99,Pvt Ltd,1
33337,Has relevent experience,>20,10000+,Pvt Ltd,1
25921,Has relevent experience,6,1000-4999,NGO,1
24477,Has relevent experience,15,,,1
3021,No relevent experience,>20,,,never
16856,Has relevent experience,>20,1000-4999,Public Sector,>4
14153,Has relevent experience,>20,50-99,,never
9845,Has relevent experience,15,50-99,Pvt Ltd,>4
32654,Has relevent experience,>20,100-500,Pvt Ltd,>4
20227,Has relevent experience,5,100-500,Pvt Ltd,1
5972,Has relevent experience,16,1000-4999,Pvt Ltd,2
11329,Has relevent experience,6,10000+,Pvt Ltd,>4
8817,Has relevent experience,11,,,never
6160,No relevent experience,2,,,never
7860,Has relevent experience,12,100-500,Public Sector,1
18288,Has relevent experience,6,10/49,Pvt Ltd,3
3360,Has relevent experience,12,50-99,Pvt Ltd,2
15418,No relevent experience,7,100-500,,1
2761,Has relevent experience,10,10000+,Pvt Ltd,2
20188,Has relevent experience,6,50-99,Early Stage Startup,2
15805,Has relevent experience,20,,,>4
10453,No relevent experience,4,,,never
22669,No relevent experience,4,,,1
27488,No relevent experience,3,,,never
24957,Has relevent experience,3,,,1
16422,Has relevent experience,12,50-99,Pvt Ltd,1
5856,Has relevent experience,12,1000-4999,NGO,>4
10911,No relevent experience,8,,,1
5626,Has relevent experience,13,10/49,Early Stage Startup,1
10754,No relevent experience,5,10/49,Public Sector,1
24475,Has relevent experience,9,50-99,Pvt Ltd,3
14157,Has relevent experience,15,,,1
32119,Has relevent experience,>20,10000+,Pvt Ltd,>4
17853,Has relevent experience,>20,,,>4
27638,Has relevent experience,10,1000-4999,Pvt Ltd,4
13447,Has relevent experience,10,10000+,Pvt Ltd,3
28539,No relevent experience,4,5000-9999,,1
14478,Has relevent experience,9,100-500,Pvt Ltd,>4
11039,Has relevent experience,18,10000+,Pvt Ltd,>4
31452,No relevent experience,3,,,never
18177,No relevent experience,6,50-99,Public Sector,2
25283,Has relevent experience,<1,<10,Early Stage Startup,
14439,Has relevent experience,10,50-99,Pvt Ltd,1
24502,Has relevent experience,14,10/49,NGO,2
20254,Has relevent experience,18,10000+,Pvt Ltd,4
25716,No relevent experience,7,,Public Sector,1
21977,No relevent experience,19,100-500,Pvt Ltd,1
17414,No relevent experience,2,,,1
16964,Has relevent experience,5,1000-4999,NGO,1
21193,Has relevent experience,11,<10,Early Stage Startup,2
24804,Has relevent experience,4,,,2
2685,Has relevent experience,>20,100-500,Pvt Ltd,3
10289,No relevent experience,5,50-99,Pvt Ltd,4
7915,Has relevent experience,4,,,2
32930,Has relevent experience,>20,100-500,Pvt Ltd,>4
3215,Has relevent experience,9,10/49,Early Stage Startup,1
10840,Has relevent experience,>20,1000-4999,Pvt Ltd,2
8687,Has relevent experience,11,1000-4999,Pvt Ltd,4
25825,Has relevent experience,>20,,,>4
20,No relevent experience,7,,,2
32294,No relevent experience,3,,,never
3763,Has relevent experience,10,50-99,,>4
30084,No relevent experience,<1,<10,Pvt Ltd,1
22616,Has relevent experience,15,500-999,Pvt Ltd,>4
21430,Has relevent experience,17,50-99,Pvt Ltd,2
8207,No relevent experience,>20,,Pvt Ltd,
6821,Has relevent experience,>20,<10,Public Sector,>4
6365,No relevent experience,6,<10,Funded Startup,never
13586,No relevent experience,<1,,,never
17297,Has relevent experience,12,10000+,Pvt Ltd,>4
13633,No relevent experience,8,50-99,Pvt Ltd,4
864,Has relevent experience,12,100-500,Pvt Ltd,1
15952,Has relevent experience,12,,,1
3169,No relevent experience,7,,,1
29308,Has relevent experience,15,100-500,Pvt Ltd,>4
24024,No relevent experience,2,,,never
3754,Has relevent experience,9,500-999,Pvt Ltd,3
8486,No relevent experience,6,,,1
8958,Has relevent experience,>20,10000+,Pvt Ltd,>4
17368,No relevent experience,<1,<10,Pvt Ltd,1
1653,Has relevent experience,8,1000-4999,Other,1
904,No relevent experience,5,,,1
17413,No relevent experience,4,<10,Early Stage Startup,never
17210,Has relevent experience,3,10/49,Pvt Ltd,never
3795,Has relevent experience,9,,,1
3232,Has relevent experience,5,50-99,Pvt Ltd,1
9681,Has relevent experience,>20,,,1
10783,Has relevent experience,5,10/49,Early Stage Startup,1
19176,Has relevent experience,4,1000-4999,Pvt Ltd,1
4855,No relevent experience,6,,Pvt Ltd,never
11364,No relevent experience,>20,10000+,Pvt Ltd,>4
28209,Has relevent experience,12,100-500,Early Stage Startup,1
8868,Has relevent experience,18,5000-9999,Pvt Ltd,>4
9989,Has relevent experience,14,100-500,Funded Startup,1
12988,Has relevent experience,>20,,,2
11923,No relevent experience,2,,,never
30455,Has relevent experience,7,100-500,Pvt Ltd,1
32663,Has relevent experience,3,50-99,Pvt Ltd,3
19377,Has relevent experience,4,100-500,Pvt Ltd,1
11540,Has relevent experience,>20,1000-4999,NGO,>4
10757,No relevent experience,6,100-500,Public Sector,1
30993,Has relevent experience,4,,,1
29101,Has relevent experience,8,1000-4999,NGO,2
25288,Has relevent experience,3,,,1
10474,No relevent experience,1,10000+,Pvt Ltd,
30933,Has relevent experience,8,10000+,Pvt Ltd,1
28726,Has relevent experience,>20,,,4
8128,Has relevent experience,6,,,never
1753,Has relevent experience,10,,Pvt Ltd,1
2055,No relevent experience,4,,,1
5893,Has relevent experience,7,5000-9999,,1
19798,Has relevent experience,2,10000+,,1
26570,Has relevent experience,8,,,4
20885,Has relevent experience,9,,NGO,
11457,Has relevent experience,18,100-500,Pvt Ltd,>4
2033,No relevent experience,4,,,2
5891,No relevent experience,10,10000+,Pvt Ltd,2
25123,Has relevent experience,9,100-500,Pvt Ltd,never
15431,Has relevent experience,7,,,1
1859,Has relevent experience,12,100-500,Pvt Ltd,>4
28783,No relevent experience,>20,,,>4
28447,No relevent experience,3,,,never
4084,Has relevent experience,16,1000-4999,Pvt Ltd,4
29264,No relevent experience,5,500-999,Pvt Ltd,1
23273,No relevent experience,4,<10,NGO,1
11856,No relevent experience,5,,,1
2462,Has relevent experience,10,10/49,,4
23349,Has relevent experience,>20,1000-4999,Public Sector,1
20950,Has relevent experience,19,1000-4999,Pvt Ltd,2
8810,Has relevent experience,10,,,1
21345,Has relevent experience,5,100-500,Pvt Ltd,1
32276,Has relevent experience,9,100-500,Pvt Ltd,3
18410,No relevent experience,1,,,1
24288,Has relevent experience,>20,500-999,Pvt Ltd,>4
20114,No relevent experience,10,<10,Funded Startup,1
11802,Has relevent experience,3,50-99,Early Stage Startup,1
27723,Has relevent experience,>20,<10,Funded Startup,1
22465,Has relevent experience,>20,100-500,Pvt Ltd,2
19023,Has relevent experience,10,10000+,Pvt Ltd,1
23386,No relevent experience,7,,,>4
29416,Has relevent experience,>20,50-99,Pvt Ltd,1
17513,Has relevent experience,5,<10,Pvt Ltd,1
22956,Has relevent experience,5,50-99,,1
9813,Has relevent experience,15,,,1
30611,Has relevent experience,5,,,1
8927,Has relevent experience,5,10/49,Pvt Ltd,3
16359,Has relevent experience,>20,,,1
4954,Has relevent experience,10,50-99,Funded Startup,1
5536,Has relevent experience,5,,,1
17234,No relevent experience,2,50-99,NGO,1
11452,Has relevent experience,2,10/49,Pvt Ltd,1
19358,Has relevent experience,<1,10000+,Pvt Ltd,
13166,Has relevent experience,6,5000-9999,Pvt Ltd,2
9012,Has relevent experience,14,,Pvt Ltd,1
26471,Has relevent experience,2,100-500,Pvt Ltd,1
6632,Has relevent experience,15,5000-9999,Public Sector,>4
11009,Has relevent experience,9,10/49,Pvt Ltd,4
14637,Has relevent experience,5,<10,Pvt Ltd,1
23618,Has relevent experience,>20,5000-9999,Public Sector,never
5137,No relevent experience,4,,Pvt Ltd,never
4360,Has relevent experience,8,50-99,Pvt Ltd,1
4123,No relevent experience,4,,Pvt Ltd,never
1927,Has relevent experience,19,10000+,Pvt Ltd,3
7554,No relevent experience,5,5000-9999,Pvt Ltd,1
18217,Has relevent experience,20,,,never
3717,No relevent experience,4,,,4
29453,No relevent experience,6,,,1
24488,Has relevent experience,>20,50-99,Pvt Ltd,2
24258,Has relevent experience,6,<10,Pvt Ltd,>4
31526,No relevent experience,<1,1000-4999,Pvt Ltd,1
24221,No relevent experience,3,500-999,Pvt Ltd,1
28317,Has relevent experience,8,10/49,Pvt Ltd,2
19323,Has relevent experience,8,10/49,Early Stage Startup,2
24373,Has relevent experience,8,100-500,,1
7388,Has relevent experience,12,1000-4999,Pvt Ltd,>4
16522,Has relevent experience,16,100-500,Pvt Ltd,>4
29005,Has relevent experience,14,,,1
27365,No relevent experience,13,500-999,Pvt Ltd,>4
7125,No relevent experience,5,<10,Public Sector,never
14008,No relevent experience,6,,,1
21891,No relevent experience,3,,,1
4531,Has relevent experience,12,100-500,Pvt Ltd,2
17590,Has relevent experience,2,50-99,Pvt Ltd,1
11889,Has relevent experience,14,50-99,Funded Startup,1
17846,Has relevent experience,6,10000+,Pvt Ltd,1
3731,Has relevent experience,18,10000+,Pvt Ltd,4
1531,Has relevent experience,>20,100-500,Pvt Ltd,4
25248,No relevent experience,3,<10,Pvt Ltd,never
30760,Has relevent experience,1,50-99,Other,never
12386,Has relevent experience,10,<10,Pvt Ltd,2
8208,Has relevent experience,7,100-500,Pvt Ltd,1
14383,Has relevent experience,13,10000+,Pvt Ltd,
986,Has relevent experience,16,50-99,Funded Startup,1
12317,Has relevent experience,>20,50-99,Pvt Ltd,2
17340,Has relevent experience,6,10/49,Early Stage Startup,1
18814,Has relevent experience,4,100-500,Pvt Ltd,1
6545,Has relevent experience,9,5000-9999,Pvt Ltd,4
31065,Has relevent experience,2,100-500,Pvt Ltd,1
2634,Has relevent experience,10,,,>4
17303,Has relevent experience,9,50-99,Pvt Ltd,3
5140,Has relevent experience,10,10000+,Pvt Ltd,never
14427,Has relevent experience,9,10000+,Pvt Ltd,3
7596,Has relevent experience,10,50-99,Pvt Ltd,1
3284,Has relevent experience,16,100-500,Pvt Ltd,>4
655,Has relevent experience,18,1000-4999,Pvt Ltd,>4
22078,No relevent experience,1,100-500,Public Sector,1
21684,Has relevent experience,9,50-99,Pvt Ltd,>4
21402,Has relevent experience,7,50-99,Early Stage Startup,1
25286,No relevent experience,1,,,1
20014,Has relevent experience,<1,10/49,Pvt Ltd,>4
28138,No relevent experience,2,,,1
248,Has relevent experience,10,10000+,Pvt Ltd,never
6496,Has relevent experience,4,50-99,Pvt Ltd,4
23294,No relevent experience,3,,,never
27750,Has relevent experience,8,500-999,Funded Startup,1
19599,Has relevent experience,10,100-500,Pvt Ltd,2
29909,No relevent experience,4,,,2
18712,No relevent experience,2,500-999,Public Sector,1
32988,Has relevent experience,6,5000-9999,Pvt Ltd,1
17176,No relevent experience,9,,,>4
7839,Has relevent experience,10,10000+,Pvt Ltd,2
4449,No relevent experience,2,,,
7485,No relevent experience,3,,,never
826,Has relevent experience,>20,1000-4999,Other,1
14112,No relevent experience,3,1000-4999,NGO,1
9174,Has relevent experience,3,50-99,Pvt Ltd,2
31348,Has relevent experience,,1000-4999,Pvt Ltd,>4
16510,Has relevent experience,10,<10,Pvt Ltd,>4
26383,No relevent experience,2,,,never
1251,Has relevent experience,3,100-500,Pvt Ltd,2
2084,Has relevent experience,15,,,1
28082,No relevent experience,10,10000+,Pvt Ltd,3
31366,Has relevent experience,>20,,,>4
2574,Has relevent experience,10,50-99,Pvt Ltd,2
27946,Has relevent experience,>20,100-500,Funded Startup,>4
22656,No relevent experience,<1,,,never
6722,Has relevent experience,15,10000+,Pvt Ltd,1
1786,Has relevent experience,>20,100-500,Pvt Ltd,1
12325,No relevent experience,2,,,never
2459,Has relevent experience,13,1000-4999,Pvt Ltd,1
7021,Has relevent experience,>20,,Pvt Ltd,>4
33161,Has relevent experience,>20,10000+,Other,1
14607,Has relevent experience,>20,10000+,Pvt Ltd,2
2637,Has relevent experience,4,100-500,Funded Startup,1
27872,Has relevent experience,<1,<10,Early Stage Startup,1
13250,No relevent experience,3,,,1
32330,Has relevent experience,13,50-99,Pvt Ltd,>4
7716,Has relevent experience,6,10/49,Pvt Ltd,1
24422,Has relevent experience,>20,1000-4999,Pvt Ltd,>4
5908,Has relevent experience,>20,5000-9999,Pvt Ltd,>4
17877,Has relevent experience,>20,10000+,Pvt Ltd,>4
12440,Has relevent experience,5,<10,Pvt Ltd,never
25636,Has relevent experience,13,10000+,Pvt Ltd,4
19764,Has relevent experience,2,5000-9999,Pvt Ltd,1
7665,Has relevent experience,5,,,1
8860,Has relevent experience,9,100-500,Pvt Ltd,1
8336,Has relevent experience,4,50-99,Early Stage Startup,2
18474,No relevent experience,2,,,1
5200,Has relevent experience,9,<10,Pvt Ltd,2
18971,Has relevent experience,8,50-99,Funded Startup,1
3429,No relevent experience,5,,,never
31420,Has relevent experience,14,50-99,Public Sector,3
27016,Has relevent experience,3,100-500,Pvt Ltd,1
31868,Has relevent experience,17,100-500,Pvt Ltd,1
20816,No relevent experience,1,,,never
9123,No relevent experience,2,50-99,Pvt Ltd,never
28064,Has relevent experience,>20,,,2
33198,Has relevent experience,16,<10,Early Stage Startup,2
25275,Has relevent experience,16,10/49,Pvt Ltd,1
9451,Has relevent experience,19,50-99,Pvt Ltd,>4
29360,No relevent experience,4,,,never
3296,Has relevent experience,13,10/49,Early Stage Startup,1
1726,No relevent experience,2,,,1
19684,Has relevent experience,6,100-500,Pvt Ltd,>4
6143,Has relevent experience,15,<10,Pvt Ltd,never
19365,Has relevent experience,10,<10,,1
2020,Has relevent experience,>20,500-999,Pvt Ltd,>4
28435,No relevent experience,3,,,never
29023,Has relevent experience,7,10000+,Pvt Ltd,1
922,Has relevent experience,14,100-500,Pvt Ltd,4
3691,Has relevent experience,>20,5000-9999,Pvt Ltd,>4
21174,Has relevent experience,>20,5000-9999,Pvt Ltd,>4
8763,Has relevent experience,>20,,,>4
8637,Has relevent experience,>20,100-500,Funded Startup,2
23845,Has relevent experience,4,100-500,Pvt Ltd,1
5439,Has relevent experience,>20,,,>4
26406,Has relevent experience,15,100-500,Pvt Ltd,2
22818,Has relevent experience,>20,50-99,Pvt Ltd,>4
32439,Has relevent experience,2,10/49,Pvt Ltd,2
30879,No relevent experience,6,,,1
3106,No relevent experience,9,100-500,Pvt Ltd,1
16231,Has relevent experience,7,,,2
22757,Has relevent experience,18,100-500,Pvt Ltd,1
21290,Has relevent experience,>20,100-500,Pvt Ltd,>4
31577,No relevent experience,4,,,never
26824,Has relevent experience,16,500-999,Pvt Ltd,>4
25704,No relevent experience,7,,,never
7332,Has relevent experience,4,,,1
20895,No relevent experience,3,,,never
16339,Has relevent experience,19,50-99,Pvt Ltd,>4
23041,Has relevent experience,7,10000+,Pvt Ltd,4
14712,Has relevent experience,>20,,,1
7656,Has relevent experience,9,10000+,Pvt Ltd,4
3690,Has relevent experience,7,100-500,Pvt Ltd,1
14721,Has relevent experience,>20,500-999,Pvt Ltd,
25011,Has relevent experience,11,100-500,Pvt Ltd,>4
13344,Has relevent experience,20,,,1
21360,Has relevent experience,11,1000-4999,Pvt Ltd,3
19165,No relevent experience,7,,,
28940,No relevent experience,14,,Funded Startup,1
7988,Has relevent experience,3,500-999,Pvt Ltd,1
7845,Has relevent experience,3,100-500,Pvt Ltd,
2461,No relevent experience,3,,Pvt Ltd,never
21795,Has relevent experience,3,10000+,Pvt Ltd,1
2692,Has relevent experience,6,10000+,Pvt Ltd,1
7396,Has relevent experience,>20,,,4
25880,Has relevent experience,>20,100-500,Pvt Ltd,>4
28116,Has relevent experience,5,10000+,NGO,1
14260,No relevent experience,13,,,2
9971,Has relevent experience,2,<10,Pvt Ltd,1
23103,Has relevent experience,17,<10,Pvt Ltd,>4
20388,Has relevent experience,>20,100-500,Pvt Ltd,>4
5847,Has relevent experience,11,,,2
1855,No relevent experience,3,,,
3770,Has relevent experience,6,,Public Sector,2
25584,Has relevent experience,3,100-500,Funded Startup,1
4416,Has relevent experience,11,10000+,Pvt Ltd,1
6208,No relevent experience,<1,,,never
14682,Has relevent experience,14,10000+,Pvt Ltd,>4
4701,No relevent experience,3,,,never
4608,Has relevent experience,4,50-99,Pvt Ltd,1
2465,Has relevent experience,16,1000-4999,Pvt Ltd,1
4951,Has relevent experience,15,<10,Pvt Ltd,1
7474,No relevent experience,10,,,never
4741,Has relevent experience,5,<10,Early Stage Startup,1
8538,Has relevent experience,7,50-99,Early Stage Startup,2
19458,No relevent experience,6,,,1
33321,Has relevent experience,11,5000-9999,Pvt Ltd,1
8866,Has relevent experience,3,50-99,,1
24250,Has relevent experience,14,10/49,Pvt Ltd,>4
28008,No relevent experience,1,,,never
10009,No relevent experience,3,100-500,Public Sector,2
14909,Has relevent experience,4,100-500,Pvt Ltd,
11517,No relevent experience,3,,,never
8139,Has relevent experience,15,1000-4999,Pvt Ltd,4
15292,Has relevent experience,>20,10000+,Pvt Ltd,4
20774,Has relevent experience,7,5000-9999,Pvt Ltd,3
8880,No relevent experience,5,,,4
32914,No relevent experience,2,,,1
18172,No relevent experience,5,<10,Pvt Ltd,1
25489,Has relevent experience,8,,,1
5921,Has relevent experience,9,<10,Pvt Ltd,1
30709,Has relevent experience,>20,1000-4999,Pvt Ltd,1
3077,Has relevent experience,9,50-99,Funded Startup,1
30898,Has relevent experience,>20,10000+,Pvt Ltd,1
27910,Has relevent experience,>20,100-500,Pvt Ltd,1
4994,Has relevent experience,6,10000+,Pvt Ltd,3
24860,Has relevent experience,1,<10,Early Stage Startup,1
2079,Has relevent experience,15,10/49,Pvt Ltd,1
19464,No relevent experience,5,5000-9999,,1
1444,No relevent experience,6,,,never
22080,Has relevent experience,>20,<10,Funded Startup,1
2141,Has relevent experience,12,10000+,Pvt Ltd,>4
15844,Has relevent experience,9,50-99,Pvt Ltd,3
3688,Has relevent experience,19,100-500,Pvt Ltd,never
13737,Has relevent experience,16,,,1
5119,No relevent experience,3,,,never
6693,Has relevent experience,>20,<10,Pvt Ltd,never
32674,Has relevent experience,9,50-99,Pvt Ltd,2
21847,Has relevent experience,16,10000+,Pvt Ltd,>4
21165,Has relevent experience,14,500-999,Pvt Ltd,>4
22874,Has relevent experience,>20,500-999,Pvt Ltd,>4
3073,No relevent experience,2,,,2
17914,No relevent experience,8,1000-4999,Pvt Ltd,2
11724,Has relevent experience,9,<10,Pvt Ltd,1
23680,No relevent experience,3,100-500,Pvt Ltd,1
14939,Has relevent experience,11,,,1
19965,Has relevent experience,4,50-99,,1
29143,No relevent experience,14,50-99,Pvt Ltd,>4
22082,Has relevent experience,>20,,,>4
1861,Has relevent experience,15,10000+,Public Sector,>4
17623,Has relevent experience,5,10/49,Pvt Ltd,
26302,Has relevent experience,7,10000+,Pvt Ltd,1
31132,No relevent experience,2,,,never
6760,Has relevent experience,16,10000+,Pvt Ltd,>4
20317,Has relevent experience,9,50-99,Pvt Ltd,3
30980,Has relevent experience,2,10000+,Public Sector,1
7728,Has relevent experience,11,,Pvt Ltd,1
11563,Has relevent experience,>20,,,>4
22410,Has relevent experience,6,100-500,Pvt Ltd,never
5095,Has relevent experience,>20,50-99,Pvt Ltd,1
13183,Has relevent experience,15,,,1
14345,Has relevent experience,12,500-999,Pvt Ltd,>4
31271,Has relevent experience,6,100-500,,1
16430,No relevent experience,3,,,
2016,No relevent experience,3,5000-9999,Pvt Ltd,2
19328,Has relevent experience,10,,,1
5521,No relevent experience,2,,,never
9834,No relevent experience,<1,,,1
6846,Has relevent experience,14,,,2
28628,Has relevent experience,>20,100-500,Pvt Ltd,1
25752,Has relevent experience,7,50-99,Funded Startup,1
6832,Has relevent experience,6,50-99,Funded Startup,1
22495,Has relevent experience,15,50-99,Pvt Ltd,2
5405,Has relevent experience,1,10/49,Pvt Ltd,1
4805,Has relevent experience,>20,1000-4999,Public Sector,1
27590,No relevent experience,5,10000+,Public Sector,>4
29488,Has relevent experience,16,,,>4
2795,Has relevent experience,9,100-500,Early Stage Startup,>4
26648,Has relevent experience,>20,<10,Pvt Ltd,2
24447,Has relevent experience,>20,100-500,Pvt Ltd,>4
29057,Has relevent experience,9,,,2
28595,Has relevent experience,11,10000+,Pvt Ltd,1
21507,No relevent experience,1,50-99,Public Sector,1
1729,Has relevent experience,15,50-99,,2
13338,No relevent experience,1,50-99,Pvt Ltd,never
25939,No relevent experience,3,1000-4999,Public Sector,1
32757,Has relevent experience,>20,1000-4999,Pvt Ltd,4
461,Has relevent experience,11,10000+,Pvt Ltd,2
15925,No relevent experience,5,,,2
847,Has relevent experience,16,10/49,Pvt Ltd,1
31136,No relevent experience,2,,,never
8834,Has relevent experience,>20,,,2
28546,Has relevent experience,20,,,>4
8726,Has relevent experience,>20,<10,Pvt Ltd,never
11970,Has relevent experience,9,5000-9999,NGO,1
14851,Has relevent experience,15,100-500,Funded Startup,2
4627,No relevent experience,3,,,never
32678,Has relevent experience,<1,1000-4999,,never
26918,No relevent experience,5,5000-9999,Public Sector,1
7323,Has relevent experience,6,<10,Early Stage Startup,1
4699,Has relevent experience,>20,,,1
22601,Has relevent experience,6,50-99,Funded Startup,2
3087,Has relevent experience,>20,100-500,Pvt Ltd,>4
10661,Has relevent experience,18,10000+,Pvt Ltd,2
17338,No relevent experience,3,,,1
22305,Has relevent experience,>20,,,>4
32827,Has relevent experience,5,,,1
3943,No relevent experience,1,10/49,Public Sector,1
22400,Has relevent experience,2,10/49,Pvt Ltd,1
16322,No relevent experience,7,50-99,Pvt Ltd,1
14703,Has relevent experience,3,10000+,Pvt Ltd,3
31774,Has relevent experience,<1,50-99,Pvt Ltd,1
20026,No relevent experience,2,,,2
17939,Has relevent experience,10,50-99,Public Sector,1
20212,Has relevent experience,>20,100-500,Pvt Ltd,>4
32718,Has relevent experience,10,1000-4999,Pvt Ltd,>4
8142,No relevent experience,8,,,1
5881,Has relevent experience,5,100-500,Pvt Ltd,never
23911,No relevent experience,8,,,>4
26875,Has relevent experience,9,50-99,Pvt Ltd,1
12696,Has relevent experience,5,100-500,Pvt Ltd,1
8632,Has relevent experience,>20,50-99,Funded Startup,1
29829,Has relevent experience,14,,,>4
29454,No relevent experience,4,,,never
17654,No relevent experience,7,,,1
307,Has relevent experience,3,,,1
16283,Has relevent experience,4,100-500,Pvt Ltd,1
9577,Has relevent experience,>20,<10,Pvt Ltd,>4
6194,Has relevent experience,10,100-500,Public Sector,1
10765,No relevent experience,5,,NGO,4
31275,Has relevent experience,16,,,2
12670,No relevent experience,1,50-99,Pvt Ltd,1
9392,Has relevent experience,17,50-99,Pvt Ltd,>4
2144,Has relevent experience,13,100-500,Pvt Ltd,4
9152,Has relevent experience,4,500-999,Pvt Ltd,1
23231,Has relevent experience,16,,,4
1817,Has relevent experience,11,50-99,Pvt Ltd,1
19089,Has relevent experience,>20,1000-4999,Public Sector,>4
29013,Has relevent experience,9,50-99,Pvt Ltd,>4
5447,No relevent experience,7,,Pvt Ltd,never
21173,Has relevent experience,6,,,1
18291,Has relevent experience,10,100-500,Pvt Ltd,2
13993,Has relevent experience,12,50-99,Pvt Ltd,2
9666,Has relevent experience,8,100-500,Pvt Ltd,>4
6737,Has relevent experience,10,100-500,,3
9265,Has relevent experience,13,5000-9999,Pvt Ltd,4
13906,No relevent experience,9,1000-4999,NGO,2
22937,No relevent experience,4,10000+,Public Sector,
2949,Has relevent experience,>20,100-500,Pvt Ltd,2
7417,No relevent experience,8,10000+,Pvt Ltd,2
4186,No relevent experience,>20,,,>4
13041,Has relevent experience,11,10/49,Pvt Ltd,2
11924,Has relevent experience,3,50-99,Pvt Ltd,2
20153,No relevent experience,,10000+,,
10890,Has relevent experience,>20,10000+,Pvt Ltd,1
16826,Has relevent experience,15,500-999,Pvt Ltd,4
23905,No relevent experience,6,,,>4
21480,Has relevent experience,4,50-99,Early Stage Startup,
19595,Has relevent experience,9,10/49,Funded Startup,1
15723,No relevent experience,5,,,never
33129,Has relevent experience,>20,,,>4
33124,Has relevent experience,13,100-500,Pvt Ltd,1
17684,Has relevent experience,5,50-99,Pvt Ltd,1
7503,Has relevent experience,6,50-99,Funded Startup,1
25897,Has relevent experience,>20,,,>4
4323,Has relevent experience,8,50-99,Pvt Ltd,3
21110,No relevent experience,>20,,,2
19284,Has relevent experience,>20,50-99,Pvt Ltd,1
9809,Has relevent experience,>20,5000-9999,Pvt Ltd,2
26046,Has relevent experience,15,,,3
24816,No relevent experience,13,1000-4999,Public Sector,2
15088,Has relevent experience,13,10/49,Funded Startup,1
1676,Has relevent experience,>20,50-99,Pvt Ltd,2
13795,Has relevent experience,8,50-99,Pvt Ltd,>4
10549,Has relevent experience,5,50-99,Pvt Ltd,never
23274,Has relevent experience,10,10/49,Early Stage Startup,3
31334,Has relevent experience,11,100-500,Funded Startup,1
29604,Has relevent experience,14,50-99,Pvt Ltd,4
11190,Has relevent experience,6,,,never
26671,Has relevent experience,<1,1000-4999,Pvt Ltd,1
4069,No relevent experience,4,5000-9999,Pvt Ltd,1
21451,Has relevent experience,>20,100-500,Pvt Ltd,4
30329,No relevent experience,>20,500-999,,1
17109,Has relevent experience,<1,,Public Sector,1
5182,No relevent experience,8,,,4
16998,Has relevent experience,4,100-500,,1
2413,No relevent experience,14,50-99,Funded Startup,1
30732,Has relevent experience,19,<10,Pvt Ltd,>4
4696,Has relevent experience,7,<10,Pvt Ltd,1
27232,Has relevent experience,4,,,2
658,Has relevent experience,14,1000-4999,Pvt Ltd,2
23956,No relevent experience,2,,,never
9459,Has relevent experience,>20,10000+,Pvt Ltd,2
12641,Has relevent experience,7,100-500,Pvt Ltd,1
106,No relevent experience,12,,,4
12300,Has relevent experience,17,100-500,Pvt Ltd,4
19351,Has relevent experience,10,100-500,,never
18896,Has relevent experience,6,<10,Pvt Ltd,1
13985,Has relevent experience,6,1000-4999,Pvt Ltd,never
2775,Has relevent experience,13,<10,Funded Startup,1
239,No relevent experience,6,50-99,Public Sector,2
11661,No relevent experience,3,,,never
17328,No relevent experience,3,,,
1309,No relevent experience,13,10000+,Pvt Ltd,>4
7058,Has relevent experience,11,10/49,Pvt Ltd,>4
30589,Has relevent experience,16,50-99,Pvt Ltd,3
22131,Has relevent experience,19,,,1
17870,Has relevent experience,3,10000+,Pvt Ltd,2
17964,Has relevent experience,20,500-999,Pvt Ltd,1
16273,Has relevent experience,4,50-99,Pvt Ltd,1
23497,No relevent experience,10,,,1
29097,Has relevent experience,>20,10000+,Pvt Ltd,>4
17761,Has relevent experience,5,<10,Funded Startup,1
540,Has relevent experience,>20,<10,Pvt Ltd,>4
14246,No relevent experience,2,50-99,Pvt Ltd,1
30506,No relevent experience,3,,,>4
29797,Has relevent experience,>20,1000-4999,Public Sector,>4
26465,No relevent experience,2,<10,Pvt Ltd,1
26822,Has relevent experience,15,500-999,NGO,1
28276,No relevent experience,1,50-99,Pvt Ltd,1
4983,Has relevent experience,5,10000+,Pvt Ltd,1
22751,Has relevent experience,4,50-99,,1
15572,Has relevent experience,6,10/49,Pvt Ltd,never
21293,Has relevent experience,2,50-99,Pvt Ltd,1
26523,Has relevent experience,8,50-99,Pvt Ltd,1
33015,Has relevent experience,11,10/49,Pvt Ltd,2
8397,No relevent experience,2,,,never
4682,No relevent experience,2,,,1
22891,Has relevent experience,16,,,>4
26039,No relevent experience,1,1000-4999,Public Sector,1
5722,Has relevent experience,5,10/49,Pvt Ltd,never
33196,Has relevent experience,17,500-999,Pvt Ltd,2
2408,Has relevent experience,6,,,1
16558,Has relevent experience,11,10000+,Pvt Ltd,1
21487,Has relevent experience,>20,10/49,Pvt Ltd,1
11394,No relevent experience,<1,<10,Pvt Ltd,1
23422,No relevent experience,<1,,,never
15228,Has relevent experience,14,<10,Pvt Ltd,>4
10922,Has relevent experience,>20,,,1
31659,Has relevent experience,16,10000+,Pvt Ltd,>4
25573,Has relevent experience,>20,,,>4
5646,Has relevent experience,3,50-99,Early Stage Startup,2
31331,Has relevent experience,11,50-99,Pvt Ltd,>4
2670,Has relevent experience,>20,,,>4
30427,No relevent experience,13,10/49,Pvt Ltd,>4
20416,Has relevent experience,20,,,never
18080,No relevent experience,1,,,1
5725,Has relevent experience,7,50-99,Pvt Ltd,2
14394,Has relevent experience,16,100-500,Pvt Ltd,1
26568,Has relevent experience,10,10000+,Pvt Ltd,>4
19187,Has relevent experience,14,100-500,Pvt Ltd,2
23892,Has relevent experience,4,,,2
23299,Has relevent experience,>20,1000-4999,Pvt Ltd,>4
27966,Has relevent experience,4,,,1
10347,Has relevent experience,>20,50-99,Pvt Ltd,>4
19282,Has relevent experience,>20,5000-9999,Public Sector,>4
14211,Has relevent experience,15,10000+,Pvt Ltd,>4
21757,Has relevent experience,2,100-500,Pvt Ltd,1
23463,Has relevent experience,>20,,,2
11299,Has relevent experience,15,100-500,Pvt Ltd,3
29016,No relevent experience,2,100-500,Pvt Ltd,2
23963,No relevent experience,8,,,1
32038,No relevent experience,5,10/49,Early Stage Startup,1
7319,Has relevent experience,12,1000-4999,Pvt Ltd,2
3639,Has relevent experience,4,50-99,NGO,1
4825,Has relevent experience,4,,,1
25282,Has relevent experience,>20,10000+,Pvt Ltd,1
6065,Has relevent experience,5,100-500,,2
12585,No relevent experience,13,10000+,Pvt Ltd,1
27088,No relevent experience,4,,,4
8399,Has relevent experience,>20,100-500,Pvt Ltd,>4
24979,No relevent experience,2,,,1
8635,Has relevent experience,9,50-99,Pvt Ltd,1
32108,Has relevent experience,8,<10,Pvt Ltd,1
11611,Has relevent experience,>20,,,2
11018,Has relevent experience,3,50-99,Pvt Ltd,1
27597,Has relevent experience,15,1000-4999,Pvt Ltd,1
20454,No relevent experience,2,,,1
21278,Has relevent experience,7,50-99,Funded Startup,1
4049,Has relevent experience,>20,100-500,Pvt Ltd,>4
13744,Has relevent experience,6,100-500,NGO,1
12792,Has relevent experience,2,<10,Early Stage Startup,2
12591,No relevent experience,2,,,1
17571,Has relevent experience,>20,10/49,Pvt Ltd,>4
26718,Has relevent experience,11,1000-4999,NGO,1
16030,Has relevent experience,>20,10/49,Funded Startup,4
6212,Has relevent experience,>20,100-500,Pvt Ltd,>4
4076,Has relevent experience,18,1000-4999,Pvt Ltd,never
8198,No relevent experience,9,10/49,Pvt Ltd,4
6941,No relevent experience,>20,,,>4
17299,No relevent experience,3,1000-4999,Public Sector,1
29120,Has relevent experience,12,500-999,Pvt Ltd,1
11420,Has relevent experience,3,10000+,Pvt Ltd,1
28511,Has relevent experience,10,10/49,Pvt Ltd,4
19119,Has relevent experience,8,100-500,,1
33273,Has relevent experience,17,50-99,Pvt Ltd,4
25593,Has relevent experience,5,<10,Early Stage Startup,1
28788,No relevent experience,12,<10,Early Stage Startup,4
30159,No relevent experience,5,,,1
29494,No relevent experience,2,,Public Sector,1
21170,Has relevent experience,15,100-500,Pvt Ltd,3
9861,Has relevent experience,17,10000+,Public Sector,>4
28963,Has relevent experience,>20,1000-4999,Pvt Ltd,2
16612,Has relevent experience,>20,10/49,Pvt Ltd,>4
27255,No relevent experience,5,,,never
9872,Has relevent experience,14,100-500,Pvt Ltd,3
8598,Has relevent experience,5,,,4
19941,Has relevent experience,7,1000-4999,NGO,1
2837,Has relevent experience,4,<10,Pvt Ltd,2
12967,Has relevent experience,15,500-999,Public Sector,2
32010,Has relevent experience,11,10000+,Pvt Ltd,4
13710,No relevent experience,2,50-99,Pvt Ltd,1
4130,Has relevent experience,10,500-999,Pvt Ltd,>4
6236,No relevent experience,<1,,,>4
23952,Has relevent experience,>20,100-500,Pvt Ltd,>4
346,Has relevent experience,>20,500-999,Pvt Ltd,>4
22794,Has relevent experience,3,500-999,Pvt Ltd,1
5883,Has relevent experience,>20,,,
16064,Has relevent experience,8,50-99,Pvt Ltd,1
18921,Has relevent experience,<1,1000-4999,Pvt Ltd,1
32976,No relevent experience,14,5000-9999,Public Sector,1
22201,Has relevent experience,>20,,Pvt Ltd,>4
14259,Has relevent experience,5,,,2
14868,Has relevent experience,8,10000+,Pvt Ltd,2
9496,Has relevent experience,3,50-99,Pvt Ltd,1
25701,Has relevent experience,15,10000+,Pvt Ltd,1
21552,Has relevent experience,>20,,,>4
23708,No relevent experience,5,,,never
124,Has relevent experience,>20,10000+,Pvt Ltd,2
31380,Has relevent experience,16,10000+,Pvt Ltd,1
12358,Has relevent experience,15,500-999,,2
1334,Has relevent experience,15,500-999,Pvt Ltd,>4
5958,Has relevent experience,2,5000-9999,Pvt Ltd,1
32527,Has relevent experience,>20,10000+,Pvt Ltd,3
32098,Has relevent experience,4,50-99,Pvt Ltd,2
31360,Has relevent experience,4,10000+,Pvt Ltd,1
1376,No relevent experience,5,,,never
26584,Has relevent experience,>20,,,2
11279,Has relevent experience,>20,<10,Early Stage Startup,1
19523,Has relevent experience,10,100-500,Funded Startup,4
10144,No relevent experience,2,,,1
25020,Has relevent experience,4,5000-9999,Public Sector,2
8759,Has relevent experience,>20,<10,Funded Startup,1
23374,Has relevent experience,16,5000-9999,Pvt Ltd,2
27623,Has relevent experience,17,10/49,Funded Startup,1
1567,No relevent experience,3,,Pvt Ltd,never
3762,Has relevent experience,>20,<10,Pvt Ltd,>4
11914,No relevent experience,<1,,,never
8354,Has relevent experience,6,10/49,Early Stage Startup,1
28705,No relevent experience,4,,,2
8075,Has relevent experience,13,10000+,Pvt Ltd,
5930,Has relevent experience,8,100-500,Pvt Ltd,2
11170,Has relevent experience,>20,50-99,Pvt Ltd,>4
132,Has relevent experience,1,<10,,1
8497,Has relevent experience,6,1000-4999,NGO,1
1253,Has relevent experience,>20,10000+,Pvt Ltd,>4
24122,Has relevent experience,18,50-99,Pvt Ltd,>4
22512,Has relevent experience,17,100-500,Pvt Ltd,2
2746,No relevent experience,<1,,,2
27483,Has relevent experience,10,100-500,Pvt Ltd,4
6447,No relevent experience,8,100-500,Public Sector,2
1998,Has relevent experience,15,100-500,NGO,1
17325,No relevent experience,2,,,1
17994,Has relevent experience,15,100-500,Pvt Ltd,4
29163,No relevent experience,6,,,never
1675,Has relevent experience,10,5000-9999,NGO,4
25134,Has relevent experience,16,<10,Pvt Ltd,1
1781,No relevent experience,>20,,,>4
26400,Has relevent experience,4,500-999,Pvt Ltd,4
10121,Has relevent experience,17,50-99,Pvt Ltd,1
30561,Has relevent experience,4,<10,Early Stage Startup,1
2969,Has relevent experience,5,50-99,,1
5589,Has relevent experience,7,<10,Early Stage Startup,2
31456,Has relevent experience,5,10000+,Pvt Ltd,1
2273,Has relevent experience,3,1000-4999,Pvt Ltd,2
13297,Has relevent experience,7,50-99,Funded Startup,3
8492,Has relevent experience,5,1000-4999,Pvt Ltd,3
25386,Has relevent experience,15,50-99,Pvt Ltd,>4
23096,No relevent experience,<1,,,1
15840,No relevent experience,6,,,never
2749,Has relevent experience,17,100-500,Pvt Ltd,>4
14034,Has relevent experience,13,100-500,Public Sector,>4
3590,No relevent experience,2,,,never
30044,Has relevent experience,2,50-99,NGO,2
31685,Has relevent experience,15,1000-4999,Pvt Ltd,2
14843,Has relevent experience,10,10/49,Funded Startup,1
12693,Has relevent experience,7,5000-9999,Pvt Ltd,1
10731,Has relevent experience,18,50-99,Pvt Ltd,>4
3822,Has relevent experience,>20,,,>4
31034,No relevent experience,>20,,,4
23584,No relevent experience,2,,,never
28824,No relevent experience,>20,5000-9999,Pvt Ltd,>4
13247,No relevent experience,1,,,1
32691,Has relevent experience,19,50-99,Pvt Ltd,never
27025,No relevent experience,2,,,never
3790,Has relevent experience,14,50-99,Funded Startup,4
26426,Has relevent experience,7,,,2
17049,Has relevent experience,5,5000-9999,Public Sector,1
18789,Has relevent experience,7,50-99,Pvt Ltd,1
10288,Has relevent experience,15,10000+,,1
8036,Has relevent experience,12,,,2
16527,Has relevent experience,3,500-999,Pvt Ltd,1
11866,Has relevent experience,8,50-99,Pvt Ltd,1
13662,Has relevent experience,18,,,1
22730,Has relevent experience,4,10000+,Pvt Ltd,1
19826,Has relevent experience,18,1000-4999,Pvt Ltd,1
24988,No relevent experience,5,,,1
4688,Has relevent experience,7,50-99,Pvt Ltd,2
11754,Has relevent experience,15,1000-4999,Pvt Ltd,>4
7496,Has relevent experience,6,,,3
20411,Has relevent experience,9,5000-9999,Pvt Ltd,1
13571,Has relevent experience,10,50-99,Pvt Ltd,1
14778,Has relevent experience,1,<10,Pvt Ltd,never
4490,Has relevent experience,4,<10,Early Stage Startup,1
13366,No relevent experience,11,,,never
5632,Has relevent experience,8,<10,Pvt Ltd,1
9629,Has relevent experience,14,10000+,Pvt Ltd,4
8076,Has relevent experience,2,,,
17653,No relevent experience,>20,,,1
27032,Has relevent experience,16,50-99,Pvt Ltd,>4
32290,No relevent experience,3,,,1
26595,No relevent experience,2,,,1
14542,Has relevent experience,5,10/49,Pvt Ltd,2
389,Has relevent experience,9,500-999,Public Sector,3
19639,Has relevent experience,6,,,2
16820,Has relevent experience,2,50-99,,1
4808,Has relevent experience,19,,Pvt Ltd,never
30362,No relevent experience,2,,Pvt Ltd,never
20804,No relevent experience,2,,,never
5134,Has relevent experience,>20,,,4
12721,Has relevent experience,15,10000+,Pvt Ltd,3
4743,No relevent experience,>20,,,never
20485,Has relevent experience,15,,,>4
8160,Has relevent experience,11,10/49,Pvt Ltd,>4
11156,Has relevent experience,12,50-99,Funded Startup,1
3125,Has relevent experience,9,<10,Early Stage Startup,never
14063,No relevent experience,4,,,1
7185,Has relevent experience,5,500-999,Pvt Ltd,2
6592,Has relevent experience,15,100-500,Public Sector,1
26479,No relevent experience,3,,,never
6273,Has relevent experience,3,<10,Pvt Ltd,never
18387,No relevent experience,7,,,1
26650,Has relevent experience,9,50-99,Pvt Ltd,1
26514,Has relevent experience,7,10/49,,1
12291,Has relevent experience,14,,,2
7276,Has relevent experience,2,50-99,Pvt Ltd,1
24318,No relevent experience,,<10,Early Stage Startup,1
26405,No relevent experience,>20,,,>4
31740,Has relevent experience,>20,10/49,Funded Startup,2
16564,Has relevent experience,11,10000+,Pvt Ltd,1
28723,Has relevent experience,>20,,Public Sector,1
14086,Has relevent experience,16,50-99,Pvt Ltd,1
18178,Has relevent experience,>20,10000+,Pvt Ltd,2
27608,Has relevent experience,>20,1000-4999,Pvt Ltd,>4
17740,No relevent experience,3,,,never
6046,No relevent experience,12,,,4
3279,Has relevent experience,5,50-99,Pvt Ltd,1
2026,No relevent experience,2,100-500,Other,2
9252,No relevent experience,3,,,1
2520,Has relevent experience,8,500-999,Pvt Ltd,1
28613,Has relevent experience,15,10/49,Pvt Ltd,>4
20688,No relevent experience,9,,,1
28696,Has relevent experience,18,,,2
21024,No relevent experience,15,100-500,NGO,1
9125,No relevent experience,3,100-500,,3
29773,Has relevent experience,3,<10,Early Stage Startup,1
912,No relevent experience,9,,,2
20614,Has relevent experience,>20,,,>4
19233,Has relevent experience,>20,1000-4999,Pvt Ltd,>4
13059,No relevent experience,9,100-500,Pvt Ltd,1
26562,Has relevent experience,12,100-500,Pvt Ltd,2
26503,Has relevent experience,15,<10,Pvt Ltd,>4
13226,Has relevent experience,7,1000-4999,Pvt Ltd,1
3193,Has relevent experience,20,,,>4
20231,No relevent experience,2,,,never
16148,Has relevent experience,,10000+,Pvt Ltd,1
14754,No relevent experience,>20,1000-4999,Public Sector,1
20949,Has relevent experience,10,10/49,Funded Startup,1
2175,Has relevent experience,18,,,>4
22576,Has relevent experience,4,100-500,Pvt Ltd,1
15115,Has relevent experience,<1,500-999,Pvt Ltd,1
16853,No relevent experience,>20,<10,Pvt Ltd,>4
32647,Has relevent experience,>20,500-999,Pvt Ltd,4
25936,No relevent experience,2,,,never
5516,Has relevent experience,6,,,1
24853,No relevent experience,13,,,1
29379,Has relevent experience,>20,50-99,Pvt Ltd,>4
7163,Has relevent experience,2,,,never
7062,Has relevent experience,5,10/49,Pvt Ltd,>4
11060,Has relevent experience,>20,100-500,Pvt Ltd,3
22417,Has relevent experience,3,<10,Pvt Ltd,1
29864,Has relevent experience,3,50-99,Pvt Ltd,1
25000,Has relevent experience,>20,100-500,Pvt Ltd,2
24010,No relevent experience,8,10000+,Pvt Ltd,never
15410,Has relevent experience,12,,,1
29701,Has relevent experience,11,10000+,Pvt Ltd,4
6063,Has relevent experience,15,500-999,Pvt Ltd,2
31542,Has relevent experience,18,500-999,Pvt Ltd,>4
12403,No relevent experience,4,,,2
21753,Has relevent experience,3,10000+,Pvt Ltd,1
535,Has relevent experience,>20,5000-9999,Pvt Ltd,>4
17801,Has relevent experience,4,,,1
9181,Has relevent experience,>20,,,>4
21484,Has relevent experience,14,,,1
31040,No relevent experience,7,1000-4999,Pvt Ltd,4
20401,Has relevent experience,>20,10000+,Public Sector,>4
6188,Has relevent experience,12,500-999,Pvt Ltd,1
23965,Has relevent experience,7,,,1
23476,Has relevent experience,9,1000-4999,Pvt Ltd,1
8212,No relevent experience,9,,,never
26733,Has relevent experience,15,100-500,Pvt Ltd,4
11137,No relevent experience,10,10/49,Early Stage Startup,1
17064,No relevent experience,6,,,1
7236,Has relevent experience,18,500-999,Pvt Ltd,>4
4213,Has relevent experience,>20,50-99,Pvt Ltd,2
20429,Has relevent experience,9,10000+,Pvt Ltd,>4
5749,No relevent experience,5,,Pvt Ltd,never
17790,Has relevent experience,10,10/49,Pvt Ltd,>4
22394,Has relevent experience,5,<10,Early Stage Startup,1
6123,Has relevent experience,5,,,never
19901,Has relevent experience,19,5000-9999,Pvt Ltd,>4
17696,Has relevent experience,11,,,1
1047,Has relevent experience,19,,,1
15950,No relevent experience,2,,,1
17379,Has relevent experience,3,10/49,Pvt Ltd,2
18815,Has relevent experience,5,,Pvt Ltd,3
7431,Has relevent experience,6,10/49,Pvt Ltd,1
10831,No relevent experience,3,,,1
33193,No relevent experience,>20,,,>4
26265,No relevent experience,15,50-99,Public Sector,1
20530,Has relevent experience,7,5000-9999,Pvt Ltd,never
23227,Has relevent experience,7,10/49,Pvt Ltd,2
13821,No relevent experience,7,,,1
11995,Has relevent experience,>20,500-999,Pvt Ltd,3
618,Has relevent experience,>20,,,>4
29884,Has relevent experience,15,,,>4
24710,No relevent experience,<1,,,1
18047,Has relevent experience,5,50-99,,1
29798,No relevent experience,10,100-500,NGO,1
4100,Has relevent experience,20,10000+,Pvt Ltd,1
18235,Has relevent experience,>20,,,>4
28127,Has relevent experience,15,10000+,Pvt Ltd,1
13688,Has relevent experience,6,10/49,Pvt Ltd,
12890,Has relevent experience,8,100-500,NGO,1
24566,Has relevent experience,4,100-500,Pvt Ltd,1
7842,Has relevent experience,2,,,1
25841,No relevent experience,4,,,never
5557,Has relevent experience,9,10/49,Funded Startup,2
22437,Has relevent experience,8,,,1
15493,Has relevent experience,3,100-500,Pvt Ltd,1
8219,Has relevent experience,7,100-500,Pvt Ltd,2
6298,Has relevent experience,>20,50-99,Pvt Ltd,>4
17954,No relevent experience,2,10/49,Pvt Ltd,2
12446,No relevent experience,6,,,3
29244,Has relevent experience,>20,,,4
5662,Has relevent experience,9,,Pvt Ltd,2
16738,No relevent experience,9,<10,,
4803,No relevent experience,3,,,1
25266,Has relevent experience,9,100-500,,1
28396,Has relevent experience,8,50-99,Pvt Ltd,1
8179,Has relevent experience,>20,10/49,Funded Startup,never
13364,Has relevent experience,3,10/49,Pvt Ltd,2
18948,No relevent experience,2,,,never
2829,No relevent experience,3,,Pvt Ltd,never
32523,Has relevent experience,16,100-500,Early Stage Startup,1
29808,Has relevent experience,3,<10,Pvt Ltd,1
13627,No relevent experience,7,50-99,Early Stage Startup,2
19827,Has relevent experience,5,1000-4999,Pvt Ltd,4
5177,Has relevent experience,>20,,,4
1569,Has relevent experience,15,50-99,Pvt Ltd,>4
32888,No relevent experience,6,,,2
19904,Has relevent experience,>20,,,1
18727,Has relevent experience,>20,50-99,Pvt Ltd,3
16656,No relevent experience,1,10/49,Funded Startup,1
23802,Has relevent experience,8,100-500,Pvt Ltd,1
5052,Has relevent experience,17,100-500,,>4
22643,Has relevent experience,12,100-500,Pvt Ltd,1
17936,Has relevent experience,19,,,3
7358,Has relevent experience,4,1000-4999,Pvt Ltd,1
28530,No relevent experience,7,,Public Sector,2
24655,No relevent experience,5,,,
9423,No relevent experience,>20,50-99,Pvt Ltd,>4
4891,Has relevent experience,12,10/49,Pvt Ltd,1
10302,Has relevent experience,>20,,,2
3172,No relevent experience,2,,,
30710,No relevent experience,9,,,1
25474,Has relevent experience,6,,NGO,2
30995,Has relevent experience,13,,,1
11490,Has relevent experience,10,1000-4999,Pvt Ltd,never
7484,No relevent experience,>20,5000-9999,Pvt Ltd,>4
13786,Has relevent experience,10,<10,Pvt Ltd,1
20753,No relevent experience,4,10000+,Pvt Ltd,1
28554,No relevent experience,6,,,
18549,Has relevent experience,9,10000+,Pvt Ltd,3
26673,Has relevent experience,9,10/49,Pvt Ltd,1
5209,No relevent experience,3,,,1
24674,Has relevent experience,6,10000+,Pvt Ltd,1
13671,Has relevent experience,8,5000-9999,NGO,1
15342,Has relevent experience,10,10000+,,1
5074,No relevent experience,8,,,1
3160,Has relevent experience,>20,,,2
29867,Has relevent experience,11,50-99,Pvt Ltd,1
23728,Has relevent experience,>20,5000-9999,Pvt Ltd,1
27937,No relevent experience,16,10000+,NGO,>4
30706,Has relevent experience,>20,,,>4
27140,No relevent experience,6,,,1
14258,No relevent experience,12,,,1
18877,Has relevent experience,19,,,>4
7006,Has relevent experience,10,100-500,Pvt Ltd,2
27279,Has relevent experience,17,5000-9999,Pvt Ltd,>4
30819,Has relevent experience,14,10000+,Pvt Ltd,>4
23859,Has relevent experience,>20,,Pvt Ltd,2
8261,Has relevent experience,7,500-999,Pvt Ltd,1
17418,No relevent experience,6,10000+,Pvt Ltd,never
31831,Has relevent experience,4,100-500,Pvt Ltd,3
19096,No relevent experience,3,,,never
15202,Has relevent experience,>20,100-500,Funded Startup,4
20508,No relevent experience,11,,,never
22921,Has relevent experience,19,10/49,Pvt Ltd,>4
26149,Has relevent experience,>20,,,1
21647,Has relevent experience,>20,500-999,Pvt Ltd,3
29716,Has relevent experience,12,10/49,Pvt Ltd,1
9786,Has relevent experience,7,50-99,Funded Startup,1
21943,Has relevent experience,15,10/49,Pvt Ltd,3
9637,Has relevent experience,>20,<10,Pvt Ltd,4
31504,Has relevent experience,10,100-500,NGO,1
12026,Has relevent experience,3,,Pvt Ltd,1
3091,Has relevent experience,2,,,1
24786,No relevent experience,1,,,never
2679,Has relevent experience,6,10000+,Pvt Ltd,4
4687,Has relevent experience,16,50-99,Pvt Ltd,1
30170,Has relevent experience,>20,,,1
31047,No relevent experience,6,,,1
6672,Has relevent experience,15,50-99,Funded Startup,1
6936,Has relevent experience,3,10/49,Pvt Ltd,1
3944,No relevent experience,5,,Public Sector,>4
4047,No relevent experience,10,,Pvt Ltd,never
2913,No relevent experience,1,,,never
13154,No relevent experience,4,10/49,Public Sector,3
22444,Has relevent experience,12,<10,Funded Startup,>4
28737,Has relevent experience,12,100-500,NGO,1
32548,Has relevent experience,9,50-99,Pvt Ltd,1
9712,Has relevent experience,5,100-500,Pvt Ltd,1
12337,Has relevent experience,5,50-99,Pvt Ltd,1
21533,Has relevent experience,3,<10,,1
4777,Has relevent experience,9,100-500,NGO,1
25903,Has relevent experience,9,100-500,Pvt Ltd,1
21391,Has relevent experience,>20,,,>4
25616,Has relevent experience,19,<10,Funded Startup,1
2279,Has relevent experience,5,50-99,Pvt Ltd,1
6351,Has relevent experience,11,10000+,Pvt Ltd,1
28941,No relevent experience,15,10000+,Pvt Ltd,2
7750,Has relevent experience,17,100-500,Pvt Ltd,1
24987,Has relevent experience,7,10/49,Early Stage Startup,1
15208,Has relevent experience,15,1000-4999,Pvt Ltd,>4
8542,No relevent experience,3,,,1
17789,Has relevent experience,12,100-500,,1
28314,Has relevent experience,>20,50-99,NGO,>4
23726,Has relevent experience,14,50-99,Pvt Ltd,2
21872,Has relevent experience,8,<10,,1
25281,No relevent experience,>20,50-99,Pvt Ltd,>4
4443,Has relevent experience,6,50-99,Pvt Ltd,2
465,Has relevent experience,7,100-500,Pvt Ltd,4
14044,No relevent experience,2,,,never
4148,Has relevent experience,15,500-999,Pvt Ltd,4
14981,Has relevent experience,19,50-99,Pvt Ltd,>4
11568,Has relevent experience,11,,,1
14004,Has relevent experience,10,,,>4
32144,Has relevent experience,14,,,2
22911,No relevent experience,4,,Public Sector,never
8512,Has relevent experience,>20,50-99,Pvt Ltd,2
6731,Has relevent experience,20,1000-4999,Pvt Ltd,>4
23111,Has relevent experience,>20,50-99,Pvt Ltd,never
15645,No relevent experience,4,100-500,Public Sector,2
1299,Has relevent experience,>20,50-99,Pvt Ltd,>4
25436,Has relevent experience,12,100-500,Pvt Ltd,3
5472,Has relevent experience,16,50-99,Funded Startup,1
4723,Has relevent experience,11,,,>4
17827,No relevent experience,5,,,
26871,Has relevent experience,6,100-500,Pvt Ltd,1
16102,Has relevent experience,3,,,1
670,Has relevent experience,>20,,,1
26900,Has relevent experience,12,500-999,,1
20412,Has relevent experience,4,50-99,Pvt Ltd,3
11054,Has relevent experience,5,50-99,Pvt Ltd,1
27146,No relevent experience,5,10/49,,never
25725,Has relevent experience,6,10000+,Public Sector,1
17980,No relevent experience,<1,,,1
7498,Has relevent experience,9,10000+,Pvt Ltd,4
29616,Has relevent experience,>20,50-99,Pvt Ltd,1
14511,Has relevent experience,5,<10,Pvt Ltd,1
302,Has relevent experience,14,100-500,Pvt Ltd,1
30613,No relevent experience,6,,,1
25207,No relevent experience,6,10000+,Pvt Ltd,>4
7557,Has relevent experience,15,5000-9999,Pvt Ltd,3
7657,Has relevent experience,>20,5000-9999,Pvt Ltd,4
15369,No relevent experience,4,10/49,Pvt Ltd,1
5691,Has relevent experience,2,10000+,Pvt Ltd,1
10775,No relevent experience,10,,,3
16556,Has relevent experience,5,100-500,NGO,1
16805,No relevent experience,>20,5000-9999,NGO,>4
16176,Has relevent experience,19,,,>4
32079,Has relevent experience,5,1000-4999,Pvt Ltd,2
24058,Has relevent experience,8,,,never
4372,Has relevent experience,14,10000+,Pvt Ltd,1
23810,No relevent experience,5,,,1
1618,No relevent experience,3,<10,Early Stage Startup,2
23718,No relevent experience,<1,,,never
1734,Has relevent experience,12,50-99,Pvt Ltd,2
16482,Has relevent experience,2,10000+,Pvt Ltd,2
21280,No relevent experience,<1,<10,Pvt Ltd,1
26280,No relevent experience,>20,5000-9999,Public Sector,>4
31886,No relevent experience,15,1000-4999,Pvt Ltd,>4
29562,Has relevent experience,5,100-500,,1
27984,Has relevent experience,>20,10000+,Pvt Ltd,>4
9165,Has relevent experience,>20,,,>4
8878,No relevent experience,2,100-500,Public Sector,2
28187,Has relevent experience,>20,100-500,Pvt Ltd,>4
26711,Has relevent experience,>20,50-99,Pvt Ltd,>4
21094,No relevent experience,7,,,1
27995,Has relevent experience,>20,50-99,Pvt Ltd,4
31262,Has relevent experience,16,50-99,,1
9372,Has relevent experience,>20,10000+,Pvt Ltd,2
27830,Has relevent experience,6,100-500,Pvt Ltd,1
32922,Has relevent experience,3,10/49,Pvt Ltd,1
30835,Has relevent experience,9,50-99,Pvt Ltd,2
23443,No relevent experience,5,100-500,,>4
5592,Has relevent experience,14,500-999,Public Sector,2
8416,Has relevent experience,15,,,2
11356,Has relevent experience,14,50-99,Pvt Ltd,1
17311,No relevent experience,2,100-500,Pvt Ltd,1
16425,Has relevent experience,14,10000+,,4
30787,Has relevent experience,7,50-99,Funded Startup,1
1520,No relevent experience,8,10/49,NGO,>4
32134,Has relevent experience,16,,,1
6201,Has relevent experience,9,10/49,Funded Startup,2
18635,No relevent experience,7,,,never
29682,Has relevent experience,8,,,2
20993,Has relevent experience,15,<10,Pvt Ltd,2
31102,No relevent experience,5,,,never
16242,Has relevent experience,10,1000-4999,Pvt Ltd,4
21104,Has relevent experience,>20,50-99,Public Sector,1
32091,Has relevent experience,4,10/49,Early Stage Startup,1
3251,Has relevent experience,3,50-99,Pvt Ltd,never
23192,No relevent experience,12,5000-9999,Public Sector,1
24305,Has relevent experience,5,100-500,Pvt Ltd,1
27068,Has relevent experience,>20,1000-4999,Pvt Ltd,1
16483,No relevent experience,1,10000+,Pvt Ltd,
20221,Has relevent experience,>20,10/49,Pvt Ltd,>4
30052,No relevent experience,2,,,1
21577,No relevent experience,1,,,1
11670,Has relevent experience,7,10000+,Pvt Ltd,>4
11344,Has relevent experience,5,500-999,Pvt Ltd,2
8565,Has relevent experience,7,50-99,,1
9017,No relevent experience,5,,,never
18694,Has relevent experience,5,<10,Funded Startup,1
17407,No relevent experience,>20,10000+,Public Sector,>4
18645,No relevent experience,6,<10,Pvt Ltd,1
23757,Has relevent experience,15,,,4
21854,Has relevent experience,16,10/49,Funded Startup,>4
31823,Has relevent experience,4,50-99,Pvt Ltd,2
26372,No relevent experience,3,10/49,Public Sector,1
6764,No relevent experience,1,,,never
16666,Has relevent experience,3,5000-9999,Pvt Ltd,never
18067,Has relevent experience,6,100-500,Pvt Ltd,1
10404,No relevent experience,>20,<10,Pvt Ltd,>4
7899,Has relevent experience,10,100-500,Pvt Ltd,1
8854,Has relevent experience,8,,,1
31335,No relevent experience,8,1000-4999,Public Sector,1
25943,No relevent experience,<1,,,never
15862,Has relevent experience,6,500-999,Pvt Ltd,1
13145,Has relevent experience,10,5000-9999,Pvt Ltd,3
30764,No relevent experience,1,,,never
5910,Has relevent experience,7,<10,Pvt Ltd,never
15050,Has relevent experience,>20,500-999,Pvt Ltd,2
8655,Has relevent experience,13,10000+,Pvt Ltd,>4
10032,No relevent experience,16,10000+,Pvt Ltd,>4
17995,Has relevent experience,8,500-999,Funded Startup,2
9519,No relevent experience,6,,,1
30386,Has relevent experience,9,50-99,Pvt Ltd,1
19806,Has relevent experience,15,<10,Pvt Ltd,>4
32712,Has relevent experience,14,100-500,Pvt Ltd,1
33341,Has relevent experience,6,50-99,Pvt Ltd,1
3721,No relevent experience,3,,,
25523,Has relevent experience,15,10000+,Pvt Ltd,4
29676,Has relevent experience,6,100-500,Funded Startup,1
31039,Has relevent experience,2,10000+,Public Sector,2
14787,No relevent experience,<1,,,1
30133,No relevent experience,3,,,never
27704,Has relevent experience,>20,10/49,Pvt Ltd,never
27604,Has relevent experience,9,500-999,Pvt Ltd,4
17235,No relevent experience,15,,,3
16981,No relevent experience,4,,,3
32132,Has relevent experience,6,500-999,Pvt Ltd,1
11637,Has relevent experience,9,10000+,Pvt Ltd,>4
12277,Has relevent experience,14,10/49,Funded Startup,1
21505,Has relevent experience,18,1000-4999,Pvt Ltd,3
15530,No relevent experience,3,100-500,Public Sector,>4
19502,No relevent experience,2,,,1
781,Has relevent experience,11,10/49,Early Stage Startup,2
9958,Has relevent experience,11,,,4
33293,No relevent experience,3,,,1
7955,No relevent experience,8,,,never
27929,No relevent experience,15,10000+,Pvt Ltd,2
4054,No relevent experience,3,,,never
24241,Has relevent experience,5,1000-4999,,1
8553,Has relevent experience,7,5000-9999,Pvt Ltd,1
5127,Has relevent experience,>20,500-999,Pvt Ltd,>4
8788,No relevent experience,11,,,never
1754,Has relevent experience,20,50-99,Pvt Ltd,2
17754,Has relevent experience,8,<10,Other,1
20873,Has relevent experience,>20,,,>4
11238,Has relevent experience,>20,,,1
8119,Has relevent experience,6,10/49,Pvt Ltd,2
12598,Has relevent experience,12,500-999,Pvt Ltd,3
31046,Has relevent experience,9,<10,Pvt Ltd,>4
29700,No relevent experience,3,,,never
14665,Has relevent experience,2,500-999,Pvt Ltd,2
12589,Has relevent experience,19,,,>4
31030,Has relevent experience,14,50-99,Funded Startup,1
26585,Has relevent experience,5,500-999,Pvt Ltd,1
28646,Has relevent experience,4,,,1
31793,Has relevent experience,14,10000+,Pvt Ltd,1
7939,Has relevent experience,14,100-500,Pvt Ltd,>4
17157,Has relevent experience,19,,,never
6327,Has relevent experience,5,1000-4999,Pvt Ltd,1
6730,Has relevent experience,8,50-99,Public Sector,1
23339,No relevent experience,5,,,1
7994,Has relevent experience,9,5000-9999,Public Sector,1
17641,Has relevent experience,>20,50-99,,>4
17735,No relevent experience,2,,,1
13025,Has relevent experience,>20,,,1
13046,Has relevent experience,>20,,,2
9315,Has relevent experience,19,1000-4999,Pvt Ltd,>4
25212,Has relevent experience,4,10/49,,never
13610,Has relevent experience,6,50-99,Pvt Ltd,1
22167,No relevent experience,8,50-99,Public Sector,3
5187,No relevent experience,>20,10/49,Pvt Ltd,2
17395,Has relevent experience,1,,,1
27507,Has relevent experience,17,<10,Funded Startup,1
4191,Has relevent experience,6,100-500,Pvt Ltd,1
363,Has relevent experience,4,,,never
22163,No relevent experience,4,,,
13399,Has relevent experience,19,10000+,Pvt Ltd,>4
20467,Has relevent experience,3,50-99,NGO,1
19631,Has relevent experience,>20,500-999,Pvt Ltd,>4
1358,Has relevent experience,9,50-99,Funded Startup,1
23008,Has relevent experience,9,5000-9999,Pvt Ltd,1
17185,Has relevent experience,3,,,3
27436,No relevent experience,1,,,1
6127,Has relevent experience,14,,Pvt Ltd,1
21527,Has relevent experience,6,,,>4
28199,Has relevent experience,6,50-99,Pvt Ltd,4
5548,Has relevent experience,7,,,1
13641,Has relevent experience,12,10000+,Public Sector,1
32045,Has relevent experience,6,10000+,Pvt Ltd,4
29361,Has relevent experience,18,10/49,Early Stage Startup,2
28203,No relevent experience,7,,,1
9606,Has relevent experience,>20,50-99,Pvt Ltd,1
15857,Has relevent experience,>20,50-99,Pvt Ltd,>4
17518,Has relevent experience,8,<10,Early Stage Startup,never
15309,Has relevent experience,6,100-500,Public Sector,never
27401,Has relevent experience,15,10000+,Pvt Ltd,2
8947,Has relevent experience,5,50-99,Pvt Ltd,1
30508,No relevent experience,5,,,1
27212,Has relevent experience,>20,50-99,Pvt Ltd,2
12444,No relevent experience,2,<10,Early Stage Startup,2
30609,Has relevent experience,9,50-99,Funded Startup,1
20309,Has relevent experience,10,100-500,,1
1857,Has relevent experience,10,10000+,Pvt Ltd,1
20483,No relevent experience,3,,,never
30922,Has relevent experience,8,50-99,Pvt Ltd,2
23310,Has relevent experience,17,10000+,Pvt Ltd,3
12396,Has relevent experience,<1,100-500,Pvt Ltd,1
16008,No relevent experience,<1,,,never
12389,Has relevent experience,1,,,1
10860,No relevent experience,5,,,never
29002,Has relevent experience,7,50-99,Pvt Ltd,never
22034,Has relevent experience,8,50-99,Funded Startup,1
23291,Has relevent experience,16,100-500,Funded Startup,1
9741,Has relevent experience,12,,,>4
6364,No relevent experience,>20,,,2
17152,Has relevent experience,8,10000+,Pvt Ltd,2
480,Has relevent experience,15,10000+,Pvt Ltd,2
22830,Has relevent experience,9,100-500,Pvt Ltd,4
22597,No relevent experience,3,10000+,,1
950,Has relevent experience,>20,10000+,Pvt Ltd,never
6090,Has relevent experience,19,50-99,Pvt Ltd,>4
10676,Has relevent experience,>20,500-999,Pvt Ltd,>4
20779,Has relevent experience,15,,,1
31561,Has relevent experience,17,50-99,Pvt Ltd,1
3485,Has relevent experience,2,100-500,Pvt Ltd,2
31916,Has relevent experience,5,100-500,Pvt Ltd,2
4533,Has relevent experience,7,100-500,Pvt Ltd,1
10440,Has relevent experience,>20,500-999,Pvt Ltd,>4
6663,Has relevent experience,3,<10,Pvt Ltd,1
7445,Has relevent experience,7,<10,Funded Startup,1
26445,No relevent experience,<1,100-500,Pvt Ltd,1
5438,Has relevent experience,>20,10/49,Pvt Ltd,>4
19898,No relevent experience,17,1000-4999,NGO,1
14096,Has relevent experience,9,10000+,Pvt Ltd,>4
30186,No relevent experience,5,,,>4
8665,Has relevent experience,>20,,,2
19606,Has relevent experience,7,5000-9999,Pvt Ltd,1
30976,Has relevent experience,4,100-500,Funded Startup,2
24944,Has relevent experience,2,10000+,Pvt Ltd,never
32570,No relevent experience,5,,,1
11745,No relevent experience,7,500-999,Public Sector,never
4206,No relevent experience,15,,Pvt Ltd,never
24037,Has relevent experience,17,<10,Pvt Ltd,4
18195,Has relevent experience,10,100-500,Pvt Ltd,3
31587,Has relevent experience,13,50-99,Funded Startup,1
7533,Has relevent experience,6,50-99,Funded Startup,1
16861,No relevent experience,3,,,never
6640,Has relevent experience,15,50-99,Pvt Ltd,3
21586,No relevent experience,1,,,1
1842,Has relevent experience,4,10000+,Pvt Ltd,1
1884,Has relevent experience,7,500-999,Pvt Ltd,2
11181,No relevent experience,4,,,1
2928,Has relevent experience,15,100-500,Pvt Ltd,1
10586,Has relevent experience,9,10000+,Pvt Ltd,4
28944,No relevent experience,6,,,>4
30010,Has relevent experience,17,100-500,Pvt Ltd,2
21617,No relevent experience,,,,never
9565,Has relevent experience,17,50-99,Pvt Ltd,3
32829,Has relevent experience,>20,50-99,Pvt Ltd,2
17509,Has relevent experience,5,100-500,,2
24917,Has relevent experience,3,<10,Pvt Ltd,1
16264,Has relevent experience,18,500-999,Pvt Ltd,>4
21259,No relevent experience,1,50-99,NGO,1
32705,Has relevent experience,4,10/49,Public Sector,2
30143,No relevent experience,4,,,1
11360,Has relevent experience,10,100-500,Pvt Ltd,1
17321,No relevent experience,8,,,1
31544,Has relevent experience,9,50-99,Pvt Ltd,1
30213,No relevent experience,,,,never
30005,Has relevent experience,10,,,>4
23626,Has relevent experience,6,<10,Pvt Ltd,1
18849,Has relevent experience,4,5000-9999,Pvt Ltd,1
27874,Has relevent experience,3,100-500,Pvt Ltd,
19475,Has relevent experience,14,<10,Pvt Ltd,2
3632,No relevent experience,11,,,1
19442,Has relevent experience,5,,,4
29614,Has relevent experience,14,10/49,Funded Startup,1
31437,Has relevent experience,12,<10,Pvt Ltd,4
7966,Has relevent experience,1,10/49,Pvt Ltd,1
30269,Has relevent experience,6,,,1
13164,Has relevent experience,16,100-500,Pvt Ltd,2
20697,Has relevent experience,4,10/49,Funded Startup,1
1888,Has relevent experience,13,5000-9999,Pvt Ltd,>4
22345,Has relevent experience,>20,50-99,Pvt Ltd,>4
9594,Has relevent experience,>20,,,1
11442,No relevent experience,>20,100-500,Pvt Ltd,2
22663,Has relevent experience,<1,10/49,Funded Startup,1
16181,Has relevent experience,11,,,4
20139,No relevent experience,5,10000+,Pvt Ltd,1
31512,Has relevent experience,12,10000+,Pvt Ltd,2
1139,Has relevent experience,10,100-500,Pvt Ltd,2
26759,Has relevent experience,<1,<10,Other,1
25538,No relevent experience,5,,,never
29899,Has relevent experience,<1,1000-4999,Pvt Ltd,1
17312,Has relevent experience,16,10000+,Pvt Ltd,2
23837,Has relevent experience,15,500-999,Pvt Ltd,>4
13321,Has relevent experience,16,100-500,Pvt Ltd,>4
2524,Has relevent experience,5,<10,,1
13125,Has relevent experience,12,<10,Pvt Ltd,>4
19253,Has relevent experience,4,10000+,Pvt Ltd,1
25581,Has relevent experience,>20,1000-4999,Pvt Ltd,>4
22752,Has relevent experience,4,10/49,Funded Startup,2
29390,No relevent experience,4,10000+,,1
18098,Has relevent experience,>20,100-500,Pvt Ltd,2
31431,Has relevent experience,>20,,,2
16947,No relevent experience,15,50-99,Pvt Ltd,4
33215,No relevent experience,4,,,1
16655,No relevent experience,2,,,never
17539,Has relevent experience,15,100-500,Pvt Ltd,2
2619,Has relevent experience,8,10/49,Funded Startup,1
27978,Has relevent experience,5,100-500,Public Sector,1
32660,Has relevent experience,6,10000+,Pvt Ltd,1
17448,Has relevent experience,7,5000-9999,,1
87,Has relevent experience,3,10/49,Pvt Ltd,1
29533,Has relevent experience,>20,1000-4999,Pvt Ltd,>4
30667,No relevent experience,4,,,1
7492,Has relevent experience,8,1000-4999,Pvt Ltd,1
24929,Has relevent experience,2,500-999,,1
20390,No relevent experience,1,,,never
16435,Has relevent experience,4,500-999,Pvt Ltd,1
8504,Has relevent experience,4,10/49,Pvt Ltd,1
16669,Has relevent experience,6,1000-4999,,1
26778,Has relevent experience,3,50-99,Pvt Ltd,1
11991,Has relevent experience,9,<10,Pvt Ltd,4
6218,Has relevent experience,<1,,Pvt Ltd,1
2738,Has relevent experience,12,5000-9999,,1
13194,Has relevent experience,>20,,,2
7082,Has relevent experience,5,50-99,Pvt Ltd,2
31915,Has relevent experience,4,50-99,Pvt Ltd,never
25319,No relevent experience,14,<10,Pvt Ltd,>4
17695,Has relevent experience,>20,10000+,Public Sector,4
12957,No relevent experience,14,,,1
23806,Has relevent experience,,100-500,,1
21417,Has relevent experience,15,,,1
12956,Has relevent experience,12,1000-4999,Pvt Ltd,4
26623,Has relevent experience,2,10/49,Early Stage Startup,1
7771,No relevent experience,<1,,,never
22071,Has relevent experience,>20,50-99,Pvt Ltd,>4
7583,No relevent experience,5,,,1
1698,Has relevent experience,11,50-99,Pvt Ltd,1
11807,No relevent experience,<1,,,never
15588,Has relevent experience,4,100-500,,never
26654,Has relevent experience,2,10/49,,never
7237,No relevent experience,3,100-500,Pvt Ltd,2
12458,Has relevent experience,19,50-99,Pvt Ltd,3
10919,Has relevent experience,5,,,1
32309,Has relevent experience,13,500-999,Pvt Ltd,2
21034,No relevent experience,2,50-99,,2
18002,Has relevent experience,>20,,,1
20544,Has relevent experience,2,50-99,Pvt Ltd,1
21611,Has relevent experience,16,,,2
30467,Has relevent experience,3,50-99,Pvt Ltd,1
22016,No relevent experience,4,,,1
17145,Has relevent experience,>20,50-99,Pvt Ltd,>4
10778,Has relevent experience,15,50-99,,2
12353,Has relevent experience,11,100-500,Pvt Ltd,2
7832,No relevent experience,2,100-500,,1
20313,No relevent experience,<1,,,never
8941,Has relevent experience,10,500-999,Pvt Ltd,3
14518,Has relevent experience,>20,100-500,Funded Startup,4
22537,Has relevent experience,7,500-999,,1
15433,No relevent experience,3,,,never
13656,No relevent experience,6,,,never
17775,Has relevent experience,>20,5000-9999,NGO,>4
1908,Has relevent experience,12,10000+,Pvt Ltd,1
30816,Has relevent experience,19,500-999,Public Sector,1
6853,Has relevent experience,1,50-99,NGO,never
4441,Has relevent experience,>20,,,2
18941,Has relevent experience,8,10/49,Pvt Ltd,>4
8966,Has relevent experience,6,500-999,Other,1
23089,Has relevent experience,>20,50-99,,>4
21307,Has relevent experience,10,50-99,Pvt Ltd,2
31952,No relevent experience,9,,,>4
18270,No relevent experience,12,,Public Sector,1
26172,Has relevent experience,17,,,never
17002,No relevent experience,2,1000-4999,Pvt Ltd,1
8400,Has relevent experience,>20,50-99,Funded Startup,3
13092,Has relevent experience,15,10/49,Pvt Ltd,3
24986,Has relevent experience,17,10000+,Pvt Ltd,1
13436,Has relevent experience,12,<10,Pvt Ltd,1
10899,Has relevent experience,5,10000+,,1
20066,No relevent experience,8,50-99,Pvt Ltd,1
3982,Has relevent experience,>20,50-99,Pvt Ltd,>4
5607,Has relevent experience,9,100-500,Pvt Ltd,1
19404,Has relevent experience,6,100-500,Pvt Ltd,never
11917,No relevent experience,6,,,1
24157,Has relevent experience,8,100-500,Pvt Ltd,1
31592,No relevent experience,<1,,Pvt Ltd,never
21798,Has relevent experience,>20,50-99,Pvt Ltd,>4
11600,Has relevent experience,3,10/49,Pvt Ltd,1
14677,Has relevent experience,14,100-500,Public Sector,2
5429,No relevent experience,5,,,2
28374,Has relevent experience,>20,10/49,Pvt Ltd,>4
28755,No relevent experience,2,,,1
21435,Has relevent experience,>20,,,1
2389,Has relevent experience,6,<10,Early Stage Startup,never
8315,Has relevent experience,6,50-99,Pvt Ltd,1
18672,Has relevent experience,1,10/49,Pvt Ltd,1
19393,No relevent experience,4,,,3
12600,Has relevent experience,4,50-99,Pvt Ltd,1
21279,Has relevent experience,4,10/49,Pvt Ltd,1
7603,No relevent experience,3,,,1
593,Has relevent experience,17,,,1
17976,No relevent experience,4,,,2
15075,Has relevent experience,8,500-999,,2
27578,No relevent experience,2,1000-4999,NGO,1
8181,Has relevent experience,>20,100-500,Pvt Ltd,>4
25706,Has relevent experience,4,100-500,Pvt Ltd,1
4727,No relevent experience,2,,,never
18234,Has relevent experience,>20,100-500,Funded Startup,2
883,Has relevent experience,13,10000+,Public Sector,>4
14889,Has relevent experience,7,,,4
13844,No relevent experience,15,10000+,Pvt Ltd,>4
24328,No relevent experience,3,50-99,Pvt Ltd,1
30663,Has relevent experience,15,50-99,Funded Startup,1
18110,Has relevent experience,9,<10,Pvt Ltd,1
14752,Has relevent experience,2,100-500,Pvt Ltd,1
4856,Has relevent experience,20,10/49,Pvt Ltd,>4
482,Has relevent experience,14,50-99,Pvt Ltd,1
21755,Has relevent experience,15,10000+,Pvt Ltd,1
28307,Has relevent experience,7,50-99,Funded Startup,1
951,Has relevent experience,>20,10000+,Pvt Ltd,>4
11134,Has relevent experience,6,10000+,Pvt Ltd,1
29871,No relevent experience,>20,50-99,Pvt Ltd,>4
14961,No relevent experience,14,,,1
17859,Has relevent experience,8,50-99,Pvt Ltd,1
3455,No relevent experience,>20,,Pvt Ltd,1
22412,Has relevent experience,16,<10,Early Stage Startup,1
20141,Has relevent experience,11,500-999,Pvt Ltd,1
11756,Has relevent experience,10,,,1
19422,Has relevent experience,2,<10,Pvt Ltd,1
11723,No relevent experience,3,,,never
31562,Has relevent experience,5,100-500,Pvt Ltd,1
7152,No relevent experience,3,,,never
32530,No relevent experience,3,,Pvt Ltd,never
6728,Has relevent experience,12,50-99,Pvt Ltd,1
17556,No relevent experience,5,<10,Other,never
1085,Has relevent experience,>20,5000-9999,Pvt Ltd,1
27193,Has relevent experience,13,,,>4
3915,Has relevent experience,15,50-99,Funded Startup,2
28260,Has relevent experience,>20,10000+,Pvt Ltd,1
7585,Has relevent experience,14,,,3
30253,Has relevent experience,>20,500-999,Pvt Ltd,1
22396,Has relevent experience,7,10000+,Pvt Ltd,1
8821,Has relevent experience,15,,,>4
2806,Has relevent experience,5,50-99,Pvt Ltd,3
12171,No relevent experience,9,,,never
5437,Has relevent experience,5,,,1
20086,Has relevent experience,3,,,1
31727,Has relevent experience,>20,,,2
12356,Has relevent experience,11,50-99,Pvt Ltd,never
8182,Has relevent experience,15,1000-4999,Pvt Ltd,>4
24016,Has relevent experience,10,500-999,Pvt Ltd,1
16000,Has relevent experience,9,100-500,NGO,1
25355,Has relevent experience,7,500-999,Pvt Ltd,1
24991,Has relevent experience,4,,,1
12318,No relevent experience,12,10000+,Public Sector,>4
20202,Has relevent experience,16,100-500,Pvt Ltd,1
23389,Has relevent experience,>20,,,2
29161,Has relevent experience,3,50-99,Funded Startup,1
9534,Has relevent experience,5,50-99,Pvt Ltd,1
19389,No relevent experience,>20,,,>4
17067,No relevent experience,9,10/49,NGO,1
8314,Has relevent experience,9,50-99,Funded Startup,1
27119,No relevent experience,1,,,never
25741,Has relevent experience,9,100-500,Pvt Ltd,2
27683,Has relevent experience,19,1000-4999,Pvt Ltd,>4
16951,Has relevent experience,>20,50-99,NGO,>4
9624,No relevent experience,19,100-500,NGO,1
21520,Has relevent experience,4,50-99,Pvt Ltd,1
9308,Has relevent experience,11,100-500,,1
7961,Has relevent experience,5,<10,Pvt Ltd,1
19410,No relevent experience,1,1000-4999,Pvt Ltd,1
11069,Has relevent experience,1,100-500,Pvt Ltd,1
21287,Has relevent experience,3,50-99,Pvt Ltd,1
10808,Has relevent experience,<1,<10,Early Stage Startup,1
16983,No relevent experience,1,50-99,Public Sector,never
15762,No relevent experience,>20,100-500,Pvt Ltd,1
74,Has relevent experience,12,1000-4999,Pvt Ltd,1
2210,Has relevent experience,2,,,1
20987,Has relevent experience,2,<10,Early Stage Startup,1
11633,Has relevent experience,15,50-99,Pvt Ltd,1
12594,Has relevent experience,6,<10,NGO,>4
33045,Has relevent experience,7,50-99,Pvt Ltd,2
5079,No relevent experience,>20,10000+,Pvt Ltd,3
22701,No relevent experience,2,,,never
9124,Has relevent experience,13,50-99,Early Stage Startup,2
9389,Has relevent experience,8,10000+,Pvt Ltd,>4
31982,Has relevent experience,6,50-99,,1
22429,Has relevent experience,7,500-999,Pvt Ltd,2
23095,Has relevent experience,14,<10,Pvt Ltd,1
19732,No relevent experience,>20,100-500,Pvt Ltd,>4
33185,Has relevent experience,10,1000-4999,Pvt Ltd,2
10299,Has relevent experience,6,1000-4999,,1
30091,Has relevent experience,>20,100-500,Pvt Ltd,>4
27208,Has relevent experience,>20,500-999,Funded Startup,>4
6064,Has relevent experience,9,50-99,Pvt Ltd,>4
32477,Has relevent experience,14,1000-4999,Pvt Ltd,1
13504,Has relevent experience,19,500-999,Public Sector,>4
5174,Has relevent experience,7,500-999,Pvt Ltd,1
32302,No relevent experience,3,50-99,Pvt Ltd,1
14662,No relevent experience,16,50-99,Pvt Ltd,4
8402,Has relevent experience,10,10/49,Pvt Ltd,4
5006,No relevent experience,5,,,never
4996,No relevent experience,9,,,never
29210,Has relevent experience,9,,,1
24289,Has relevent experience,5,10000+,Pvt Ltd,2
15173,No relevent experience,3,,,1
12364,Has relevent experience,12,50-99,Pvt Ltd,1
18413,No relevent experience,<1,,,never
15454,Has relevent experience,3,,,1
21765,Has relevent experience,10,50-99,,1
23872,Has relevent experience,>20,,,>4
17521,No relevent experience,11,10000+,Pvt Ltd,>4
12681,Has relevent experience,1,10/49,Pvt Ltd,1
19064,Has relevent experience,3,50-99,Pvt Ltd,1
20276,No relevent experience,10,10000+,Pvt Ltd,>4
16874,Has relevent experience,16,,Pvt Ltd,1
32746,Has relevent experience,5,1000-4999,Pvt Ltd,1
11510,Has relevent experience,7,10000+,,
14481,Has relevent experience,4,1000-4999,Pvt Ltd,4
12634,Has relevent experience,14,<10,Pvt Ltd,2
6302,Has relevent experience,4,10/49,Pvt Ltd,1
23341,Has relevent experience,4,1000-4999,Pvt Ltd,1
1417,Has relevent experience,19,,,>4
4621,Has relevent experience,9,10/49,Early Stage Startup,1
7780,Has relevent experience,9,50-99,Pvt Ltd,1
6233,No relevent experience,5,,,1
32015,Has relevent experience,>20,10000+,Pvt Ltd,>4
29633,No relevent experience,9,,,2
12419,No relevent experience,4,<10,Pvt Ltd,1
24823,No relevent experience,5,,,never
10,Has relevent experience,15,<10,Funded Startup,1
12478,Has relevent experience,>20,50-99,Pvt Ltd,3
17656,Has relevent experience,>20,100-500,Pvt Ltd,1
31649,Has relevent experience,<1,,,1
9471,Has relevent experience,>20,10/49,Pvt Ltd,never
3891,No relevent experience,4,,,never
28436,Has relevent experience,17,50-99,Funded Startup,2
30112,Has relevent experience,7,50-99,Pvt Ltd,3
22404,Has relevent experience,6,50-99,,1
16562,Has relevent experience,8,10/49,Pvt Ltd,1
19251,No relevent experience,9,,,4
16413,Has relevent experience,8,10000+,Pvt Ltd,>4
5213,No relevent experience,2,1000-4999,Pvt Ltd,1
20166,Has relevent experience,7,50-99,,>4
8163,Has relevent experience,9,,,2
20332,Has relevent experience,,10000+,Public Sector,never
25287,Has relevent experience,14,10/49,,1
31636,Has relevent experience,>20,10000+,Pvt Ltd,>4
24521,Has relevent experience,10,10000+,Pvt Ltd,2
14875,Has relevent experience,>20,50-99,Pvt Ltd,1
21341,Has relevent experience,2,10/49,Early Stage Startup,1
17366,Has relevent experience,7,10000+,Pvt Ltd,1
26706,No relevent experience,8,5000-9999,NGO,2
29270,No relevent experience,4,1000-4999,Pvt Ltd,1
3428,Has relevent experience,8,100-500,NGO,1
22547,Has relevent experience,4,10000+,NGO,1
23659,No relevent experience,3,,,1
25796,No relevent experience,2,,,1
28467,Has relevent experience,10,100-500,NGO,1
948,Has relevent experience,14,1000-4999,NGO,4
7124,Has relevent experience,>20,50-99,Pvt Ltd,2
29084,Has relevent experience,>20,10/49,Pvt Ltd,3
10471,No relevent experience,3,,,1
32077,Has relevent experience,12,5000-9999,Pvt Ltd,2
3303,Has relevent experience,2,<10,Funded Startup,2
17144,Has relevent experience,>20,,,2
6333,Has relevent experience,>20,50-99,Pvt Ltd,never
23641,Has relevent experience,>20,,,never
23229,Has relevent experience,3,100-500,,3
20731,Has relevent experience,1,50-99,Pvt Ltd,1
7461,Has relevent experience,5,50-99,Pvt Ltd,1
29180,Has relevent experience,17,1000-4999,Pvt Ltd,2
5704,Has relevent experience,6,,,1
29083,Has relevent experience,6,<10,Early Stage Startup,1
20963,Has relevent experience,5,10000+,Pvt Ltd,2
4528,Has relevent experience,16,1000-4999,Pvt Ltd,2
27172,Has relevent experience,15,10/49,Pvt Ltd,4
4685,Has relevent experience,15,10/49,Funded Startup,1
26047,No relevent experience,3,,,1
5135,No relevent experience,>20,500-999,Pvt Ltd,>4
7229,Has relevent experience,9,10/49,Pvt Ltd,2
22427,Has relevent experience,18,,,1
3089,Has relevent experience,10,1000-4999,Pvt Ltd,1
29704,Has relevent experience,10,100-500,Pvt Ltd,1
2620,Has relevent experience,8,,,1
11601,Has relevent experience,5,100-500,Pvt Ltd,4
4432,No relevent experience,<1,10000+,Pvt Ltd,2
32116,Has relevent experience,13,10/49,Funded Startup,2
13004,Has relevent experience,5,10000+,Public Sector,1
9130,No relevent experience,2,50-99,Pvt Ltd,1
25021,No relevent experience,10,10/49,Early Stage Startup,1
24177,Has relevent experience,4,50-99,Funded Startup,1
13991,Has relevent experience,16,500-999,Pvt Ltd,>4
29592,Has relevent experience,>20,,,>4
23673,No relevent experience,7,,,1
6080,Has relevent experience,>20,1000-4999,Pvt Ltd,>4
24102,Has relevent experience,>20,10000+,Pvt Ltd,3
14268,Has relevent experience,5,100-500,,never
13453,Has relevent experience,>20,,,4
11462,Has relevent experience,10,,,2
28925,Has relevent experience,19,1000-4999,NGO,>4
20155,Has relevent experience,3,10/49,Pvt Ltd,1
29933,No relevent experience,4,,,1
30244,Has relevent experience,19,1000-4999,Pvt Ltd,2
8056,Has relevent experience,17,50-99,Pvt Ltd,1
32224,Has relevent experience,>20,10/49,Funded Startup,4
15487,Has relevent experience,>20,1000-4999,Pvt Ltd,1
767,No relevent experience,3,50-99,Pvt Ltd,2
22996,Has relevent experience,>20,1000-4999,Pvt Ltd,2
28719,Has relevent experience,>20,500-999,Pvt Ltd,>4
15234,Has relevent experience,9,10000+,Pvt Ltd,1
16901,Has relevent experience,9,10000+,Pvt Ltd,2
12841,Has relevent experience,5,1000-4999,Public Sector,1
21957,Has relevent experience,2,50-99,Early Stage Startup,1
7363,No relevent experience,6,,,never
22205,Has relevent experience,7,10/49,Pvt Ltd,2
9623,No relevent experience,>20,10000+,Pvt Ltd,>4
1305,Has relevent experience,9,<10,NGO,1
10310,Has relevent experience,15,1000-4999,Pvt Ltd,3
10689,Has relevent experience,5,100-500,Early Stage Startup,2
605,Has relevent experience,11,5000-9999,Pvt Ltd,>4
14587,Has relevent experience,>20,50-99,Pvt Ltd,1
6178,Has relevent experience,2,50-99,Funded Startup,1
27557,Has relevent experience,6,,Public Sector,1
27751,Has relevent experience,9,50-99,Pvt Ltd,1
11186,No relevent experience,15,,,>4
1600,Has relevent experience,10,<10,Pvt Ltd,1
22225,No relevent experience,8,,,never
7201,Has relevent experience,4,1000-4999,Pvt Ltd,1
26573,Has relevent experience,11,,,1
12216,Has relevent experience,>20,50-99,Pvt Ltd,1
31720,Has relevent experience,11,,,1
22455,Has relevent experience,>20,,,4
8244,No relevent experience,6,,,never
5854,No relevent experience,>20,1000-4999,NGO,>4
25884,No relevent experience,3,,,never
2470,Has relevent experience,9,50-99,Pvt Ltd,2
20039,No relevent experience,3,,,2
12231,No relevent experience,7,,,never
25119,Has relevent experience,>20,50-99,NGO,1
32809,Has relevent experience,10,<10,Pvt Ltd,1
17929,Has relevent experience,15,500-999,Pvt Ltd,1
29615,Has relevent experience,6,10/49,Pvt Ltd,1
24751,Has relevent experience,>20,,,>4
6647,Has relevent experience,6,,,
17445,Has relevent experience,6,10000+,Pvt Ltd,>4
2741,Has relevent experience,10,50-99,Pvt Ltd,3
14350,No relevent experience,1,,,
27980,Has relevent experience,7,10000+,Pvt Ltd,1
8935,Has relevent experience,17,5000-9999,Pvt Ltd,3
26986,Has relevent experience,2,10/49,Pvt Ltd,2
12089,Has relevent experience,4,10/49,Early Stage Startup,1
4630,No relevent experience,12,,Pvt Ltd,never
19582,No relevent experience,7,,,never
32711,Has relevent experience,13,10000+,Pvt Ltd,>4
9863,Has relevent experience,>20,,,2
8164,Has relevent experience,5,10000+,Pvt Ltd,3
31948,No relevent experience,6,,,1
27266,Has relevent experience,>20,1000-4999,Pvt Ltd,2
22357,Has relevent experience,17,50-99,Funded Startup,1
17809,Has relevent experience,8,50-99,Pvt Ltd,1
22281,Has relevent experience,20,,,never
15372,Has relevent experience,>20,,,>4
25375,Has relevent experience,>20,1000-4999,Pvt Ltd,>4
3783,Has relevent experience,8,,,1
12330,No relevent experience,2,,,1
19396,Has relevent experience,19,100-500,Pvt Ltd,2
19173,Has relevent experience,>20,,,2
24607,No relevent experience,5,,,1
16699,Has relevent experience,9,10000+,Pvt Ltd,1
799,No relevent experience,5,,,never
28215,Has relevent experience,5,50-99,Funded Startup,2
25843,No relevent experience,10,,,2
24789,Has relevent experience,>20,,,1
23595,No relevent experience,5,,,never
27019,Has relevent experience,>20,50-99,Pvt Ltd,1
790,Has relevent experience,>20,10000+,Pvt Ltd,3
24919,Has relevent experience,2,50-99,Pvt Ltd,1
18333,Has relevent experience,7,1000-4999,Pvt Ltd,>4
19642,Has relevent experience,3,100-500,Pvt Ltd,1
17969,Has relevent experience,3,,,1
8196,Has relevent experience,>20,,,1
15152,No relevent experience,3,,,1
11743,Has relevent experience,3,10000+,Pvt Ltd,never
13205,Has relevent experience,10,500-999,Pvt Ltd,1
22047,Has relevent experience,15,5000-9999,Pvt Ltd,2
10359,Has relevent experience,13,,,>4
11026,Has relevent experience,3,10000+,Other,1
19451,Has relevent experience,5,,,1
18553,Has relevent experience,4,50-99,Pvt Ltd,1
21242,No relevent experience,1,,Other,1
18939,Has relevent experience,18,,,1
16550,Has relevent experience,20,10000+,Pvt Ltd,>4
23032,Has relevent experience,6,10000+,Pvt Ltd,1
12688,No relevent experience,10,50-99,Pvt Ltd,3
27368,Has relevent experience,>20,50-99,Pvt Ltd,>4
12807,Has relevent experience,6,1000-4999,Pvt Ltd,1
15060,Has relevent experience,7,<10,Pvt Ltd,3
31148,Has relevent experience,15,10000+,Pvt Ltd,1
7928,Has relevent experience,17,,,>4
16978,Has relevent experience,11,1000-4999,Pvt Ltd,2
23109,Has relevent experience,6,1000-4999,Pvt Ltd,1
5436,Has relevent experience,>20,1000-4999,Pvt Ltd,>4
25785,Has relevent experience,>20,50-99,Pvt Ltd,>4
10168,Has relevent experience,7,100-500,Public Sector,1
14302,Has relevent experience,>20,,,2
18614,Has relevent experience,>20,1000-4999,Pvt Ltd,1
21661,Has relevent experience,8,50-99,Funded Startup,1
17087,No relevent experience,2,,,1
18485,No relevent experience,2,<10,Pvt Ltd,never
33017,No relevent experience,<1,,,never
23371,No relevent experience,2,,,never
4650,Has relevent experience,>20,100-500,Pvt Ltd,4
2292,Has relevent experience,3,10/49,Pvt Ltd,1
812,Has relevent experience,19,,,1
6980,Has relevent experience,12,,,1
15080,Has relevent experience,11,500-999,Pvt Ltd,2
8863,Has relevent experience,16,10000+,Pvt Ltd,2
29331,Has relevent experience,>20,50-99,,1
11271,Has relevent experience,5,50-99,Pvt Ltd,2
21925,Has relevent experience,10,,,
29265,Has relevent experience,6,100-500,Pvt Ltd,1
10635,No relevent experience,11,10/49,Pvt Ltd,>4
5039,Has relevent experience,15,500-999,Pvt Ltd,never
13028,No relevent experience,5,50-99,Pvt Ltd,>4
21226,Has relevent experience,>20,,,1
32833,Has relevent experience,3,100-500,Pvt Ltd,2
8092,Has relevent experience,14,,,1
30214,No relevent experience,6,500-999,Pvt Ltd,2
3555,No relevent experience,10,<10,Pvt Ltd,1
32342,No relevent experience,2,,,1
15555,Has relevent experience,8,50-99,Funded Startup,1
12249,Has relevent experience,11,50-99,Pvt Ltd,1
18206,No relevent experience,2,100-500,Pvt Ltd,never
32995,Has relevent experience,2,10/49,Early Stage Startup,1
7184,Has relevent experience,9,100-500,Funded Startup,1
4776,No relevent experience,4,,Pvt Ltd,never
5698,Has relevent experience,4,10000+,Pvt Ltd,2
7350,No relevent experience,4,,,1
21168,Has relevent experience,2,10000+,Pvt Ltd,1
20556,No relevent experience,1,,,1
236,Has relevent experience,14,,,1
19221,Has relevent experience,4,,,2
17206,Has relevent experience,16,,,1
16145,No relevent experience,>20,,,>4
21727,No relevent experience,>20,,,2
30229,Has relevent experience,15,50-99,Funded Startup,1
4455,Has relevent experience,8,1000-4999,NGO,3
1438,No relevent experience,4,,,never
21477,Has relevent experience,3,<10,Pvt Ltd,1
24869,No relevent experience,2,,,never
31173,No relevent experience,7,,,2
7638,Has relevent experience,6,10000+,Public Sector,1
6518,Has relevent experience,3,<10,Pvt Ltd,1
833,Has relevent experience,7,10000+,Pvt Ltd,1
2365,Has relevent experience,15,50-99,Pvt Ltd,never
28148,Has relevent experience,10,50-99,Early Stage Startup,1
16486,Has relevent experience,5,10/49,Early Stage Startup,
2127,Has relevent experience,5,1000-4999,Pvt Ltd,1
7688,Has relevent experience,14,10/49,Pvt Ltd,4
20882,Has relevent experience,13,,,1
17674,Has relevent experience,>20,,,>4
33037,Has relevent experience,5,500-999,Pvt Ltd,1
419,Has relevent experience,>20,50-99,Pvt Ltd,2
30448,Has relevent experience,4,,,1
12321,Has relevent experience,>20,,Pvt Ltd,2
29521,Has relevent experience,2,,,1
7420,No relevent experience,3,50-99,Pvt Ltd,3
9911,No relevent experience,>20,10000+,Pvt Ltd,>4
1083,Has relevent experience,15,1000-4999,Pvt Ltd,1
6392,No relevent experience,4,,,never
31690,Has relevent experience,11,,,1
12799,Has relevent experience,>20,10000+,Public Sector,>4
2757,Has relevent experience,5,10000+,Pvt Ltd,1
17536,Has relevent experience,9,5000-9999,Pvt Ltd,1
25358,No relevent experience,5,,,never
17479,Has relevent experience,9,,,never
10335,Has relevent experience,12,50-99,Funded Startup,1
1234,Has relevent experience,9,10000+,Pvt Ltd,2
9396,Has relevent experience,3,500-999,Pvt Ltd,>4
1100,Has relevent experience,15,100-500,Pvt Ltd,>4
26421,No relevent experience,6,,,1
29294,Has relevent experience,>20,,,4
2072,Has relevent experience,15,100-500,Pvt Ltd,>4
23121,Has relevent experience,15,1000-4999,Pvt Ltd,>4
4547,Has relevent experience,>20,,,>4
24371,No relevent experience,19,10000+,Pvt Ltd,>4
4131,No relevent experience,>20,5000-9999,NGO,>4
2227,Has relevent experience,10,100-500,Pvt Ltd,1
7450,Has relevent experience,16,100-500,Pvt Ltd,2
20162,Has relevent experience,14,10000+,Pvt Ltd,>4
16307,Has relevent experience,10,10000+,Pvt Ltd,never
4686,Has relevent experience,7,10000+,Pvt Ltd,1
4564,Has relevent experience,6,50-99,Funded Startup,4
14791,Has relevent experience,10,5000-9999,Pvt Ltd,1
11649,Has relevent experience,5,,,1
3872,Has relevent experience,>20,100-500,Pvt Ltd,>4
23627,No relevent experience,5,,,never
17977,Has relevent experience,19,50-99,Pvt Ltd,1
4841,No relevent experience,3,<10,Early Stage Startup,1
10779,Has relevent experience,7,500-999,Pvt Ltd,1
27602,No relevent experience,11,10000+,Pvt Ltd,3
7031,Has relevent experience,>20,,,1
4981,Has relevent experience,13,,,1
857,No relevent experience,3,10/49,Early Stage Startup,1
5363,Has relevent experience,5,50-99,,never
19760,Has relevent experience,18,10000+,Pvt Ltd,3
5727,Has relevent experience,>20,50-99,Pvt Ltd,>4
23246,Has relevent experience,15,,,1
7525,No relevent experience,4,,,never
284,No relevent experience,4,,,1
2968,No relevent experience,14,10/49,Pvt Ltd,1
19,Has relevent experience,5,50-99,Public Sector,>4
15413,Has relevent experience,7,,,2
20187,Has relevent experience,14,10/49,Pvt Ltd,>4
10620,Has relevent experience,4,50-99,Funded Startup,1
21699,No relevent experience,>20,,,>4
15032,No relevent experience,5,50-99,,1
27681,Has relevent experience,5,50-99,Pvt Ltd,4
1424,No relevent experience,3,,,never
27676,No relevent experience,14,500-999,Pvt Ltd,1
15920,Has relevent experience,6,1000-4999,Pvt Ltd,2
29760,Has relevent experience,4,<10,,1
20958,Has relevent experience,11,500-999,Pvt Ltd,2
10782,Has relevent experience,10,1000-4999,Pvt Ltd,1
16986,Has relevent experience,5,10/49,Funded Startup,1
17161,Has relevent experience,5,100-500,Funded Startup,1
13703,Has relevent experience,14,<10,Pvt Ltd,4
11635,Has relevent experience,>20,100-500,NGO,1
4218,Has relevent experience,15,10/49,Pvt Ltd,>4
25124,Has relevent experience,11,5000-9999,Pvt Ltd,2
26394,No relevent experience,<1,,,1
26907,Has relevent experience,12,100-500,Pvt Ltd,2
13363,Has relevent experience,12,100-500,Pvt Ltd,1
16455,Has relevent experience,19,10/49,Pvt Ltd,1
17864,Has relevent experience,>20,50-99,Funded Startup,1
25298,No relevent experience,5,100-500,Pvt Ltd,1
29713,Has relevent experience,>20,,,3
24385,Has relevent experience,13,,,1
13422,Has relevent experience,>20,<10,Pvt Ltd,>4
26093,Has relevent experience,15,50-99,Pvt Ltd,>4
16748,Has relevent experience,11,50-99,Pvt Ltd,1
27342,Has relevent experience,16,1000-4999,Pvt Ltd,3
30355,Has relevent experience,4,50-99,Pvt Ltd,1
28582,Has relevent experience,>20,100-500,,4
4645,Has relevent experience,4,50-99,,1
25430,Has relevent experience,>20,,,1
2087,No relevent experience,5,,,1
19421,No relevent experience,9,,,>4
8560,Has relevent experience,3,100-500,Pvt Ltd,never
14989,No relevent experience,16,,,>4
1986,Has relevent experience,7,10/49,Public Sector,1
10392,Has relevent experience,15,5000-9999,Other,>4
4287,No relevent experience,6,500-999,Public Sector,1
995,Has relevent experience,4,10/49,Pvt Ltd,3
28550,No relevent experience,<1,,,>4
26700,Has relevent experience,>20,5000-9999,NGO,>4
31660,Has relevent experience,9,,,2
13480,Has relevent experience,3,50-99,Early Stage Startup,1
12094,Has relevent experience,14,100-500,Public Sector,2
403,No relevent experience,5,1000-4999,Public Sector,1
29538,Has relevent experience,10,10000+,Pvt Ltd,1
21148,Has relevent experience,6,100-500,Funded Startup,1
2091,No relevent experience,3,,,never
29370,No relevent experience,4,,,never
30126,Has relevent experience,11,10/49,Early Stage Startup,4
31351,Has relevent experience,7,10/49,Public Sector,1
7534,Has relevent experience,7,500-999,Funded Startup,2
277,Has relevent experience,7,,,1
27238,No relevent experience,<1,,,never
18558,Has relevent experience,7,1000-4999,Pvt Ltd,1
11939,Has relevent experience,16,50-99,NGO,2
28322,Has relevent experience,11,10/49,Pvt Ltd,2
11247,Has relevent experience,>20,,,4
18318,Has relevent experience,>20,10000+,Pvt Ltd,>4
14680,No relevent experience,3,,,never
31618,No relevent experience,6,10/49,Pvt Ltd,1
3744,Has relevent experience,20,100-500,Pvt Ltd,1
25293,Has relevent experience,6,50-99,Pvt Ltd,never
31385,Has relevent experience,4,50-99,Pvt Ltd,1
29626,Has relevent experience,5,100-500,Pvt Ltd,1
20089,No relevent experience,<1,,Public Sector,1
20063,Has relevent experience,6,5000-9999,Pvt Ltd,4
17777,No relevent experience,2,,,never
10850,Has relevent experience,3,10/49,Pvt Ltd,1
12644,No relevent experience,7,500-999,Pvt Ltd,1
30833,No relevent experience,2,,,never
16979,Has relevent experience,9,10/49,Funded Startup,1
19163,Has relevent experience,18,100-500,Pvt Ltd,1
32261,Has relevent experience,12,50-99,Funded Startup,2
23471,Has relevent experience,17,,,>4
14421,Has relevent experience,3,100-500,Pvt Ltd,1
17748,Has relevent experience,8,50-99,,1
31487,Has relevent experience,10,100-500,Pvt Ltd,1
25209,Has relevent experience,1,5000-9999,Pvt Ltd,1
2133,Has relevent experience,19,1000-4999,Pvt Ltd,1
19961,No relevent experience,>20,10000+,Public Sector,2
1153,Has relevent experience,5,<10,Pvt Ltd,1
7048,Has relevent experience,5,1000-4999,Pvt Ltd,4
13882,Has relevent experience,5,,,never
18981,Has relevent experience,4,,,1
15238,No relevent experience,2,,,never
23935,Has relevent experience,6,10/49,Early Stage Startup,4
20115,Has relevent experience,>20,,Pvt Ltd,4
3916,No relevent experience,>20,1000-4999,Pvt Ltd,never
26896,Has relevent experience,10,500-999,,2
29848,Has relevent experience,3,10/49,Early Stage Startup,3
6231,Has relevent experience,11,,,2
4486,Has relevent experience,5,50-99,Pvt Ltd,1
27072,No relevent experience,3,,,1
3075,Has relevent experience,10,10000+,Pvt Ltd,>4
18112,Has relevent experience,10,100-500,Pvt Ltd,4
4438,Has relevent experience,13,10000+,Pvt Ltd,3
1209,No relevent experience,>20,10/49,Pvt Ltd,>4
18459,Has relevent experience,10,10000+,Pvt Ltd,2
5660,Has relevent experience,5,100-500,Public Sector,1
2281,Has relevent experience,>20,50-99,Pvt Ltd,>4
19231,Has relevent experience,7,,,>4
7392,Has relevent experience,7,100-500,Pvt Ltd,1
21734,Has relevent experience,10,10/49,Early Stage Startup,>4
31484,Has relevent experience,8,100-500,NGO,1
13019,No relevent experience,>20,,,>4
26839,Has relevent experience,10,10/49,Early Stage Startup,1
7969,Has relevent experience,8,500-999,Pvt Ltd,>4
24031,Has relevent experience,5,10000+,Pvt Ltd,2
10858,No relevent experience,>20,50-99,Pvt Ltd,>4
13723,No relevent experience,4,<10,Early Stage Startup,never
31220,No relevent experience,3,,,never
31845,Has relevent experience,8,,Pvt Ltd,never
11383,No relevent experience,4,,,never
13153,Has relevent experience,4,,,1
6499,Has relevent experience,4,100-500,Pvt Ltd,2
19333,No relevent experience,3,,,never
6537,No relevent experience,7,500-999,NGO,1
6352,Has relevent experience,7,50-99,Funded Startup,1
17957,No relevent experience,1,,,never
22599,Has relevent experience,11,,,4
11548,Has relevent experience,6,<10,Pvt Ltd,
8291,No relevent experience,6,,,never
25541,Has relevent experience,15,<10,Early Stage Startup,3
26058,No relevent experience,3,,,never
7974,Has relevent experience,8,5000-9999,Public Sector,never
27881,Has relevent experience,>20,,,2
9528,Has relevent experience,>20,50-99,,>4
10522,Has relevent experience,4,50-99,,
15880,No relevent experience,2,10/49,Public Sector,2
28785,No relevent experience,5,10000+,Pvt Ltd,1
135,Has relevent experience,>20,<10,Early Stage Startup,1
12030,No relevent experience,8,,,4
31753,No relevent experience,2,<10,Pvt Ltd,2
23779,Has relevent experience,19,10000+,Pvt Ltd,1
17647,Has relevent experience,15,10000+,Pvt Ltd,never
15777,Has relevent experience,16,,,1
5354,Has relevent experience,15,,,never
30450,Has relevent experience,9,10000+,Pvt Ltd,2
28815,No relevent experience,20,,,3
25118,No relevent experience,2,1000-4999,Other,1
4748,Has relevent experience,7,,,1
25812,Has relevent experience,5,,,1
9640,Has relevent experience,>20,50-99,Pvt Ltd,>4
14048,Has relevent experience,16,50-99,Pvt Ltd,2
5855,Has relevent experience,18,1000-4999,Pvt Ltd,>4
170,No relevent experience,6,,Pvt Ltd,never
11149,No relevent experience,9,,,1
20198,No relevent experience,1,,,never
23257,Has relevent experience,15,500-999,Pvt Ltd,>4
5530,Has relevent experience,19,50-99,Pvt Ltd,1
1013,Has relevent experience,5,,,never
31240,Has relevent experience,3,100-500,Pvt Ltd,1
23847,No relevent experience,4,,,never
16993,Has relevent experience,13,10000+,Pvt Ltd,2
5252,No relevent experience,2,,,never
12971,No relevent experience,16,,,>4
11549,Has relevent experience,16,100-500,Pvt Ltd,2
4383,No relevent experience,>20,10000+,Pvt Ltd,>4
10654,Has relevent experience,17,50-99,Funded Startup,1
10540,Has relevent experience,18,5000-9999,Pvt Ltd,1
31364,Has relevent experience,>20,5000-9999,Pvt Ltd,1
1215,Has relevent experience,15,10/49,Pvt Ltd,2
29289,Has relevent experience,16,<10,Early Stage Startup,1
11205,No relevent experience,10,,,never
27361,Has relevent experience,7,50-99,,1
10729,Has relevent experience,>20,10/49,Early Stage Startup,2
22766,Has relevent experience,>20,10/49,Pvt Ltd,>4
10936,Has relevent experience,10,<10,Pvt Ltd,1
27491,Has relevent experience,3,,,1
28093,No relevent experience,12,10000+,Public Sector,2
17902,Has relevent experience,2,50-99,Funded Startup,1
14769,No relevent experience,20,10/49,Pvt Ltd,2
22232,Has relevent experience,18,10/49,Early Stage Startup,1
14508,No relevent experience,3,,,
24468,No relevent experience,2,,,1
22025,No relevent experience,<1,,,2
26794,Has relevent experience,3,,,1
2545,Has relevent experience,8,500-999,Pvt Ltd,2
18489,Has relevent experience,<1,500-999,Pvt Ltd,1
22235,Has relevent experience,>20,100-500,Pvt Ltd,>4
1201,Has relevent experience,8,,Public Sector,never
17714,No relevent experience,4,,,1
6564,Has relevent experience,4,<10,Pvt Ltd,
28772,Has relevent experience,9,,NGO,1
28565,Has relevent experience,2,10/49,Pvt Ltd,1
29367,Has relevent experience,4,10/49,Funded Startup,4
24637,No relevent experience,>20,10000+,Pvt Ltd,4
5204,Has relevent experience,>20,,,>4
27261,No relevent experience,2,,,never
24622,Has relevent experience,>20,,,>4
401,Has relevent experience,14,50-99,Pvt Ltd,>4
22318,Has relevent experience,10,,,1
33094,No relevent experience,3,,,1
28888,Has relevent experience,10,50-99,Pvt Ltd,
8955,Has relevent experience,4,100-500,Pvt Ltd,2
6651,No relevent experience,10,,,never
1017,Has relevent experience,5,10/49,Pvt Ltd,4
22745,Has relevent experience,7,100-500,Pvt Ltd,4
10798,Has relevent experience,,50-99,Pvt Ltd,
31282,No relevent experience,3,,,1
23100,Has relevent experience,>20,10000+,Pvt Ltd,3
12703,Has relevent experience,3,50-99,Pvt Ltd,1
5178,Has relevent experience,>20,10000+,Pvt Ltd,>4
17272,Has relevent experience,1,50-99,Pvt Ltd,never
16706,No relevent experience,15,10000+,Pvt Ltd,2
15836,Has relevent experience,9,1000-4999,Pvt Ltd,>4
5105,Has relevent experience,>20,10000+,Pvt Ltd,>4
9166,Has relevent experience,1,,,1
28801,No relevent experience,6,,,1
14277,Has relevent experience,10,1000-4999,Pvt Ltd,4
22600,Has relevent experience,17,1000-4999,Public Sector,>4
8856,No relevent experience,4,,Public Sector,1
15803,Has relevent experience,>20,5000-9999,Pvt Ltd,1
1533,Has relevent experience,15,100-500,Pvt Ltd,2
16907,Has relevent experience,3,10/49,Pvt Ltd,1
28115,Has relevent experience,>20,,,>4
23202,Has relevent experience,7,1000-4999,Pvt Ltd,4
11578,No relevent experience,<1,,,never
26624,Has relevent experience,16,10/49,Pvt Ltd,3
19008,Has relevent experience,10,50-99,Pvt Ltd,3
15822,No relevent experience,19,1000-4999,Pvt Ltd,1
3328,Has relevent experience,9,100-500,Pvt Ltd,>4
12439,Has relevent experience,16,500-999,Pvt Ltd,2
12691,Has relevent experience,>20,10000+,,4
16623,Has relevent experience,15,<10,Early Stage Startup,1
28738,Has relevent experience,4,<10,Pvt Ltd,4
25754,Has relevent experience,6,50-99,Pvt Ltd,2
13429,Has relevent experience,>20,10/49,Pvt Ltd,>4
17016,Has relevent experience,>20,100-500,Pvt Ltd,>4
5060,No relevent experience,2,,,never
5560,Has relevent experience,9,100-500,Pvt Ltd,4
201,Has relevent experience,8,100-500,Pvt Ltd,>4
32423,Has relevent experience,6,10/49,,2
9081,No relevent experience,5,,,1
27612,No relevent experience,2,,,never
30592,Has relevent experience,19,50-99,Pvt Ltd,1
31461,No relevent experience,11,,,>4
10106,Has relevent experience,16,100-500,Pvt Ltd,>4
2730,Has relevent experience,11,100-500,Pvt Ltd,1
25693,Has relevent experience,6,10000+,Pvt Ltd,1
26019,Has relevent experience,17,100-500,Pvt Ltd,4
22815,No relevent experience,3,10/49,Public Sector,3
17636,No relevent experience,>20,10000+,Pvt Ltd,>4
21791,Has relevent experience,>20,,,1
13800,No relevent experience,2,10/49,Pvt Ltd,1
11357,Has relevent experience,6,10000+,Pvt Ltd,1
17884,Has relevent experience,8,,,1
28051,Has relevent experience,3,100-500,Pvt Ltd,3
6016,Has relevent experience,>20,,,3
17011,Has relevent experience,17,10/49,Early Stage Startup,>4
27409,Has relevent experience,>20,<10,Pvt Ltd,>4
8079,No relevent experience,>20,1000-4999,Public Sector,>4
8379,Has relevent experience,7,<10,Pvt Ltd,>4
174,No relevent experience,2,500-999,Pvt Ltd,never
14557,Has relevent experience,11,,Pvt Ltd,never
20587,Has relevent experience,,100-500,Pvt Ltd,1
26092,Has relevent experience,9,10/49,Pvt Ltd,3
16444,Has relevent experience,3,,,1
2074,Has relevent experience,18,500-999,Pvt Ltd,>4
31564,Has relevent experience,10,500-999,Funded Startup,2
6362,No relevent experience,3,500-999,Public Sector,2
8846,No relevent experience,3,50-99,Pvt Ltd,2
10719,Has relevent experience,15,1000-4999,Pvt Ltd,1
17251,Has relevent experience,>20,,,1
5824,Has relevent experience,5,10/49,Pvt Ltd,1
1484,Has relevent experience,16,5000-9999,Pvt Ltd,>4
11233,No relevent experience,8,,,1
22236,Has relevent experience,>20,,,1
17491,Has relevent experience,6,500-999,Pvt Ltd,1
29318,Has relevent experience,>20,,,1
7769,Has relevent experience,4,,,1
18024,No relevent experience,12,100-500,Pvt Ltd,2
2028,Has relevent experience,15,100-500,Pvt Ltd,1
2167,Has relevent experience,6,500-999,Funded Startup,never
22399,Has relevent experience,3,100-500,Pvt Ltd,1
26314,No relevent experience,3,,,1
4523,No relevent experience,14,,Pvt Ltd,never
1983,No relevent experience,2,50-99,Pvt Ltd,1
7491,No relevent experience,6,,,never
944,Has relevent experience,1,<10,Pvt Ltd,never
29576,No relevent experience,14,10000+,Public Sector,>4
29190,No relevent experience,6,,,never
29168,Has relevent experience,>20,100-500,Funded Startup,1
7104,Has relevent experience,>20,,Public Sector,>4
26524,No relevent experience,>20,50-99,Pvt Ltd,1
4947,No relevent experience,14,,,1
18773,No relevent experience,2,,,never
29948,Has relevent experience,6,,,never
22190,Has relevent experience,9,10/49,Pvt Ltd,2
16747,No relevent experience,7,,Pvt Ltd,1
26088,No relevent experience,4,,,never
17753,Has relevent experience,17,50-99,Pvt Ltd,1
14326,Has relevent experience,13,10000+,Pvt Ltd,2
22822,Has relevent experience,>20,10000+,Pvt Ltd,1
23129,No relevent experience,8,10000+,Pvt Ltd,
19978,No relevent experience,3,,,1
5708,Has relevent experience,8,5000-9999,Pvt Ltd,1
22554,Has relevent experience,>20,100-500,Pvt Ltd,2
31949,Has relevent experience,12,100-500,Pvt Ltd,2
29680,No relevent experience,2,500-999,Pvt Ltd,1
30986,Has relevent experience,15,50-99,Early Stage Startup,3
24928,Has relevent experience,10,<10,Pvt Ltd,1
22003,No relevent experience,7,50-99,,1
32778,Has relevent experience,4,50-99,Funded Startup,1
14497,Has relevent experience,3,10/49,Early Stage Startup,1
11251,Has relevent experience,>20,50-99,Pvt Ltd,>4
19968,No relevent experience,5,,,never
26919,Has relevent experience,5,500-999,Pvt Ltd,1
13562,Has relevent experience,8,<10,NGO,1
16217,Has relevent experience,>20,,Pvt Ltd,1
21794,Has relevent experience,10,<10,Pvt Ltd,1
19083,Has relevent experience,9,500-999,NGO,3
22185,No relevent experience,3,,,1
19913,No relevent experience,2,50-99,Pvt Ltd,2
9504,Has relevent experience,9,100-500,Pvt Ltd,4
9406,Has relevent experience,7,,,1
639,Has relevent experience,>20,,,2
16697,Has relevent experience,18,10/49,Pvt Ltd,1
23287,Has relevent experience,18,10/49,Pvt Ltd,>4
16134,Has relevent experience,11,50-99,Pvt Ltd,2
4881,Has relevent experience,8,1000-4999,Pvt Ltd,1
2817,Has relevent experience,5,100-500,Pvt Ltd,1
3898,Has relevent experience,11,5000-9999,Pvt Ltd,1
32739,Has relevent experience,8,100-500,Pvt Ltd,2
208,Has relevent experience,>20,10000+,Pvt Ltd,>4
25962,Has relevent experience,19,<10,Funded Startup,2
22253,Has relevent experience,17,50-99,Pvt Ltd,2
24109,Has relevent experience,15,1000-4999,Pvt Ltd,4
12802,Has relevent experience,>20,10000+,Pvt Ltd,1
27794,Has relevent experience,4,1000-4999,Pvt Ltd,4
11243,Has relevent experience,>20,50-99,,2
1779,Has relevent experience,10,100-500,,2
31212,No relevent experience,10,,,never
23550,Has relevent experience,>20,100-500,Pvt Ltd,3
11518,Has relevent experience,3,50-99,Early Stage Startup,1
32655,No relevent experience,1,,,never
7572,No relevent experience,9,,,2
25607,Has relevent experience,>20,50-99,Pvt Ltd,>4
32257,Has relevent experience,9,50-99,Pvt Ltd,1
29997,Has relevent experience,6,50-99,Pvt Ltd,1
19325,Has relevent experience,>20,100-500,Pvt Ltd,1
10421,Has relevent experience,>20,10000+,Pvt Ltd,>4
22346,Has relevent experience,9,,Pvt Ltd,1
1004,Has relevent experience,>20,10000+,Pvt Ltd,4
5996,No relevent experience,>20,1000-4999,Public Sector,>4
27879,Has relevent experience,16,100-500,Pvt Ltd,>4
30567,Has relevent experience,>20,,,>4
26259,Has relevent experience,>20,500-999,NGO,2
8493,Has relevent experience,5,10000+,Pvt Ltd,never
18363,Has relevent experience,3,50-99,Early Stage Startup,1
2058,Has relevent experience,16,,,2
21248,Has relevent experience,18,10000+,Pvt Ltd,>4
22906,Has relevent experience,>20,500-999,Pvt Ltd,>4
23704,Has relevent experience,>20,50-99,Pvt Ltd,>4
9417,Has relevent experience,9,,,2
4451,Has relevent experience,10,10000+,Public Sector,1
2048,Has relevent experience,2,,,1
19109,Has relevent experience,16,10000+,Pvt Ltd,1
28032,Has relevent experience,4,,,2
15976,No relevent experience,5,10/49,Pvt Ltd,1
31888,Has relevent experience,15,50-99,Pvt Ltd,1
10051,Has relevent experience,10,100-500,Public Sector,>4
25673,Has relevent experience,9,50-99,Pvt Ltd,2
311,No relevent experience,4,50-99,Pvt Ltd,1
26882,No relevent experience,4,,,never
528,Has relevent experience,7,50-99,Public Sector,3
5443,Has relevent experience,9,100-500,Funded Startup,1
5251,No relevent experience,7,,,never
7133,Has relevent experience,>20,100-500,Pvt Ltd,>4
18659,Has relevent experience,8,<10,Early Stage Startup,never
10600,No relevent experience,14,,,>4
18871,Has relevent experience,11,50-99,Pvt Ltd,3
25216,No relevent experience,7,10000+,Pvt Ltd,1
32983,Has relevent experience,17,10000+,Pvt Ltd,1
24225,Has relevent experience,2,,,1
3832,Has relevent experience,5,,,1
1515,Has relevent experience,6,50-99,Funded Startup,
26186,Has relevent experience,6,100-500,Pvt Ltd,4
4035,Has relevent experience,>20,10000+,Pvt Ltd,2
19436,Has relevent experience,17,5000-9999,Pvt Ltd,2
7629,Has relevent experience,>20,500-999,Pvt Ltd,never
31308,Has relevent experience,6,100-500,Pvt Ltd,1
4939,Has relevent experience,14,,Public Sector,1
11818,Has relevent experience,6,100-500,Pvt Ltd,never
4587,Has relevent experience,>20,100-500,Pvt Ltd,4
29263,Has relevent experience,9,100-500,,never
28578,Has relevent experience,10,10000+,Pvt Ltd,4
19899,No relevent experience,10,,,1
30600,Has relevent experience,2,,,1
11474,Has relevent experience,14,10/49,Pvt Ltd,>4
25149,Has relevent experience,7,50-99,Pvt Ltd,>4
29846,No relevent experience,2,,,never
28844,Has relevent experience,15,<10,Pvt Ltd,1
8231,Has relevent experience,7,100-500,Pvt Ltd,1
30119,Has relevent experience,3,10000+,Pvt Ltd,1
7729,Has relevent experience,4,10/49,Early Stage Startup,2
19974,Has relevent experience,5,100-500,Pvt Ltd,1
23689,Has relevent experience,>20,10000+,Pvt Ltd,never
28903,Has relevent experience,9,100-500,Pvt Ltd,1
22907,Has relevent experience,13,50-99,Funded Startup,1
2840,Has relevent experience,17,50-99,Pvt Ltd,2
23815,No relevent experience,3,,,never
16849,Has relevent experience,6,10000+,Pvt Ltd,1
6103,Has relevent experience,4,,,1
31392,Has relevent experience,17,100-500,Pvt Ltd,1
19467,Has relevent experience,10,<10,Pvt Ltd,2
20902,Has relevent experience,12,100-500,NGO,>4
10774,Has relevent experience,4,,,1
16461,Has relevent experience,6,1000-4999,Pvt Ltd,1
27975,Has relevent experience,>20,,,2
5433,Has relevent experience,>20,,,>4
30934,Has relevent experience,17,50-99,NGO,1
32473,Has relevent experience,>20,10000+,Pvt Ltd,>4
30624,No relevent experience,4,,,never
18899,Has relevent experience,16,50-99,NGO,never
19862,Has relevent experience,1,<10,Pvt Ltd,1
7937,No relevent experience,2,,,never
29617,Has relevent experience,1,500-999,Pvt Ltd,1
31286,Has relevent experience,10,5000-9999,Pvt Ltd,2
24076,Has relevent experience,8,10000+,Pvt Ltd,4
31454,Has relevent experience,15,50-99,,4
23774,No relevent experience,3,,,>4
17945,Has relevent experience,3,500-999,Pvt Ltd,3
15776,No relevent experience,16,100-500,NGO,>4
12760,Has relevent experience,>20,,,>4
22446,Has relevent experience,4,10/49,Pvt Ltd,1
12292,Has relevent experience,5,10000+,Pvt Ltd,never
27622,Has relevent experience,11,<10,Early Stage Startup,2
27051,Has relevent experience,12,500-999,Other,1
5042,Has relevent experience,>20,100-500,Pvt Ltd,1
27516,Has relevent experience,8,,,2
218,Has relevent experience,3,100-500,Pvt Ltd,2
6289,Has relevent experience,15,100-500,Pvt Ltd,never
10223,Has relevent experience,5,,Public Sector,1
25621,Has relevent experience,16,50-99,Pvt Ltd,1
30713,Has relevent experience,10,100-500,Pvt Ltd,never
13574,Has relevent experience,7,50-99,Pvt Ltd,1
28010,No relevent experience,2,100-500,Public Sector,2
7409,Has relevent experience,>20,100-500,Pvt Ltd,3
26693,Has relevent experience,4,,,4
3267,No relevent experience,10,,,2
4513,Has relevent experience,17,100-500,Pvt Ltd,2
23184,Has relevent experience,>20,100-500,Pvt Ltd,4
27514,Has relevent experience,18,500-999,Public Sector,>4
22079,Has relevent experience,>20,,,3
2253,Has relevent experience,7,,,2
3922,Has relevent experience,19,,,1
3063,Has relevent experience,10,50-99,Pvt Ltd,1
31601,Has relevent experience,>20,10000+,Pvt Ltd,1
26625,Has relevent experience,<1,10/49,Pvt Ltd,1
28655,Has relevent experience,5,50-99,Pvt Ltd,1
1966,Has relevent experience,>20,50-99,Pvt Ltd,1
28063,Has relevent experience,>20,100-500,Pvt Ltd,2
10614,Has relevent experience,14,50-99,Pvt Ltd,2
10578,No relevent experience,2,,,never
22130,Has relevent experience,8,50-99,Pvt Ltd,3
30137,Has relevent experience,4,50-99,Pvt Ltd,1
28884,Has relevent experience,8,100-500,Pvt Ltd,4
31998,Has relevent experience,5,1000-4999,NGO,1
2564,Has relevent experience,19,10000+,Pvt Ltd,2
1584,Has relevent experience,15,100-500,Public Sector,>4
9309,Has relevent experience,>20,5000-9999,Public Sector,>4
6031,No relevent experience,7,100-500,Funded Startup,1
22401,Has relevent experience,11,10000+,Pvt Ltd,2
24575,Has relevent experience,13,100-500,Pvt Ltd,2
21367,Has relevent experience,5,100-500,NGO,4
4848,Has relevent experience,2,50-99,Funded Startup,1
19275,Has relevent experience,>20,50-99,Pvt Ltd,>4
21485,No relevent experience,4,,,
105,Has relevent experience,13,100-500,Funded Startup,3
16421,Has relevent experience,2,<10,NGO,1
30335,Has relevent experience,<1,50-99,Early Stage Startup,1
27552,No relevent experience,6,,,1
17493,Has relevent experience,7,<10,Pvt Ltd,2
31293,Has relevent experience,>20,100-500,Pvt Ltd,1
16751,Has relevent experience,5,,,1
13763,No relevent experience,1,,,
4025,No relevent experience,4,,Pvt Ltd,never
16508,Has relevent experience,3,<10,Early Stage Startup,never
27644,Has relevent experience,>20,10/49,Pvt Ltd,1
24694,Has relevent experience,15,500-999,Pvt Ltd,4
11472,No relevent experience,6,,,never
21583,No relevent experience,7,5000-9999,Public Sector,never
11414,No relevent experience,6,,,never
138,Has relevent experience,>20,<10,Early Stage Startup,2
2771,Has relevent experience,5,<10,Early Stage Startup,3
21035,Has relevent experience,13,50-99,Pvt Ltd,3
22869,Has relevent experience,>20,<10,Pvt Ltd,>4
13792,Has relevent experience,6,50-99,Pvt Ltd,1
10691,No relevent experience,1,,,1
18450,Has relevent experience,4,500-999,Pvt Ltd,4
5543,No relevent experience,6,,Pvt Ltd,never
4297,No relevent experience,4,,Pvt Ltd,never
14032,Has relevent experience,5,100-500,Pvt Ltd,4
14888,No relevent experience,<1,,,
10448,Has relevent experience,4,50-99,Pvt Ltd,1
26788,Has relevent experience,16,500-999,Public Sector,>4
26751,No relevent experience,11,100-500,Pvt Ltd,1
20621,No relevent experience,2,1000-4999,,2
25597,Has relevent experience,11,100-500,Pvt Ltd,2
1837,Has relevent experience,>20,10/49,Pvt Ltd,2
13388,No relevent experience,3,,,never
27904,No relevent experience,11,100-500,Pvt Ltd,>4
27893,No relevent experience,2,10/49,,1
7250,Has relevent experience,>20,<10,Pvt Ltd,>4
12365,Has relevent experience,3,10000+,Pvt Ltd,1
6252,No relevent experience,8,<10,Pvt Ltd,never
3753,Has relevent experience,6,50-99,Pvt Ltd,4
21048,No relevent experience,<1,,,1
28344,Has relevent experience,4,1000-4999,Pvt Ltd,1
16365,No relevent experience,4,50-99,Pvt Ltd,1
683,Has relevent experience,12,50-99,Pvt Ltd,3
28057,Has relevent experience,3,,,1
19301,Has relevent experience,6,100-500,Pvt Ltd,1
22046,Has relevent experience,>20,50-99,Pvt Ltd,>4
16016,Has relevent experience,>20,100-500,Pvt Ltd,2
33325,Has relevent experience,>20,50-99,Public Sector,1
17331,Has relevent experience,>20,100-500,Pvt Ltd,1
12045,No relevent experience,3,,,never
10593,Has relevent experience,14,50-99,Funded Startup,1
13520,Has relevent experience,10,50-99,Early Stage Startup,1
32963,No relevent experience,18,1000-4999,Public Sector,1
26818,Has relevent experience,18,5000-9999,Pvt Ltd,1
9383,Has relevent experience,2,,,1
29399,No relevent experience,8,100-500,Pvt Ltd,1
25086,Has relevent experience,17,<10,Pvt Ltd,4
8483,Has relevent experience,10,50-99,Funded Startup,>4
32935,No relevent experience,14,1000-4999,NGO,1
21566,Has relevent experience,1,10/49,Early Stage Startup,1
12279,Has relevent experience,3,50-99,,2
17425,Has relevent experience,7,50-99,Pvt Ltd,1
19994,No relevent experience,3,100-500,Public Sector,1
18284,Has relevent experience,12,,,3
5604,No relevent experience,7,5000-9999,Pvt Ltd,3
2140,Has relevent experience,>20,50-99,Pvt Ltd,1
5743,Has relevent experience,8,100-500,Pvt Ltd,1
1828,Has relevent experience,4,50-99,Pvt Ltd,1
6072,Has relevent experience,10,10000+,Pvt Ltd,>4
21333,No relevent experience,9,,,4
30618,No relevent experience,1,,,1
2750,Has relevent experience,17,50-99,Pvt Ltd,2
32676,No relevent experience,1,10/49,Early Stage Startup,1
10461,Has relevent experience,9,50-99,Public Sector,1
8815,Has relevent experience,8,,,1
27054,Has relevent experience,10,50-99,Funded Startup,2
502,Has relevent experience,10,100-500,Pvt Ltd,4
19353,Has relevent experience,,,,1
30454,Has relevent experience,6,50-99,,3
15014,Has relevent experience,2,10/49,Pvt Ltd,1
31068,No relevent experience,5,10/49,NGO,1
4356,Has relevent experience,6,100-500,Pvt Ltd,1
2277,No relevent experience,3,,Pvt Ltd,never
2294,Has relevent experience,12,<10,Pvt Ltd,>4
12823,Has relevent experience,7,1000-4999,Pvt Ltd,3
10776,Has relevent experience,14,<10,Pvt Ltd,1
28586,No relevent experience,1,,,1
11246,Has relevent experience,18,100-500,Pvt Ltd,1
11374,Has relevent experience,9,50-99,Funded Startup,1
27009,Has relevent experience,2,50-99,Pvt Ltd,2
9324,Has relevent experience,5,10000+,Pvt Ltd,1
25208,Has relevent experience,13,100-500,NGO,1
15147,Has relevent experience,4,10000+,Pvt Ltd,1
15619,Has relevent experience,7,1000-4999,Pvt Ltd,1
24497,No relevent experience,4,100-500,Pvt Ltd,1
7205,Has relevent experience,16,50-99,Pvt Ltd,>4
23844,Has relevent experience,15,10/49,Pvt Ltd,>4
9453,Has relevent experience,>20,1000-4999,Pvt Ltd,1
7437,No relevent experience,3,,,never
29853,Has relevent experience,11,1000-4999,Pvt Ltd,1
20711,No relevent experience,4,,,
29477,Has relevent experience,15,10/49,Pvt Ltd,1
27836,Has relevent experience,6,1000-4999,Pvt Ltd,2
15481,Has relevent experience,11,500-999,,1
31338,Has relevent experience,>20,500-999,Pvt Ltd,1
19777,Has relevent experience,>20,50-99,Pvt Ltd,>4
27244,Has relevent experience,2,100-500,Pvt Ltd,1
31359,Has relevent experience,15,<10,Funded Startup,1
6987,Has relevent experience,2,10000+,Pvt Ltd,1
25558,No relevent experience,6,,,1
18029,Has relevent experience,5,100-500,Pvt Ltd,never
20462,Has relevent experience,>20,,,
2866,Has relevent experience,18,50-99,Pvt Ltd,3
31608,Has relevent experience,3,10000+,Other,1
10380,No relevent experience,5,10/49,Public Sector,1
4751,No relevent experience,>20,,,4
29779,Has relevent experience,12,10/49,,4
1933,No relevent experience,<1,100-500,Pvt Ltd,never
28371,Has relevent experience,7,5000-9999,Pvt Ltd,1
4316,No relevent experience,6,,,
29103,No relevent experience,11,10/49,Other,3
13061,Has relevent experience,15,10/49,Funded Startup,>4
1713,Has relevent experience,9,10000+,Pvt Ltd,3
23113,Has relevent experience,11,100-500,Pvt Ltd,never
4909,Has relevent experience,5,,,1
22157,Has relevent experience,4,10000+,Pvt Ltd,2
3449,Has relevent experience,19,100-500,Pvt Ltd,4
822,Has relevent experience,10,100-500,Pvt Ltd,4
32582,Has relevent experience,4,,,1
15679,Has relevent experience,5,100-500,NGO,1
551,Has relevent experience,3,1000-4999,Pvt Ltd,1
3366,Has relevent experience,>20,100-500,Pvt Ltd,>4
16399,Has relevent experience,15,<10,Pvt Ltd,>4
27726,Has relevent experience,17,1000-4999,Pvt Ltd,1
17732,Has relevent experience,15,100-500,Funded Startup,>4
10659,Has relevent experience,15,100-500,Pvt Ltd,1
24737,No relevent experience,3,,,never
17079,Has relevent experience,>20,,,4
27296,Has relevent experience,15,100-500,Pvt Ltd,1
13598,Has relevent experience,4,10/49,Pvt Ltd,2
22602,No relevent experience,3,,,1
5080,Has relevent experience,8,,,4
2065,Has relevent experience,16,50-99,,1
9744,Has relevent experience,>20,,,2
23796,No relevent experience,13,,,3
25125,Has relevent experience,11,50-99,Funded Startup,2
4784,Has relevent experience,>20,<10,Pvt Ltd,4
25502,No relevent experience,2,,,never
4454,No relevent experience,15,100-500,Pvt Ltd,1
16434,Has relevent experience,11,<10,,3
29515,No relevent experience,>20,10000+,Public Sector,never
31699,No relevent experience,4,,,1
8288,Has relevent experience,13,<10,Pvt Ltd,1
5,Has relevent experience,10,<10,Early Stage Startup,1
9765,Has relevent experience,>20,1000-4999,Pvt Ltd,>4
9279,Has relevent experience,3,<10,Pvt Ltd,3
20769,Has relevent experience,19,10/49,Pvt Ltd,2
25930,Has relevent experience,>20,50-99,Pvt Ltd,1
7811,Has relevent experience,,100-500,,
12068,Has relevent experience,3,<10,Pvt Ltd,1
3525,Has relevent experience,>20,,,1
10185,Has relevent experience,2,,,1
11064,No relevent experience,3,,,2
6842,Has relevent experience,3,<10,Pvt Ltd,never
20298,Has relevent experience,9,10/49,Funded Startup,2
19191,No relevent experience,11,100-500,Funded Startup,1
15025,No relevent experience,6,50-99,Pvt Ltd,1
2823,Has relevent experience,3,50-99,Funded Startup,1
10700,Has relevent experience,3,10/49,,1
31403,Has relevent experience,5,50-99,Pvt Ltd,1
8285,Has relevent experience,18,,,4
29593,Has relevent experience,6,10000+,Pvt Ltd,1
8381,Has relevent experience,5,5000-9999,Pvt Ltd,2
26294,Has relevent experience,15,50-99,Funded Startup,1
6635,Has relevent experience,10,500-999,Pvt Ltd,2
25061,Has relevent experience,14,10/49,Early Stage Startup,2
7059,Has relevent experience,9,50-99,Pvt Ltd,1
22251,No relevent experience,10,100-500,Funded Startup,1
3665,Has relevent experience,>20,<10,Pvt Ltd,never
30156,Has relevent experience,10,500-999,Pvt Ltd,2
6697,Has relevent experience,5,50-99,Pvt Ltd,1
8627,Has relevent experience,8,50-99,Pvt Ltd,1
26176,No relevent experience,2,<10,Early Stage Startup,1
13060,Has relevent experience,>20,10000+,Pvt Ltd,4
13353,Has relevent experience,6,10000+,Pvt Ltd,3
31024,Has relevent experience,5,50-99,Pvt Ltd,2
32865,Has relevent experience,>20,50-99,NGO,1
28279,Has relevent experience,>20,<10,Pvt Ltd,1
16710,Has relevent experience,>20,,,>4
25542,Has relevent experience,14,5000-9999,Pvt Ltd,1
22391,Has relevent experience,2,10000+,Pvt Ltd,2
31600,Has relevent experience,>20,10/49,Pvt Ltd,1
6792,Has relevent experience,12,50-99,Pvt Ltd,2
25384,Has relevent experience,12,<10,Pvt Ltd,2
26274,Has relevent experience,4,10000+,Pvt Ltd,1
13942,Has relevent experience,>20,,,1
3095,No relevent experience,>20,,,>4
29102,Has relevent experience,15,,,2
15518,Has relevent experience,14,100-500,Pvt Ltd,2
23610,No relevent experience,10,100-500,Public Sector,1
12184,No relevent experience,6,100-500,Pvt Ltd,>4
13938,Has relevent experience,6,10000+,Pvt Ltd,1
12607,Has relevent experience,>20,10000+,Pvt Ltd,3
32797,Has relevent experience,16,50-99,Pvt Ltd,1
13105,Has relevent experience,>20,,,>4
23588,No relevent experience,2,,,never
18194,Has relevent experience,>20,100-500,Pvt Ltd,>4
17028,Has relevent experience,>20,<10,Pvt Ltd,4
20334,No relevent experience,2,,,never
33224,Has relevent experience,14,100-500,Pvt Ltd,1
24677,Has relevent experience,>20,500-999,Pvt Ltd,>4
17721,No relevent experience,1,,,
11022,No relevent experience,5,1000-4999,Pvt Ltd,3
15931,No relevent experience,4,,,1
22227,Has relevent experience,>20,,,1
3597,Has relevent experience,4,100-500,Pvt Ltd,3
1489,No relevent experience,3,,Pvt Ltd,never
3348,Has relevent experience,4,10/49,Funded Startup,1
13052,No relevent experience,16,10000+,Pvt Ltd,>4
13095,Has relevent experience,13,100-500,Pvt Ltd,>4
27459,Has relevent experience,9,,,never
25536,Has relevent experience,>20,10/49,Pvt Ltd,>4
9879,Has relevent experience,4,50-99,Pvt Ltd,1
16501,Has relevent experience,>20,<10,Funded Startup,>4
17341,Has relevent experience,6,10000+,Pvt Ltd,2
5785,Has relevent experience,20,,,1
14739,No relevent experience,>20,,,2
31038,Has relevent experience,3,10/49,Early Stage Startup,1
1325,Has relevent experience,6,<10,Funded Startup,1
4927,No relevent experience,11,<10,Pvt Ltd,2
22413,Has relevent experience,10,,,1
9678,Has relevent experience,7,10/49,Early Stage Startup,1
4122,Has relevent experience,9,10000+,Pvt Ltd,1
6376,No relevent experience,5,10/49,NGO,1
6605,Has relevent experience,>20,10/49,Pvt Ltd,>4
4291,Has relevent experience,10,10000+,Pvt Ltd,1
7558,No relevent experience,5,,,never
6667,Has relevent experience,6,10000+,Pvt Ltd,1
33365,Has relevent experience,11,<10,Early Stage Startup,1
3981,Has relevent experience,>20,50-99,Pvt Ltd,2
6579,Has relevent experience,>20,,,>4
29999,Has relevent experience,>20,100-500,Pvt Ltd,>4
18082,No relevent experience,2,,,never
19216,Has relevent experience,10,1000-4999,Pvt Ltd,1
29763,No relevent experience,4,,,1
20619,No relevent experience,5,,,1
24195,No relevent experience,19,,NGO,>4
6872,No relevent experience,6,500-999,Pvt Ltd,>4
18788,Has relevent experience,6,10/49,Pvt Ltd,1
4460,No relevent experience,9,,,never
5842,Has relevent experience,9,10000+,Pvt Ltd,4
17329,No relevent experience,5,,,never
2352,Has relevent experience,3,50-99,Early Stage Startup,3
15621,Has relevent experience,>20,1000-4999,Pvt Ltd,>4
19127,Has relevent experience,8,10000+,Pvt Ltd,1
15043,Has relevent experience,>20,10/49,Early Stage Startup,1
18766,Has relevent experience,>20,10/49,Pvt Ltd,2
18527,Has relevent experience,14,50-99,Pvt Ltd,1
13845,Has relevent experience,5,50-99,Pvt Ltd,2
30813,Has relevent experience,>20,50-99,Pvt Ltd,>4
12241,Has relevent experience,>20,500-999,,never
954,Has relevent experience,15,50-99,Pvt Ltd,>4
8167,No relevent experience,16,100-500,Funded Startup,>4
22584,Has relevent experience,8,100-500,Pvt Ltd,2
12536,No relevent experience,3,,,1
26781,Has relevent experience,19,1000-4999,Pvt Ltd,>4
19983,Has relevent experience,16,500-999,Pvt Ltd,>4
18394,No relevent experience,3,,,never
22306,Has relevent experience,2,,,1
24271,Has relevent experience,2,50-99,Early Stage Startup,1
25402,Has relevent experience,7,,,3
8298,No relevent experience,7,,,never
9030,Has relevent experience,12,100-500,Funded Startup,1
31757,Has relevent experience,12,100-500,Pvt Ltd,1
32602,Has relevent experience,>20,,,1
1238,Has relevent experience,14,10/49,Funded Startup,2
33132,Has relevent experience,9,,,2
26917,Has relevent experience,8,100-500,Pvt Ltd,3
8073,No relevent experience,5,10/49,Public Sector,1
17318,Has relevent experience,8,,,1
13512,No relevent experience,5,,,never
22909,Has relevent experience,17,1000-4999,Pvt Ltd,>4
5912,No relevent experience,3,<10,Pvt Ltd,
14929,Has relevent experience,6,100-500,,1
731,No relevent experience,5,,,never
8557,No relevent experience,>20,,Pvt Ltd,>4
18416,Has relevent experience,11,,,1
8290,Has relevent experience,5,100-500,Pvt Ltd,1
8929,Has relevent experience,>20,,,4
18388,No relevent experience,9,,,never
22170,No relevent experience,5,<10,Public Sector,1
9169,Has relevent experience,11,50-99,,never
11112,Has relevent experience,>20,1000-4999,Pvt Ltd,1
16298,Has relevent experience,5,10000+,,never
10026,No relevent experience,9,100-500,,1
33169,Has relevent experience,3,,,1
22681,Has relevent experience,8,50-99,Pvt Ltd,1
28887,No relevent experience,5,<10,Early Stage Startup,never
15696,Has relevent experience,5,10000+,Pvt Ltd,1
983,No relevent experience,13,,,>4
23983,Has relevent experience,>20,10000+,Pvt Ltd,>4
12738,Has relevent experience,8,,,>4
17160,No relevent experience,2,,,never
32627,Has relevent experience,>20,,,1
29456,Has relevent experience,11,<10,Early Stage Startup,1
2960,No relevent experience,14,,,1
6479,Has relevent experience,17,10/49,Pvt Ltd,3
9695,Has relevent experience,>20,,,3
5606,Has relevent experience,7,10000+,Pvt Ltd,never
19367,Has relevent experience,10,10/49,Pvt Ltd,4
23356,Has relevent experience,8,100-500,Pvt Ltd,1
13198,Has relevent experience,19,100-500,Pvt Ltd,2
26588,Has relevent experience,11,10000+,Pvt Ltd,1
17027,No relevent experience,>20,,,3
16342,Has relevent experience,5,,,1
17359,No relevent experience,2,,,never
27335,Has relevent experience,12,<10,Early Stage Startup,2
3406,Has relevent experience,>20,<10,Pvt Ltd,>4
25127,Has relevent experience,5,100-500,Pvt Ltd,2
16741,No relevent experience,9,,,1
26086,Has relevent experience,5,10000+,Pvt Ltd,1
2848,Has relevent experience,6,50-99,Funded Startup,1
21687,Has relevent experience,10,,,>4
28464,Has relevent experience,15,10000+,Pvt Ltd,>4
26377,Has relevent experience,13,,,>4
10480,No relevent experience,<1,,,1
21748,No relevent experience,1,,,never
21352,Has relevent experience,7,100-500,Pvt Ltd,2
21629,Has relevent experience,2,10000+,Pvt Ltd,1
4680,No relevent experience,1,,Pvt Ltd,never
19758,No relevent experience,1,50-99,,never
8421,No relevent experience,3,500-999,Pvt Ltd,1
31968,Has relevent experience,6,100-500,Pvt Ltd,1
32656,No relevent experience,1,,,never
3473,Has relevent experience,>20,50-99,Pvt Ltd,>4
21398,No relevent experience,16,1000-4999,Pvt Ltd,4
27841,Has relevent experience,>20,<10,Early Stage Startup,1
19354,Has relevent experience,>20,,,3
9245,No relevent experience,>20,,,3
13160,Has relevent experience,>20,5000-9999,Public Sector,>4
29823,No relevent experience,>20,100-500,Public Sector,>4
22545,Has relevent experience,>20,,,>4
29978,Has relevent experience,6,,,4
12654,Has relevent experience,3,100-500,Pvt Ltd,3
23993,No relevent experience,17,,,never
16898,No relevent experience,>20,10/49,Pvt Ltd,1
23801,Has relevent experience,7,1000-4999,Pvt Ltd,3
7866,Has relevent experience,10,10/49,Pvt Ltd,4
13257,Has relevent experience,7,1000-4999,Pvt Ltd,1
24000,Has relevent experience,3,,,never
11033,Has relevent experience,14,<10,Pvt Ltd,>4
28850,Has relevent experience,8,50-99,Pvt Ltd,>4
18151,Has relevent experience,10,500-999,Pvt Ltd,1
16895,Has relevent experience,5,50-99,Pvt Ltd,>4
29490,Has relevent experience,4,50-99,Pvt Ltd,3
4348,Has relevent experience,7,500-999,Pvt Ltd,1
14922,Has relevent experience,3,1000-4999,Pvt Ltd,2
29759,Has relevent experience,16,,,never
12258,Has relevent experience,17,100-500,Pvt Ltd,>4
33227,No relevent experience,<1,,,1
12912,No relevent experience,1,,,1
22326,No relevent experience,3,,,never
25030,No relevent experience,<1,,,never
15172,Has relevent experience,11,50-99,Pvt Ltd,>4
14695,No relevent experience,7,,,1
23139,Has relevent experience,>20,,,1
2776,Has relevent experience,>20,,,4
26829,No relevent experience,>20,,,1
30547,No relevent experience,3,,,1
23127,No relevent experience,3,100-500,NGO,1
14306,Has relevent experience,>20,1000-4999,Pvt Ltd,2
19617,Has relevent experience,1,10/49,,1
17670,No relevent experience,>20,10000+,Pvt Ltd,4
23823,No relevent experience,2,,,never
320,Has relevent experience,>20,,,2
32961,No relevent experience,4,,Pvt Ltd,never
12958,Has relevent experience,4,100-500,Pvt Ltd,never
7822,Has relevent experience,9,1000-4999,Public Sector,1
26571,Has relevent experience,6,100-500,NGO,1
7116,Has relevent experience,>20,100-500,Pvt Ltd,1
8946,No relevent experience,4,50-99,Pvt Ltd,1
24084,Has relevent experience,8,500-999,Pvt Ltd,1
8676,Has relevent experience,>20,50-99,Pvt Ltd,>4
27160,Has relevent experience,>20,100-500,NGO,4
32055,Has relevent experience,7,100-500,Pvt Ltd,1
8761,No relevent experience,7,100-500,Pvt Ltd,1
2774,Has relevent experience,9,<10,Early Stage Startup,1
22770,Has relevent experience,3,100-500,Pvt Ltd,2
2675,Has relevent experience,10,1000-4999,Pvt Ltd,>4
20255,Has relevent experience,11,10000+,,4
13423,Has relevent experience,6,<10,Pvt Ltd,4
22976,Has relevent experience,7,10/49,Funded Startup,1
17734,No relevent experience,7,,,never
10746,Has relevent experience,18,50-99,Pvt Ltd,>4
14363,Has relevent experience,20,10000+,Pvt Ltd,1
25399,Has relevent experience,5,10/49,NGO,1
30725,Has relevent experience,6,10000+,Pvt Ltd,1
5131,No relevent experience,>20,500-999,Pvt Ltd,1
258,No relevent experience,3,,Pvt Ltd,never
20869,Has relevent experience,<1,,,1
6147,Has relevent experience,15,<10,Early Stage Startup,1
21620,Has relevent experience,3,50-99,Pvt Ltd,1
16179,Has relevent experience,,,,>4
6473,Has relevent experience,,1000-4999,Pvt Ltd,1
20890,Has relevent experience,15,,,1
2031,No relevent experience,5,,,1
11793,No relevent experience,2,,,never
962,Has relevent experience,4,100-500,Funded Startup,1
26219,Has relevent experience,4,,,1
18332,Has relevent experience,12,5000-9999,Public Sector,4
7699,Has relevent experience,>20,,,2
21147,Has relevent experience,7,10000+,Pvt Ltd,1
374,Has relevent experience,9,5000-9999,Public Sector,2
21149,Has relevent experience,>20,10000+,Pvt Ltd,never
3094,Has relevent experience,>20,50-99,Pvt Ltd,2
5837,No relevent experience,8,10000+,Public Sector,2
12097,Has relevent experience,6,10000+,Public Sector,1
22408,Has relevent experience,9,1000-4999,Pvt Ltd,4
4141,Has relevent experience,4,10000+,Pvt Ltd,1
16335,Has relevent experience,2,50-99,Funded Startup,1
11961,Has relevent experience,7,1000-4999,Pvt Ltd,2
23454,Has relevent experience,17,50-99,Pvt Ltd,>4
4493,Has relevent experience,7,1000-4999,Pvt Ltd,>4
19009,No relevent experience,<1,,,2
5600,Has relevent experience,4,50-99,Pvt Ltd,4
16957,Has relevent experience,>20,100-500,Pvt Ltd,1
23604,No relevent experience,>20,50-99,NGO,>4
2455,Has relevent experience,17,100-500,Pvt Ltd,2
28891,Has relevent experience,>20,10000+,Pvt Ltd,>4
29724,No relevent experience,7,,,never
270,No relevent experience,6,,Pvt Ltd,never
3550,No relevent experience,15,,,>4
28555,No relevent experience,3,,,never
31736,Has relevent experience,7,10000+,Pvt Ltd,>4
31598,Has relevent experience,>20,50-99,Pvt Ltd,>4
14609,Has relevent experience,9,500-999,Pvt Ltd,4
6505,Has relevent experience,8,10000+,Pvt Ltd,2
1894,Has relevent experience,3,50-99,Pvt Ltd,1
23654,No relevent experience,4,,,
3704,No relevent experience,8,,Pvt Ltd,never
15368,Has relevent experience,>20,10000+,Pvt Ltd,>4
12028,No relevent experience,2,,,
18878,Has relevent experience,10,,,1
32042,Has relevent experience,>20,<10,Early Stage Startup,1
15203,No relevent experience,3,,,never
29941,Has relevent experience,10,10000+,Pvt Ltd,4
23567,No relevent experience,>20,,,>4
13888,Has relevent experience,3,10/49,Pvt Ltd,1
11555,Has relevent experience,>20,,,>4
5225,Has relevent experience,>20,100-500,Funded Startup,3
31884,Has relevent experience,9,100-500,Pvt Ltd,>4
18343,Has relevent experience,10,,,3
24634,Has relevent experience,>20,,,2
19026,No relevent experience,14,100-500,Pvt Ltd,>4
20450,Has relevent experience,9,,,>4
21599,Has relevent experience,>20,1000-4999,Public Sector,1
22864,Has relevent experience,>20,100-500,Pvt Ltd,1
3826,No relevent experience,>20,500-999,Pvt Ltd,1
8473,Has relevent experience,15,,,4
19056,No relevent experience,6,10/49,NGO,1
19915,No relevent experience,10,500-999,Pvt Ltd,2
24927,No relevent experience,4,500-999,Public Sector,
14625,No relevent experience,7,10000+,Pvt Ltd,1
8668,Has relevent experience,14,100-500,Pvt Ltd,1
22156,Has relevent experience,>20,500-999,Pvt Ltd,2
7635,Has relevent experience,11,50-99,,
7893,No relevent experience,4,,,never
5933,No relevent experience,3,,,1
12319,No relevent experience,2,,,1
24492,Has relevent experience,12,10/49,Pvt Ltd,>4
5096,Has relevent experience,>20,100-500,Pvt Ltd,1
28479,Has relevent experience,6,,,1
23593,Has relevent experience,>20,10000+,Pvt Ltd,never
10806,No relevent experience,8,50-99,Pvt Ltd,1
4706,No relevent experience,9,10/49,Funded Startup,2
25383,Has relevent experience,10,100-500,Pvt Ltd,3
20526,Has relevent experience,<1,50-99,Pvt Ltd,1
7436,No relevent experience,<1,50-99,Pvt Ltd,1
5997,Has relevent experience,11,50-99,Pvt Ltd,>4
29035,Has relevent experience,11,,,2
6992,Has relevent experience,6,500-999,Pvt Ltd,1
13898,Has relevent experience,7,,,1
7816,Has relevent experience,8,50-99,Public Sector,2
12450,No relevent experience,<1,<10,Pvt Ltd,1
580,Has relevent experience,>20,10/49,Public Sector,>4
31313,No relevent experience,7,5000-9999,Pvt Ltd,1
15366,No relevent experience,<1,,,never
4001,Has relevent experience,>20,,,>4
1328,No relevent experience,4,,,2
26268,Has relevent experience,8,50-99,,2
12054,Has relevent experience,8,,,1
29745,No relevent experience,7,,,1
30761,Has relevent experience,4,10000+,Pvt Ltd,1
18628,Has relevent experience,18,10/49,Pvt Ltd,1
10172,Has relevent experience,>20,10/49,Pvt Ltd,>4
13430,Has relevent experience,10,100-500,Pvt Ltd,2
21256,No relevent experience,2,,,never
3967,No relevent experience,4,,Pvt Ltd,never
7743,Has relevent experience,10,10000+,Pvt Ltd,1
7340,No relevent experience,10,,,never
3644,No relevent experience,3,,Pvt Ltd,never
19418,No relevent experience,3,,,never
16603,Has relevent experience,3,10/49,Pvt Ltd,1
495,No relevent experience,15,5000-9999,Pvt Ltd,1
16864,No relevent experience,6,,,>4
26257,Has relevent experience,>20,50-99,Pvt Ltd,>4
19570,No relevent experience,<1,,,1
8044,No relevent experience,4,,Pvt Ltd,never
18580,Has relevent experience,10,1000-4999,Pvt Ltd,2
31897,Has relevent experience,14,10000+,Pvt Ltd,>4
15617,Has relevent experience,11,10/49,Pvt Ltd,2
17858,Has relevent experience,9,50-99,Pvt Ltd,4
30190,Has relevent experience,>20,,,>4
29406,Has relevent experience,9,<10,Early Stage Startup,1
5063,Has relevent experience,>20,10000+,Pvt Ltd,4
24854,Has relevent experience,7,10000+,Pvt Ltd,1
23516,No relevent experience,5,<10,Pvt Ltd,2
16256,Has relevent experience,>20,1000-4999,Pvt Ltd,>4
1906,Has relevent experience,11,<10,Pvt Ltd,1
25469,Has relevent experience,7,100-500,Pvt Ltd,1
24883,No relevent experience,<1,,,>4
32946,No relevent experience,1,,Pvt Ltd,never
24431,No relevent experience,2,500-999,Pvt Ltd,1
16038,No relevent experience,3,1000-4999,Pvt Ltd,never
18601,No relevent experience,14,,,1
14136,Has relevent experience,>20,<10,Pvt Ltd,>4
5862,Has relevent experience,>20,,,>4
13640,Has relevent experience,15,50-99,Public Sector,1
12713,Has relevent experience,1,50-99,Pvt Ltd,1
9525,No relevent experience,11,,,never
11223,Has relevent experience,4,50-99,Funded Startup,1
10800,Has relevent experience,>20,100-500,Pvt Ltd,>4
10115,Has relevent experience,7,,,2
10839,No relevent experience,3,50-99,Funded Startup,1
3418,Has relevent experience,6,1000-4999,Pvt Ltd,1
8800,No relevent experience,2,50-99,Public Sector,2
32599,Has relevent experience,6,50-99,Pvt Ltd,4
11954,Has relevent experience,>20,<10,Pvt Ltd,>4
23470,Has relevent experience,>20,5000-9999,Pvt Ltd,>4
22807,Has relevent experience,7,100-500,Pvt Ltd,2
14245,Has relevent experience,19,500-999,Funded Startup,1
18089,No relevent experience,<1,,,1
6099,No relevent experience,5,50-99,NGO,2
29366,Has relevent experience,5,50-99,Pvt Ltd,>4
5365,Has relevent experience,5,,,4
6357,Has relevent experience,12,,,never
1303,No relevent experience,>20,,,>4
14492,Has relevent experience,3,10/49,Early Stage Startup,2
28979,No relevent experience,7,,,2
26921,Has relevent experience,9,10/49,Pvt Ltd,1
26414,Has relevent experience,16,,,>4
6897,Has relevent experience,20,1000-4999,Pvt Ltd,1
25718,Has relevent experience,5,100-500,Pvt Ltd,>4
26105,Has relevent experience,>20,10000+,Pvt Ltd,2
33023,Has relevent experience,>20,50-99,Public Sector,>4
33301,Has relevent experience,14,10/49,NGO,2
17961,Has relevent experience,6,50-99,Pvt Ltd,2
6850,Has relevent experience,>20,50-99,,>4
22845,Has relevent experience,5,100-500,Pvt Ltd,3
1038,Has relevent experience,13,<10,Pvt Ltd,>4
16280,No relevent experience,5,10000+,Pvt Ltd,1
21652,No relevent experience,5,,,never
18673,Has relevent experience,9,500-999,,1
7990,Has relevent experience,9,100-500,Pvt Ltd,>4
6668,Has relevent experience,9,100-500,Pvt Ltd,2
2304,Has relevent experience,15,10/49,Pvt Ltd,4
29544,Has relevent experience,11,50-99,Pvt Ltd,1
4355,No relevent experience,4,5000-9999,Public Sector,never
26886,No relevent experience,>20,,,>4
21464,No relevent experience,2,,,1
7637,No relevent experience,3,,,
28745,Has relevent experience,7,100-500,Pvt Ltd,2
9287,Has relevent experience,>20,1000-4999,Pvt Ltd,3
8456,Has relevent experience,>20,100-500,Pvt Ltd,2
31184,Has relevent experience,8,10/49,Pvt Ltd,1
4821,Has relevent experience,9,1000-4999,Pvt Ltd,>4
718,Has relevent experience,8,,,2
22074,Has relevent experience,8,100-500,Pvt Ltd,3
16734,No relevent experience,5,,,never
2698,No relevent experience,12,10000+,Public Sector,3
23308,No relevent experience,<1,,,1
18536,Has relevent experience,4,1000-4999,Pvt Ltd,3
31956,Has relevent experience,10,100-500,Pvt Ltd,2
30911,Has relevent experience,9,100-500,Pvt Ltd,1
32306,Has relevent experience,14,10000+,Pvt Ltd,1
21587,No relevent experience,<1,10/49,Pvt Ltd,1
17878,Has relevent experience,>20,,,>4
8960,Has relevent experience,13,50-99,Pvt Ltd,3
5211,No relevent experience,<1,50-99,NGO,
4436,Has relevent experience,>20,,,>4
25507,Has relevent experience,6,50-99,,1
20936,Has relevent experience,15,,,>4
26874,No relevent experience,>20,100-500,Pvt Ltd,1
13303,No relevent experience,9,50-99,Public Sector,>4
3115,Has relevent experience,1,<10,Early Stage Startup,1
10270,Has relevent experience,>20,100-500,Pvt Ltd,>4
6895,Has relevent experience,8,100-500,Public Sector,2
17138,Has relevent experience,8,10000+,Pvt Ltd,never
3805,Has relevent experience,4,500-999,,1
2886,No relevent experience,>20,500-999,Pvt Ltd,>4
17717,No relevent experience,2,,,2
19334,Has relevent experience,>20,100-500,Pvt Ltd,2
28328,Has relevent experience,10,,,4
27200,Has relevent experience,>20,,,1
28012,No relevent experience,3,10/49,Pvt Ltd,1
31717,No relevent experience,12,,,never
11047,No relevent experience,3,,,never
4006,No relevent experience,6,,,never
6631,Has relevent experience,4,50-99,Early Stage Startup,1
23232,Has relevent experience,1,<10,Early Stage Startup,1
25546,Has relevent experience,2,50-99,,1
65,Has relevent experience,2,50-99,Pvt Ltd,1
31382,Has relevent experience,>20,5000-9999,Other,>4
26338,Has relevent experience,4,10000+,Public Sector,1
14655,Has relevent experience,>20,50-99,Pvt Ltd,>4
11099,Has relevent experience,,1000-4999,,
21782,Has relevent experience,4,50-99,,1
22210,Has relevent experience,>20,,,4
1723,Has relevent experience,8,10000+,Pvt Ltd,2
18821,Has relevent experience,10,500-999,,1
10193,No relevent experience,9,,,never
11997,Has relevent experience,12,10/49,Early Stage Startup,1
31255,No relevent experience,3,100-500,Pvt Ltd,1
2147,Has relevent experience,15,10000+,Pvt Ltd,>4
2240,Has relevent experience,2,10/49,Pvt Ltd,2
29826,No relevent experience,<1,,,never
9982,No relevent experience,5,,,2
15754,No relevent experience,1,50-99,Public Sector,1
18818,Has relevent experience,7,,,3
28837,Has relevent experience,>20,,,1
7056,Has relevent experience,15,10/49,Pvt Ltd,never
22725,No relevent experience,4,,,never
30575,Has relevent experience,11,,,1
11083,Has relevent experience,14,5000-9999,Pvt Ltd,>4
6436,Has relevent experience,5,1000-4999,,never
16398,Has relevent experience,>20,100-500,NGO,>4
12302,Has relevent experience,>20,10000+,Pvt Ltd,4
20623,Has relevent experience,>20,50-99,Pvt Ltd,>4
13794,Has relevent experience,6,100-500,Pvt Ltd,1
29296,No relevent experience,5,100-500,Funded Startup,1
26557,Has relevent experience,>20,,,>4
11173,No relevent experience,5,,,never
20338,No relevent experience,4,,,1
9183,Has relevent experience,12,50-99,Pvt Ltd,>4
32517,No relevent experience,>20,10000+,Pvt Ltd,1
2747,Has relevent experience,15,100-500,Funded Startup,1
5444,Has relevent experience,15,100-500,Funded Startup,2
17631,No relevent experience,2,,,1
2293,Has relevent experience,<1,50-99,Pvt Ltd,1
18040,Has relevent experience,9,100-500,,1
4445,Has relevent experience,9,100-500,Public Sector,2
28987,No relevent experience,4,<10,Funded Startup,never
17534,Has relevent experience,3,50-99,Funded Startup,1
11825,Has relevent experience,18,50-99,Pvt Ltd,>4
19293,Has relevent experience,9,,,1
17650,Has relevent experience,>20,100-500,Public Sector,>4
11937,Has relevent experience,4,100-500,NGO,1
23077,Has relevent experience,>20,,,>4
83,Has relevent experience,5,50-99,Pvt Ltd,1
27222,No relevent experience,5,100-500,Pvt Ltd,1
28650,Has relevent experience,13,10000+,Pvt Ltd,1
2477,Has relevent experience,11,,,>4
1320,Has relevent experience,13,100-500,Pvt Ltd,>4
18501,Has relevent experience,15,,,>4
14674,No relevent experience,14,5000-9999,Pvt Ltd,3
14531,Has relevent experience,11,10000+,Pvt Ltd,>4
12516,Has relevent experience,>20,,Public Sector,>4
2168,No relevent experience,2,100-500,NGO,1
1386,Has relevent experience,10,10000+,Pvt Ltd,1
33262,Has relevent experience,8,,,1
4019,Has relevent experience,4,100-500,Pvt Ltd,1
3123,Has relevent experience,>20,100-500,Pvt Ltd,>4
33147,No relevent experience,3,,,never
4252,Has relevent experience,>20,,,>4
24504,Has relevent experience,5,500-999,NGO,1
15767,Has relevent experience,4,100-500,Pvt Ltd,3
11497,Has relevent experience,7,10/49,Pvt Ltd,4
12124,Has relevent experience,11,<10,Pvt Ltd,2
2272,Has relevent experience,14,1000-4999,Pvt Ltd,1
21288,Has relevent experience,3,50-99,Pvt Ltd,1
21553,Has relevent experience,15,100-500,Pvt Ltd,>4
24515,Has relevent experience,10,,,1
17807,Has relevent experience,>20,100-500,Pvt Ltd,>4
23182,Has relevent experience,6,50-99,Pvt Ltd,1
18798,Has relevent experience,7,,,never
7138,Has relevent experience,4,10/49,Pvt Ltd,2
11865,Has relevent experience,>20,500-999,Pvt Ltd,1
30408,Has relevent experience,5,50-99,Pvt Ltd,1
16833,Has relevent experience,>20,10000+,Pvt Ltd,>4
29324,No relevent experience,4,,,never
13497,Has relevent experience,14,500-999,Pvt Ltd,>4
3242,No relevent experience,2,<10,Pvt Ltd,1
25234,Has relevent experience,14,10000+,Pvt Ltd,4
14536,No relevent experience,19,,,>4
21645,Has relevent experience,10,10000+,Pvt Ltd,1
4157,No relevent experience,3,1000-4999,Pvt Ltd,1
4257,No relevent experience,1,,Pvt Ltd,never
24173,No relevent experience,<1,,,4
11477,Has relevent experience,2,100-500,Other,1
8576,Has relevent experience,>20,10000+,Pvt Ltd,>4
21884,Has relevent experience,16,50-99,Pvt Ltd,>4
13916,No relevent experience,5,,,never
24437,Has relevent experience,2,1000-4999,Pvt Ltd,2
31151,Has relevent experience,3,50-99,Pvt Ltd,1
14168,No relevent experience,3,50-99,Pvt Ltd,1
10202,No relevent experience,7,,Public Sector,1
23462,Has relevent experience,14,,,>4
30031,Has relevent experience,>20,5000-9999,Pvt Ltd,2
9668,Has relevent experience,8,,Pvt Ltd,1
30012,Has relevent experience,17,500-999,Pvt Ltd,1
21342,Has relevent experience,5,50-99,Pvt Ltd,2
29849,Has relevent experience,10,100-500,Pvt Ltd,>4
10695,Has relevent experience,4,50-99,Pvt Ltd,1
9402,Has relevent experience,12,50-99,,1
4309,Has relevent experience,3,500-999,Pvt Ltd,never
29954,No relevent experience,4,,,never
12935,Has relevent experience,12,,,1
24819,Has relevent experience,9,5000-9999,Pvt Ltd,4
12299,Has relevent experience,13,500-999,Funded Startup,1
18079,No relevent experience,<1,,,never
25309,No relevent experience,15,10000+,Pvt Ltd,3
28965,Has relevent experience,10,10000+,Pvt Ltd,4
10883,Has relevent experience,<1,10/49,Funded Startup,1
21706,Has relevent experience,11,100-500,Pvt Ltd,1
30393,Has relevent experience,>20,10/49,Pvt Ltd,1
24134,Has relevent experience,9,100-500,Pvt Ltd,4
3184,Has relevent experience,14,100-500,Pvt Ltd,2
22089,No relevent experience,4,50-99,,1
14690,Has relevent experience,4,100-500,Pvt Ltd,1
9222,Has relevent experience,>20,100-500,,2
19302,Has relevent experience,>20,10/49,Pvt Ltd,>4
15835,Has relevent experience,5,100-500,Pvt Ltd,2
10022,Has relevent experience,7,10/49,Early Stage Startup,4
4427,Has relevent experience,>20,,,>4
5326,No relevent experience,4,,,1
20784,Has relevent experience,8,500-999,Pvt Ltd,1
19803,Has relevent experience,4,100-500,Pvt Ltd,1
33194,Has relevent experience,4,10/49,Pvt Ltd,2
9211,Has relevent experience,5,,,
8054,Has relevent experience,>20,10000+,Public Sector,>4
27165,No relevent experience,2,,,1
14031,Has relevent experience,6,500-999,,1
9811,No relevent experience,<1,,,2
13911,No relevent experience,4,,,never
8376,No relevent experience,4,1000-4999,Pvt Ltd,1
21985,Has relevent experience,16,,Pvt Ltd,2
15890,Has relevent experience,15,1000-4999,Pvt Ltd,3
12578,Has relevent experience,>20,50-99,Pvt Ltd,2
4757,Has relevent experience,>20,,,1
20019,Has relevent experience,13,,,never
4077,Has relevent experience,6,10000+,Pvt Ltd,4
20117,Has relevent experience,15,50-99,Pvt Ltd,1
16950,Has relevent experience,6,10000+,Pvt Ltd,2
10265,Has relevent experience,11,50-99,Pvt Ltd,>4
24428,No relevent experience,<1,50-99,Pvt Ltd,1
13803,Has relevent experience,6,50-99,Pvt Ltd,3
10174,Has relevent experience,16,50-99,Pvt Ltd,2
25141,Has relevent experience,4,500-999,,never
30118,No relevent experience,14,,,3
24327,Has relevent experience,7,50-99,Early Stage Startup,1
20386,Has relevent experience,6,50-99,Early Stage Startup,1
23360,No relevent experience,2,,,never
18231,Has relevent experience,4,<10,Pvt Ltd,1
25694,No relevent experience,16,1000-4999,Public Sector,>4
19225,Has relevent experience,>20,1000-4999,Pvt Ltd,>4
32703,Has relevent experience,10,,,>4
20600,Has relevent experience,16,,,1
8259,Has relevent experience,>20,1000-4999,Pvt Ltd,>4
10741,Has relevent experience,2,50-99,Pvt Ltd,1
22635,Has relevent experience,8,50-99,Pvt Ltd,1
12925,No relevent experience,4,,,never
1970,No relevent experience,15,,Pvt Ltd,
15731,No relevent experience,5,,,never
3549,Has relevent experience,>20,1000-4999,Pvt Ltd,>4
13503,Has relevent experience,4,10/49,,2
15983,Has relevent experience,8,100-500,Pvt Ltd,1
15479,No relevent experience,3,,,1
22314,Has relevent experience,>20,500-999,Funded Startup,1
6495,Has relevent experience,3,10/49,Early Stage Startup,1
1015,Has relevent experience,>20,50-99,Pvt Ltd,1
20370,Has relevent experience,9,10000+,Pvt Ltd,1
10577,Has relevent experience,20,,,1
12692,No relevent experience,4,,,
17390,Has relevent experience,10,50-99,Pvt Ltd,1
19248,No relevent experience,5,,,2
23725,No relevent experience,4,,,never
1212,Has relevent experience,5,10/49,Pvt Ltd,1
19014,Has relevent experience,10,,,2
6251,No relevent experience,7,500-999,Pvt Ltd,1
1388,Has relevent experience,5,1000-4999,Public Sector,1
9587,No relevent experience,4,50-99,Pvt Ltd,never
28675,No relevent experience,<1,,,1
10820,No relevent experience,5,,,1
24898,No relevent experience,5,10/49,,1
8047,Has relevent experience,14,,Pvt Ltd,1
26922,Has relevent experience,18,,,1
6868,Has relevent experience,19,100-500,Pvt Ltd,>4
33122,Has relevent experience,>20,100-500,Pvt Ltd,2
20862,No relevent experience,5,,,never
7239,Has relevent experience,9,,,1
11053,Has relevent experience,4,<10,Early Stage Startup,1
599,Has relevent experience,>20,10000+,Pvt Ltd,3
10504,Has relevent experience,>20,50-99,Pvt Ltd,>4
21773,Has relevent experience,>20,50-99,Pvt Ltd,>4
6576,Has relevent experience,15,50-99,Pvt Ltd,>4
14708,Has relevent experience,3,500-999,Pvt Ltd,1
448,No relevent experience,14,10/49,Pvt Ltd,never
27259,Has relevent experience,>20,500-999,Pvt Ltd,1
20186,No relevent experience,8,,,never
46,Has relevent experience,6,50-99,Public Sector,2
22175,No relevent experience,6,,,never
18237,Has relevent experience,6,5000-9999,Pvt Ltd,1
26061,Has relevent experience,4,100-500,NGO,4
30972,Has relevent experience,12,100-500,Pvt Ltd,1
31580,Has relevent experience,7,1000-4999,Pvt Ltd,4
30002,Has relevent experience,<1,<10,Funded Startup,1
10008,Has relevent experience,7,500-999,Other,1
3850,No relevent experience,10,,Public Sector,never
31540,Has relevent experience,13,,,1
32982,Has relevent experience,14,<10,Early Stage Startup,1
23097,Has relevent experience,2,100-500,Funded Startup,2
927,Has relevent experience,15,<10,Early Stage Startup,1
31616,No relevent experience,15,100-500,Pvt Ltd,2
7741,No relevent experience,>20,10000+,Public Sector,>4
26159,Has relevent experience,>20,10000+,Pvt Ltd,2
31340,Has relevent experience,>20,100-500,Pvt Ltd,>4
21050,Has relevent experience,9,<10,Funded Startup,4
26744,Has relevent experience,>20,50-99,Pvt Ltd,2
23396,Has relevent experience,10,<10,Pvt Ltd,1
3517,No relevent experience,>20,50-99,Funded Startup,1
16888,Has relevent experience,4,10/49,Pvt Ltd,1
1717,Has relevent experience,10,10000+,Pvt Ltd,2
21610,Has relevent experience,9,,,4
23166,Has relevent experience,4,50-99,Pvt Ltd,1
3739,Has relevent experience,12,5000-9999,Public Sector,3
29041,Has relevent experience,17,5000-9999,Pvt Ltd,>4
6898,No relevent experience,>20,100-500,Pvt Ltd,4
776,Has relevent experience,>20,50-99,Pvt Ltd,>4
17711,No relevent experience,5,,,never
2007,Has relevent experience,5,<10,Pvt Ltd,1
4760,No relevent experience,8,,,1
9867,Has relevent experience,>20,,,3
27922,Has relevent experience,4,50-99,Pvt Ltd,2
28372,No relevent experience,1,,,never
23499,Has relevent experience,12,10/49,Early Stage Startup,1
11560,Has relevent experience,>20,10000+,Pvt Ltd,1
33072,No relevent experience,5,,,1
30077,Has relevent experience,4,10000+,Pvt Ltd,3
3567,No relevent experience,>20,500-999,Public Sector,never
19601,Has relevent experience,19,1000-4999,Pvt Ltd,>4
1351,No relevent experience,4,1000-4999,Pvt Ltd,1
29866,Has relevent experience,7,50-99,Pvt Ltd,1
14328,Has relevent experience,2,10/49,Pvt Ltd,1
12540,Has relevent experience,>20,10/49,Pvt Ltd,>4
13892,No relevent experience,3,,,1
23500,No relevent experience,3,,,never
16668,Has relevent experience,11,10/49,Funded Startup,1
13658,No relevent experience,9,,,1
7188,Has relevent experience,>20,10000+,Pvt Ltd,1
31980,Has relevent experience,12,10/49,Pvt Ltd,1
26346,Has relevent experience,>20,50-99,Pvt Ltd,3
20342,No relevent experience,5,,,1
33119,No relevent experience,7,,Public Sector,2
5183,Has relevent experience,11,500-999,Pvt Ltd,2
20552,Has relevent experience,15,,,never
13094,Has relevent experience,5,50-99,Pvt Ltd,4
15559,Has relevent experience,>20,10/49,Pvt Ltd,2
10769,Has relevent experience,>20,<10,Early Stage Startup,
24666,No relevent experience,>20,,Public Sector,3
20847,Has relevent experience,9,50-99,Pvt Ltd,>4
28413,No relevent experience,5,,,2
26677,No relevent experience,4,50-99,Pvt Ltd,never
17128,No relevent experience,2,,,1
13294,No relevent experience,6,,,>4
29496,Has relevent experience,4,,Pvt Ltd,1
30800,No relevent experience,,500-999,,1
29907,Has relevent experience,10,50-99,Funded Startup,1
24825,Has relevent experience,7,50-99,,
17661,No relevent experience,4,100-500,Public Sector,1
2726,Has relevent experience,19,100-500,Pvt Ltd,1
25039,No relevent experience,1,,,1
17447,Has relevent experience,11,10000+,,>4
32641,No relevent experience,3,,,
8794,Has relevent experience,>20,100-500,Pvt Ltd,1
1242,Has relevent experience,>20,,,never
4244,Has relevent experience,5,50-99,Pvt Ltd,1
20592,Has relevent experience,>20,,Pvt Ltd,>4
9851,Has relevent experience,7,500-999,Other,2
27851,Has relevent experience,16,1000-4999,Pvt Ltd,>4
6485,Has relevent experience,5,5000-9999,Pvt Ltd,1
13143,Has relevent experience,10,10000+,Pvt Ltd,1
30131,Has relevent experience,4,100-500,Pvt Ltd,1
10271,Has relevent experience,4,10000+,Pvt Ltd,1
32347,No relevent experience,13,10000+,Pvt Ltd,>4
13863,Has relevent experience,7,100-500,Pvt Ltd,1
9954,Has relevent experience,5,50-99,,>4
31977,No relevent experience,7,,Pvt Ltd,never
2248,Has relevent experience,12,50-99,Pvt Ltd,1
4045,No relevent experience,>20,,,>4
4912,No relevent experience,2,10/49,,never
24718,No relevent experience,4,,,never
22685,Has relevent experience,>20,,,3
16588,No relevent experience,4,100-500,,1
2867,Has relevent experience,11,100-500,Pvt Ltd,1
12425,No relevent experience,>20,500-999,Public Sector,>4
30673,Has relevent experience,9,50-99,Pvt Ltd,3
30635,Has relevent experience,8,,,1
27554,Has relevent experience,14,,,1
23938,Has relevent experience,18,,,>4
1064,Has relevent experience,6,1000-4999,Other,>4
14100,Has relevent experience,>20,1000-4999,Pvt Ltd,1
25206,Has relevent experience,>20,<10,Pvt Ltd,2
17802,Has relevent experience,9,10000+,Pvt Ltd,>4
8521,Has relevent experience,3,,,1
14484,Has relevent experience,3,<10,Early Stage Startup,1
32821,Has relevent experience,5,1000-4999,Public Sector,2
7313,No relevent experience,12,100-500,,2
16325,Has relevent experience,10,10/49,NGO,1
30478,Has relevent experience,10,10000+,Pvt Ltd,1
10853,Has relevent experience,6,50-99,Funded Startup,1
18179,No relevent experience,5,,,1
4692,Has relevent experience,>20,500-999,Pvt Ltd,3
16464,No relevent experience,4,,,never
33106,Has relevent experience,10,10/49,Pvt Ltd,2
19991,Has relevent experience,>20,,,1
15644,Has relevent experience,9,50-99,Pvt Ltd,4
16027,Has relevent experience,12,10000+,Pvt Ltd,2
28795,Has relevent experience,10,100-500,Pvt Ltd,3
2858,No relevent experience,10,10000+,Pvt Ltd,1
22316,Has relevent experience,13,<10,Funded Startup,4
28938,Has relevent experience,14,1000-4999,Pvt Ltd,4
18035,Has relevent experience,8,,,never
32736,No relevent experience,>20,10000+,Public Sector,>4
13801,Has relevent experience,15,10000+,Pvt Ltd,2
20798,No relevent experience,7,,,never
16624,Has relevent experience,2,<10,Pvt Ltd,1
14719,Has relevent experience,2,1000-4999,Pvt Ltd,1
30686,Has relevent experience,4,10000+,Pvt Ltd,1
21924,Has relevent experience,13,1000-4999,Pvt Ltd,4
14266,Has relevent experience,1,100-500,Pvt Ltd,1
2833,Has relevent experience,11,10000+,Pvt Ltd,2
24039,Has relevent experience,15,500-999,Pvt Ltd,2
28483,Has relevent experience,13,10000+,Pvt Ltd,1
16418,Has relevent experience,20,100-500,Pvt Ltd,3
4993,No relevent experience,2,,,never
6715,No relevent experience,2,10/49,Pvt Ltd,1
8813,Has relevent experience,15,50-99,Funded Startup,1
15200,Has relevent experience,10,500-999,Pvt Ltd,>4
25610,No relevent experience,11,,Pvt Ltd,>4
20598,Has relevent experience,4,,,1
32825,Has relevent experience,4,1000-4999,Pvt Ltd,1
31934,Has relevent experience,>20,,,1
14413,Has relevent experience,9,<10,Pvt Ltd,>4
5804,Has relevent experience,5,<10,Early Stage Startup,1
26165,No relevent experience,1,,,1
17965,No relevent experience,2,,,1
32442,Has relevent experience,>20,,,1
2903,Has relevent experience,>20,<10,Pvt Ltd,1
18330,Has relevent experience,8,<10,Pvt Ltd,1
12778,No relevent experience,6,<10,Pvt Ltd,1
4219,Has relevent experience,>20,50-99,NGO,3
28997,Has relevent experience,19,5000-9999,Pvt Ltd,1
23260,No relevent experience,6,,,1
26401,Has relevent experience,5,,,never
16882,Has relevent experience,14,100-500,Pvt Ltd,>4
11597,No relevent experience,,,,2
15602,No relevent experience,6,,,never
12787,Has relevent experience,5,100-500,Pvt Ltd,1
9460,Has relevent experience,9,100-500,,
238,Has relevent experience,6,100-500,Pvt Ltd,>4
11850,No relevent experience,7,,,never
5551,No relevent experience,2,,Pvt Ltd,never
6618,Has relevent experience,7,10000+,Pvt Ltd,4
29880,Has relevent experience,14,1000-4999,Pvt Ltd,>4
25562,Has relevent experience,>20,,,3
29976,No relevent experience,3,,,never
7709,Has relevent experience,10,<10,Funded Startup,1
28123,No relevent experience,>20,,,2
8140,Has relevent experience,<1,100-500,Pvt Ltd,1
5979,Has relevent experience,10,10000+,Pvt Ltd,>4
18926,Has relevent experience,6,50-99,Pvt Ltd,3
27760,Has relevent experience,10,10/49,Early Stage Startup,2
8248,No relevent experience,3,,,1
29687,Has relevent experience,3,5000-9999,Pvt Ltd,2
26622,Has relevent experience,5,100-500,Pvt Ltd,1
21316,Has relevent experience,14,100-500,NGO,1
17339,No relevent experience,3,,,never
2327,Has relevent experience,17,1000-4999,Pvt Ltd,1
17911,Has relevent experience,6,100-500,,never
29293,Has relevent experience,16,1000-4999,Pvt Ltd,1
4142,Has relevent experience,13,1000-4999,NGO,>4
28789,No relevent experience,4,5000-9999,Pvt Ltd,4
22522,Has relevent experience,>20,50-99,Early Stage Startup,>4
22892,Has relevent experience,>20,<10,Pvt Ltd,>4
1116,Has relevent experience,19,10000+,Pvt Ltd,>4
29659,No relevent experience,6,,,1
27579,Has relevent experience,9,100-500,Public Sector,1
3112,Has relevent experience,16,10/49,Funded Startup,4
15081,Has relevent experience,2,<10,Pvt Ltd,1
11257,Has relevent experience,5,100-500,Pvt Ltd,2
29662,Has relevent experience,9,50-99,Pvt Ltd,1
23971,No relevent experience,3,100-500,Public Sector,1
24838,Has relevent experience,8,10000+,Pvt Ltd,1
27853,Has relevent experience,2,<10,Public Sector,never
12910,Has relevent experience,2,100-500,NGO,1
26187,No relevent experience,2,,Public Sector,2
19364,No relevent experience,8,10000+,Pvt Ltd,1
9526,Has relevent experience,3,100-500,Pvt Ltd,1
29012,Has relevent experience,4,10/49,,1
4884,Has relevent experience,>20,50-99,Pvt Ltd,2
27574,No relevent experience,5,,,3
5777,Has relevent experience,1,50-99,Pvt Ltd,never
614,Has relevent experience,17,100-500,Pvt Ltd,1
21002,Has relevent experience,5,<10,Early Stage Startup,1
33302,Has relevent experience,6,10/49,Pvt Ltd,1
26649,Has relevent experience,18,<10,Funded Startup,>4
8344,Has relevent experience,>20,500-999,Pvt Ltd,>4
9424,Has relevent experience,9,100-500,Other,4
13868,No relevent experience,2,,,
22749,Has relevent experience,9,100-500,Pvt Ltd,1
2906,Has relevent experience,4,100-500,Pvt Ltd,3
19634,Has relevent experience,>20,500-999,Pvt Ltd,>4
11752,No relevent experience,1,,,never
22474,Has relevent experience,16,50-99,Pvt Ltd,>4
10450,Has relevent experience,6,10/49,Pvt Ltd,2
12135,Has relevent experience,8,50-99,Pvt Ltd,1
26284,No relevent experience,7,1000-4999,Pvt Ltd,1
16146,Has relevent experience,4,10/49,Pvt Ltd,1
28547,Has relevent experience,>20,10000+,Pvt Ltd,1
20787,Has relevent experience,>20,5000-9999,Pvt Ltd,1
5949,Has relevent experience,>20,500-999,Pvt Ltd,>4
25167,No relevent experience,10,10/49,Pvt Ltd,1
6716,Has relevent experience,>20,1000-4999,Pvt Ltd,1
21812,Has relevent experience,6,50-99,Pvt Ltd,1
18538,Has relevent experience,4,10/49,NGO,1
30138,No relevent experience,6,,,1
815,No relevent experience,9,10000+,Pvt Ltd,>4
8727,Has relevent experience,15,50-99,Pvt Ltd,1
15873,Has relevent experience,>20,10/49,Pvt Ltd,4
21635,Has relevent experience,,5000-9999,Pvt Ltd,1
29363,No relevent experience,4,,,never
23569,Has relevent experience,>20,,,1
17792,No relevent experience,7,,,never
4770,No relevent experience,4,,,never
32793,Has relevent experience,>20,<10,Pvt Ltd,never
14614,Has relevent experience,3,100-500,Pvt Ltd,1
15548,Has relevent experience,5,100-500,NGO,1
6033,Has relevent experience,6,<10,Pvt Ltd,4
7549,Has relevent experience,8,1000-4999,Pvt Ltd,>4
8384,Has relevent experience,9,10/49,Early Stage Startup,1
23322,Has relevent experience,15,10000+,Pvt Ltd,>4
22289,Has relevent experience,8,50-99,,>4
14272,Has relevent experience,>20,100-500,Pvt Ltd,1
17068,Has relevent experience,3,100-500,Pvt Ltd,1
12816,No relevent experience,4,,,1
22952,Has relevent experience,5,50-99,Pvt Ltd,1
18052,No relevent experience,7,,,1
11746,Has relevent experience,6,10000+,Pvt Ltd,3
3470,Has relevent experience,16,50-99,Funded Startup,4
17588,Has relevent experience,17,100-500,Pvt Ltd,3
1368,Has relevent experience,3,10000+,Pvt Ltd,1
14899,No relevent experience,10,,,1
32934,Has relevent experience,15,100-500,Pvt Ltd,>4
13533,Has relevent experience,7,10/49,Pvt Ltd,4
4207,Has relevent experience,>20,500-999,Pvt Ltd,2
26832,Has relevent experience,>20,10000+,Pvt Ltd,>4
8548,Has relevent experience,9,1000-4999,Pvt Ltd,>4
959,Has relevent experience,>20,10000+,Pvt Ltd,never
21389,Has relevent experience,6,<10,Pvt Ltd,2
28722,Has relevent experience,6,500-999,Pvt Ltd,never
17466,No relevent experience,<1,,,never
27588,No relevent experience,6,,,1
19346,No relevent experience,19,,,4
1762,No relevent experience,6,5000-9999,Pvt Ltd,>4
18584,Has relevent experience,11,10000+,Pvt Ltd,>4
18547,Has relevent experience,<1,10/49,Pvt Ltd,1
18008,Has relevent experience,7,,,2
21281,No relevent experience,3,1000-4999,Pvt Ltd,2
3330,Has relevent experience,10,10000+,Public Sector,1
32728,Has relevent experience,7,50-99,Pvt Ltd,1
2653,No relevent experience,2,5000-9999,Pvt Ltd,1
4507,Has relevent experience,16,50-99,Pvt Ltd,2
15318,No relevent experience,3,,,never
28703,Has relevent experience,13,100-500,Pvt Ltd,1
23941,Has relevent experience,>20,,,>4
3977,Has relevent experience,10,<10,Funded Startup,2
8507,Has relevent experience,5,50-99,,2
20888,Has relevent experience,8,100-500,Pvt Ltd,2
28419,No relevent experience,5,,,1
21732,No relevent experience,3,,,never
13398,Has relevent experience,1,<10,Pvt Ltd,1
1741,Has relevent experience,2,,,1
19704,Has relevent experience,13,<10,Pvt Ltd,1
24942,Has relevent experience,8,10000+,Pvt Ltd,
23769,Has relevent experience,3,50-99,Pvt Ltd,2
7384,Has relevent experience,>20,1000-4999,Pvt Ltd,>4
2468,Has relevent experience,11,,,1
7421,Has relevent experience,4,,,1
23402,No relevent experience,3,,,never
15215,Has relevent experience,>20,50-99,Pvt Ltd,>4
6758,Has relevent experience,18,50-99,,1
12323,Has relevent experience,14,,,1
18913,Has relevent experience,>20,50-99,Pvt Ltd,4
30199,No relevent experience,2,,,never
19546,Has relevent experience,5,100-500,Pvt Ltd,1
14937,Has relevent experience,>20,50-99,Pvt Ltd,>4
10393,Has relevent experience,15,1000-4999,NGO,>4
16719,No relevent experience,6,,,never
17302,No relevent experience,9,100-500,Pvt Ltd,3
24303,Has relevent experience,4,10/49,Pvt Ltd,2
23280,Has relevent experience,1,,,1
32688,Has relevent experience,7,5000-9999,Pvt Ltd,never
22984,Has relevent experience,15,,,1
16910,No relevent experience,9,1000-4999,Pvt Ltd,1
17098,Has relevent experience,>20,5000-9999,Pvt Ltd,2
13318,Has relevent experience,4,100-500,Pvt Ltd,2
10704,Has relevent experience,10,,,3
4462,Has relevent experience,15,1000-4999,Pvt Ltd,2
29437,Has relevent experience,>20,10/49,Funded Startup,1
31701,Has relevent experience,>20,50-99,Pvt Ltd,>4
10486,No relevent experience,2,500-999,Public Sector,2
26858,Has relevent experience,16,10/49,Early Stage Startup,2
21409,Has relevent experience,6,50-99,Pvt Ltd,2
1217,Has relevent experience,12,50-99,Pvt Ltd,>4
18362,Has relevent experience,5,1000-4999,Pvt Ltd,1
8369,Has relevent experience,14,500-999,Public Sector,1
844,No relevent experience,15,500-999,Public Sector,3
31898,Has relevent experience,18,<10,Funded Startup,1
5270,Has relevent experience,>20,<10,NGO,2
22540,Has relevent experience,8,5000-9999,Pvt Ltd,1
10692,Has relevent experience,16,500-999,Pvt Ltd,>4
15261,Has relevent experience,6,10000+,Pvt Ltd,>4
22781,No relevent experience,3,,,1
29951,No relevent experience,3,,,never
31794,Has relevent experience,>20,1000-4999,NGO,>4
14757,Has relevent experience,10,100-500,Pvt Ltd,4
11231,No relevent experience,5,100-500,Pvt Ltd,
802,No relevent experience,2,1000-4999,Pvt Ltd,1
12182,No relevent experience,6,,,never
24308,Has relevent experience,10,10/49,Funded Startup,2
19276,Has relevent experience,3,,,2
25302,Has relevent experience,17,100-500,Pvt Ltd,>4
24329,No relevent experience,2,<10,,never
16156,Has relevent experience,14,50-99,Pvt Ltd,>4
23579,Has relevent experience,>20,10/49,Pvt Ltd,>4
2023,No relevent experience,1,1000-4999,,1
2976,No relevent experience,4,10/49,Pvt Ltd,never
24673,Has relevent experience,10,100-500,Other,>4
6221,Has relevent experience,6,100-500,Pvt Ltd,>4
2103,Has relevent experience,6,100-500,Pvt Ltd,1
1797,Has relevent experience,6,50-99,Public Sector,1
16893,Has relevent experience,5,10000+,Pvt Ltd,2
1378,Has relevent experience,17,50-99,Pvt Ltd,3
32709,Has relevent experience,7,100-500,Pvt Ltd,2
8893,Has relevent experience,>20,10000+,Pvt Ltd,4
841,Has relevent experience,4,5000-9999,Other,3
7962,Has relevent experience,4,10000+,Pvt Ltd,1
24255,Has relevent experience,6,50-99,Pvt Ltd,1
18164,Has relevent experience,1,50-99,Funded Startup,1
7051,Has relevent experience,12,,,never
15071,No relevent experience,8,,,2
281,Has relevent experience,17,50-99,Funded Startup,4
29489,No relevent experience,6,100-500,Pvt Ltd,1
16480,No relevent experience,2,,,1
17604,Has relevent experience,7,<10,Pvt Ltd,1
29442,Has relevent experience,8,10/49,Early Stage Startup,1
13281,No relevent experience,9,,,never
22572,No relevent experience,4,10000+,Pvt Ltd,1
21003,No relevent experience,6,10000+,Pvt Ltd,2
10915,Has relevent experience,17,,,2
9886,Has relevent experience,15,100-500,Pvt Ltd,2
23300,No relevent experience,3,10/49,Funded Startup,1
26029,Has relevent experience,15,,,2
16394,No relevent experience,2,10000+,Pvt Ltd,2
8631,Has relevent experience,5,,,1
33035,Has relevent experience,15,1000-4999,Pvt Ltd,1
9961,Has relevent experience,>20,50-99,Pvt Ltd,>4
14197,No relevent experience,7,10/49,Early Stage Startup,1
12766,Has relevent experience,>20,10000+,NGO,3
11165,Has relevent experience,20,5000-9999,Pvt Ltd,1
33211,Has relevent experience,>20,100-500,Pvt Ltd,>4
28716,Has relevent experience,14,50-99,Funded Startup,1
33310,Has relevent experience,3,10000+,Pvt Ltd,1
28266,Has relevent experience,7,100-500,Early Stage Startup,1
10953,Has relevent experience,>20,<10,Pvt Ltd,>4
7181,No relevent experience,1,,,1
23638,Has relevent experience,3,,,1
11653,Has relevent experience,>20,10/49,Pvt Ltd,1
3049,Has relevent experience,12,1000-4999,Pvt Ltd,1
20024,Has relevent experience,>20,10/49,Pvt Ltd,>4
19453,Has relevent experience,9,50-99,Pvt Ltd,1
10528,No relevent experience,2,100-500,,1
4415,Has relevent experience,10,10000+,Pvt Ltd,1
16746,No relevent experience,3,,,never
33143,No relevent experience,1,1000-4999,NGO,1
25799,No relevent experience,1,,,never
22521,Has relevent experience,16,,,4
21065,No relevent experience,4,,,never
17052,Has relevent experience,,,,>4
13545,Has relevent experience,>20,5000-9999,Pvt Ltd,>4
3913,Has relevent experience,20,50-99,Funded Startup,4
25599,Has relevent experience,10,10000+,Pvt Ltd,never
3726,Has relevent experience,>20,10/49,Pvt Ltd,>4
18196,Has relevent experience,>20,50-99,Pvt Ltd,4
30411,Has relevent experience,>20,10000+,Pvt Ltd,1
7685,Has relevent experience,>20,10000+,Pvt Ltd,1
5865,Has relevent experience,>20,50-99,Pvt Ltd,2
1892,Has relevent experience,2,,,1
17173,No relevent experience,>20,500-999,NGO,>4
10464,No relevent experience,15,10/49,Pvt Ltd,1
26050,Has relevent experience,>20,,,>4
31946,Has relevent experience,11,100-500,Pvt Ltd,never
4719,Has relevent experience,5,<10,Pvt Ltd,1
9311,Has relevent experience,>20,<10,Pvt Ltd,>4
29146,Has relevent experience,1,50-99,Funded Startup,never
8992,Has relevent experience,>20,50-99,Funded Startup,1
4028,Has relevent experience,>20,,,2
28071,Has relevent experience,>20,10000+,NGO,2
31205,Has relevent experience,6,10000+,Pvt Ltd,2
32247,Has relevent experience,>20,10/49,Pvt Ltd,never
21073,No relevent experience,13,,,never
7449,Has relevent experience,6,10/49,Pvt Ltd,3
17120,Has relevent experience,9,10/49,Pvt Ltd,4
15993,Has relevent experience,15,100-500,Pvt Ltd,4
30692,No relevent experience,4,,,1
22158,No relevent experience,3,10000+,,1
23190,Has relevent experience,7,50-99,Pvt Ltd,2
22844,Has relevent experience,>20,100-500,Pvt Ltd,>4
10766,Has relevent experience,9,,,1
13972,Has relevent experience,19,10/49,Pvt Ltd,>4
10727,Has relevent experience,18,10/49,,never
26218,Has relevent experience,10,1000-4999,Pvt Ltd,2
29401,Has relevent experience,>20,<10,Pvt Ltd,1
31328,Has relevent experience,7,10000+,Public Sector,1
15595,Has relevent experience,14,100-500,Pvt Ltd,1
29085,Has relevent experience,17,50-99,Pvt Ltd,>4
15738,Has relevent experience,3,50-99,Pvt Ltd,1
8149,Has relevent experience,12,,,1
13210,No relevent experience,2,1000-4999,Public Sector,2
18361,No relevent experience,2,,,never
21969,Has relevent experience,4,10/49,,2
1603,Has relevent experience,15,100-500,Pvt Ltd,>4
7226,Has relevent experience,14,100-500,Pvt Ltd,>4
26827,Has relevent experience,13,,,2
12305,No relevent experience,2,1000-4999,Pvt Ltd,
980,Has relevent experience,8,,NGO,2
4251,Has relevent experience,>20,5000-9999,Pvt Ltd,>4
15174,Has relevent experience,>20,10000+,Pvt Ltd,>4
29261,Has relevent experience,12,100-500,Early Stage Startup,3
27990,Has relevent experience,7,50-99,Pvt Ltd,2
11990,No relevent experience,<1,,,never
24730,Has relevent experience,2,100-500,Pvt Ltd,1
18650,Has relevent experience,5,5000-9999,Pvt Ltd,1
19452,Has relevent experience,>20,5000-9999,Pvt Ltd,>4
4405,Has relevent experience,6,50-99,Funded Startup,never
14790,Has relevent experience,15,,,1
4327,Has relevent experience,5,<10,Pvt Ltd,1
10844,Has relevent experience,>20,100-500,Pvt Ltd,2
17215,Has relevent experience,>20,,,>4
10351,Has relevent experience,4,<10,Funded Startup,1
29256,Has relevent experience,7,<10,Early Stage Startup,2
12966,Has relevent experience,17,50-99,Other,>4
33305,Has relevent experience,14,50-99,Pvt Ltd,>4
23760,No relevent experience,2,,,never
25803,No relevent experience,1,,,never
22144,Has relevent experience,10,<10,Pvt Ltd,1
11028,Has relevent experience,11,10000+,Public Sector,>4
11828,Has relevent experience,>20,100-500,Pvt Ltd,1
1693,Has relevent experience,11,,,2
15341,Has relevent experience,1,10/49,Pvt Ltd,
26336,Has relevent experience,8,50-99,Pvt Ltd,2
8689,No relevent experience,4,,Pvt Ltd,1
22262,Has relevent experience,1,500-999,,never
7829,Has relevent experience,1,50-99,,1
23940,Has relevent experience,20,10000+,Pvt Ltd,2
19530,No relevent experience,4,10/49,Funded Startup,
5355,Has relevent experience,9,10000+,Pvt Ltd,2
26145,Has relevent experience,13,,,2
11213,Has relevent experience,16,,Public Sector,1
11512,Has relevent experience,12,50-99,Pvt Ltd,>4
27383,Has relevent experience,7,,,1
6102,Has relevent experience,2,50-99,Pvt Ltd,1
287,Has relevent experience,15,100-500,Pvt Ltd,4
5963,Has relevent experience,17,<10,Pvt Ltd,1
13830,Has relevent experience,9,50-99,Funded Startup,1
18417,Has relevent experience,9,50-99,Pvt Ltd,>4
25256,Has relevent experience,12,,,1
24050,Has relevent experience,2,10/49,Public Sector,2
8126,Has relevent experience,11,50-99,Pvt Ltd,1
339,Has relevent experience,14,,,1
30102,No relevent experience,>20,10000+,Pvt Ltd,>4
28243,Has relevent experience,13,10000+,Pvt Ltd,3
28412,No relevent experience,10,,,2
29719,Has relevent experience,6,10000+,Pvt Ltd,1
17568,No relevent experience,13,,,1
1422,No relevent experience,<1,,Pvt Ltd,never
11183,Has relevent experience,>20,100-500,Pvt Ltd,4
6215,No relevent experience,4,,,
11352,Has relevent experience,>20,1000-4999,Pvt Ltd,1
9907,Has relevent experience,19,100-500,Pvt Ltd,4
7379,Has relevent experience,>20,500-999,Pvt Ltd,4
16959,No relevent experience,5,,,never
10231,Has relevent experience,14,100-500,Early Stage Startup,2
24524,No relevent experience,9,,,never
1464,No relevent experience,1,,Pvt Ltd,never
10581,No relevent experience,4,,,never
5318,Has relevent experience,15,,,>4
33155,Has relevent experience,2,<10,Pvt Ltd,2
20566,Has relevent experience,4,100-500,,1
8502,Has relevent experience,3,50-99,,1
10156,No relevent experience,1,,,never
8253,Has relevent experience,>20,100-500,Pvt Ltd,2
31875,No relevent experience,4,,,1
12563,Has relevent experience,13,10/49,Public Sector,2
30161,Has relevent experience,4,500-999,Pvt Ltd,never
27789,No relevent experience,3,,,never
2406,Has relevent experience,12,<10,Pvt Ltd,1
12525,No relevent experience,4,10/49,Pvt Ltd,2
13482,No relevent experience,7,50-99,Pvt Ltd,never
7103,Has relevent experience,20,,,>4
3591,No relevent experience,>20,5000-9999,Public Sector,>4
29350,Has relevent experience,5,10000+,Pvt Ltd,3
6937,No relevent experience,3,,,
27095,Has relevent experience,15,500-999,Pvt Ltd,1
20487,Has relevent experience,3,50-99,Pvt Ltd,1
22513,Has relevent experience,4,100-500,NGO,1
29912,Has relevent experience,5,<10,Pvt Ltd,1
30992,No relevent experience,4,,,never
23666,Has relevent experience,16,,,1
5916,Has relevent experience,2,100-500,Pvt Ltd,1
16512,Has relevent experience,17,<10,Pvt Ltd,>4
14762,Has relevent experience,>20,,,>4
12869,No relevent experience,3,,,2
26174,Has relevent experience,15,10000+,Pvt Ltd,never
22248,Has relevent experience,16,100-500,Other,3
15934,Has relevent experience,8,100-500,Pvt Ltd,1
26773,Has relevent experience,>20,50-99,Pvt Ltd,>4
17289,Has relevent experience,9,<10,Pvt Ltd,1
30698,No relevent experience,4,,,1
31246,Has relevent experience,16,100-500,Other,2
24243,Has relevent experience,3,100-500,Public Sector,
22107,Has relevent experience,>20,,,>4
22516,No relevent experience,2,,,never
16417,Has relevent experience,4,100-500,NGO,1
2186,Has relevent experience,>20,50-99,Pvt Ltd,>4
18145,Has relevent experience,>20,,Pvt Ltd,3
33173,Has relevent experience,17,100-500,Pvt Ltd,2
16326,Has relevent experience,2,100-500,Pvt Ltd,1
3888,No relevent experience,>20,,,>4
1133,Has relevent experience,>20,10000+,Pvt Ltd,1
27351,Has relevent experience,3,,,1
30973,Has relevent experience,11,50-99,,1
18718,Has relevent experience,4,10000+,Pvt Ltd,2
20799,Has relevent experience,>20,1000-4999,NGO,>4
15198,No relevent experience,,,,
22860,No relevent experience,4,100-500,Pvt Ltd,1
26335,Has relevent experience,4,100-500,Public Sector,1
20739,Has relevent experience,8,10/49,Early Stage Startup,1
9708,Has relevent experience,6,50-99,Pvt Ltd,1
7489,Has relevent experience,>20,,,>4
4729,No relevent experience,9,,,1
16493,Has relevent experience,8,1000-4999,NGO,3
11915,No relevent experience,5,,,never
10200,Has relevent experience,>20,,,1
3924,Has relevent experience,8,50-99,Pvt Ltd,1
31251,Has relevent experience,11,50-99,Pvt Ltd,1
32426,No relevent experience,5,,Pvt Ltd,never
24476,No relevent experience,2,,,never
1043,Has relevent experience,>20,10/49,Early Stage Startup,>4
17474,Has relevent experience,9,100-500,Pvt Ltd,
12510,Has relevent experience,8,100-500,Pvt Ltd,1
21369,Has relevent experience,14,<10,Public Sector,1
15016,Has relevent experience,14,,,>4
20307,No relevent experience,>20,,,1
9920,Has relevent experience,8,100-500,Pvt Ltd,3
32805,Has relevent experience,7,500-999,Pvt Ltd,1
2235,Has relevent experience,>20,10000+,Pvt Ltd,>4
31022,Has relevent experience,9,50-99,Pvt Ltd,1
31064,Has relevent experience,>20,50-99,Pvt Ltd,4
8656,Has relevent experience,4,<10,Pvt Ltd,1
2740,Has relevent experience,5,<10,Pvt Ltd,never
21310,Has relevent experience,10,10/49,Pvt Ltd,1
1733,Has relevent experience,7,10/49,Pvt Ltd,1
12559,Has relevent experience,3,50-99,Pvt Ltd,1
26868,No relevent experience,10,,,4
14198,Has relevent experience,>20,10000+,Pvt Ltd,1
29870,Has relevent experience,>20,100-500,Pvt Ltd,1
9115,Has relevent experience,8,<10,Early Stage Startup,1
33281,Has relevent experience,4,100-500,Pvt Ltd,4
23510,Has relevent experience,4,,,1
32033,Has relevent experience,7,500-999,,1
7883,Has relevent experience,>20,10/49,Pvt Ltd,1
32492,Has relevent experience,5,,,1
13616,No relevent experience,4,,,1
4292,Has relevent experience,>20,50-99,Pvt Ltd,>4
31265,No relevent experience,4,50-99,Pvt Ltd,1
23814,No relevent experience,2,,,2
26731,Has relevent experience,6,10000+,Pvt Ltd,1
24724,No relevent experience,1,,,never
8967,Has relevent experience,5,50-99,Pvt Ltd,2
14897,No relevent experience,4,,,never
8159,No relevent experience,2,,,never
11101,Has relevent experience,7,10/49,Funded Startup,1
18499,No relevent experience,6,,,4
32931,Has relevent experience,14,50-99,Pvt Ltd,1
143,Has relevent experience,13,10/49,Pvt Ltd,never
8180,Has relevent experience,15,,,>4
1473,Has relevent experience,16,10000+,Pvt Ltd,>4
5116,Has relevent experience,17,50-99,Pvt Ltd,4
18010,Has relevent experience,7,,,2
22809,No relevent experience,2,,,never
31811,Has relevent experience,13,1000-4999,Pvt Ltd,2
9737,Has relevent experience,>20,500-999,Pvt Ltd,1
8371,Has relevent experience,3,100-500,Pvt Ltd,never
16007,Has relevent experience,16,500-999,Pvt Ltd,
13719,Has relevent experience,10,1000-4999,Pvt Ltd,1
6951,Has relevent experience,16,,,4
2176,No relevent experience,2,,,1
29601,No relevent experience,2,,,1
14864,Has relevent experience,13,1000-4999,Public Sector,>4
11757,No relevent experience,4,,,1
23967,Has relevent experience,10,50-99,Pvt Ltd,>4
23787,Has relevent experience,4,<10,Early Stage Startup,2
15420,Has relevent experience,>20,10000+,Pvt Ltd,>4
18460,Has relevent experience,3,50-99,Pvt Ltd,1
32777,No relevent experience,12,,,>4
11380,Has relevent experience,4,10/49,Pvt Ltd,
3249,Has relevent experience,10,<10,Funded Startup,1
32230,No relevent experience,2,,Pvt Ltd,never
30424,Has relevent experience,>20,100-500,NGO,
13137,Has relevent experience,2,10000+,NGO,1
9902,Has relevent experience,7,,,1
31391,No relevent experience,3,,,1
10210,Has relevent experience,4,<10,Early Stage Startup,1
6580,Has relevent experience,5,,,1
19926,Has relevent experience,7,<10,Early Stage Startup,1
701,Has relevent experience,>20,100-500,Pvt Ltd,1
23486,Has relevent experience,5,50-99,,2
33311,Has relevent experience,>20,100-500,Public Sector,>4
24646,Has relevent experience,6,100-500,Pvt Ltd,2
19580,Has relevent experience,3,500-999,Funded Startup,1
12467,Has relevent experience,16,50-99,Funded Startup,1
18315,No relevent experience,2,50-99,Pvt Ltd,1
11342,Has relevent experience,>20,10000+,Pvt Ltd,>4
25350,Has relevent experience,1,<10,Early Stage Startup,1
26439,Has relevent experience,6,,Pvt Ltd,>4
8549,Has relevent experience,6,,,1
28851,Has relevent experience,>20,5000-9999,Pvt Ltd,>4
29024,Has relevent experience,3,1000-4999,Public Sector,1
8770,Has relevent experience,2,100-500,Pvt Ltd,1
23289,Has relevent experience,20,,,1
1822,Has relevent experience,<1,1000-4999,Pvt Ltd,never
15830,Has relevent experience,7,50-99,Early Stage Startup,2
11946,No relevent experience,5,50-99,Pvt Ltd,>4
709,No relevent experience,13,,,1
12489,No relevent experience,2,50-99,Pvt Ltd,1
32386,Has relevent experience,13,10000+,Pvt Ltd,1
22979,Has relevent experience,19,10000+,Pvt Ltd,never
2860,Has relevent experience,9,,,2
10947,No relevent experience,3,,,never
24867,No relevent experience,3,,,1
14623,Has relevent experience,>20,50-99,Funded Startup,1
719,Has relevent experience,7,50-99,Pvt Ltd,2
16250,No relevent experience,4,,,4
26977,No relevent experience,9,,,never
29137,Has relevent experience,6,10/49,Early Stage Startup,3
14494,Has relevent experience,5,100-500,Funded Startup,3
18678,Has relevent experience,5,<10,Pvt Ltd,2
25178,No relevent experience,1,10000+,,never
17046,No relevent experience,6,,,never
10326,Has relevent experience,9,10000+,Pvt Ltd,>4
21892,No relevent experience,1,50-99,Pvt Ltd,1
12662,No relevent experience,>20,1000-4999,Pvt Ltd,2
31277,Has relevent experience,>20,100-500,Pvt Ltd,1
9650,Has relevent experience,19,50-99,Pvt Ltd,1
24645,No relevent experience,2,,,never
2158,Has relevent experience,11,,,2
32742,No relevent experience,2,,,never
5303,Has relevent experience,7,50-99,Pvt Ltd,2
12548,No relevent experience,2,100-500,Pvt Ltd,1
23036,Has relevent experience,5,<10,Funded Startup,2
30493,No relevent experience,9,,,1
23134,No relevent experience,2,,,never
23198,No relevent experience,2,10/49,,1
29426,No relevent experience,<1,50-99,Pvt Ltd,1
18295,Has relevent experience,17,50-99,Funded Startup,2
1608,No relevent experience,>20,50-99,Funded Startup,3
15063,Has relevent experience,12,50-99,Pvt Ltd,>4
15089,Has relevent experience,>20,500-999,Pvt Ltd,2
29927,No relevent experience,2,,,never
10824,No relevent experience,<1,,,never
2507,Has relevent experience,>20,500-999,Pvt Ltd,>4
20260,Has relevent experience,7,50-99,Pvt Ltd,never
25272,Has relevent experience,5,50-99,Pvt Ltd,1
10976,No relevent experience,>20,,,>4
27825,Has relevent experience,17,100-500,Pvt Ltd,1
16229,No relevent experience,3,,,never
1170,Has relevent experience,17,100-500,Pvt Ltd,>4
24356,No relevent experience,2,,,
30651,Has relevent experience,15,100-500,Pvt Ltd,3
9109,Has relevent experience,6,10/49,Funded Startup,1
7473,Has relevent experience,5,10/49,Public Sector,1
27451,Has relevent experience,5,50-99,Pvt Ltd,2
1425,Has relevent experience,>20,50-99,Pvt Ltd,>4
19687,Has relevent experience,9,50-99,Pvt Ltd,4
7718,Has relevent experience,15,100-500,Pvt Ltd,3
2516,Has relevent experience,>20,<10,Pvt Ltd,1
29391,No relevent experience,1,,,never
7355,No relevent experience,5,,,1
29307,Has relevent experience,16,100-500,Pvt Ltd,4
11720,No relevent experience,19,5000-9999,Pvt Ltd,>4
24065,No relevent experience,2,,,never
27005,No relevent experience,4,,,1
5257,Has relevent experience,>20,1000-4999,Pvt Ltd,2
18533,Has relevent experience,19,50-99,Pvt Ltd,1
32891,Has relevent experience,>20,50-99,Pvt Ltd,>4
9909,No relevent experience,<1,1000-4999,Pvt Ltd,2
24284,Has relevent experience,1,50-99,Pvt Ltd,1
7686,Has relevent experience,3,,,1
17572,No relevent experience,7,,,never
23014,Has relevent experience,9,10000+,Pvt Ltd,4
19112,Has relevent experience,15,10000+,NGO,>4
1345,Has relevent experience,10,500-999,Pvt Ltd,2
20387,No relevent experience,6,,,1
31928,Has relevent experience,8,100-500,Pvt Ltd,1
19587,Has relevent experience,1,50-99,Pvt Ltd,1
9331,No relevent experience,4,10000+,Pvt Ltd,1
612,No relevent experience,4,,NGO,1
10835,Has relevent experience,9,1000-4999,Pvt Ltd,1
22539,Has relevent experience,3,1000-4999,Pvt Ltd,1
20861,No relevent experience,2,,,never
102,Has relevent experience,19,100-500,Funded Startup,>4
2040,Has relevent experience,17,50-99,Pvt Ltd,1
19802,Has relevent experience,12,100-500,Pvt Ltd,1
32967,Has relevent experience,10,,,3
4267,No relevent experience,3,,,never
17136,Has relevent experience,18,10000+,Pvt Ltd,>4
33170,Has relevent experience,17,50-99,Pvt Ltd,>4
20986,No relevent experience,4,,,1
17284,Has relevent experience,4,100-500,Pvt Ltd,2
28439,Has relevent experience,7,10/49,NGO,1
21097,Has relevent experience,6,100-500,Pvt Ltd,1
6557,Has relevent experience,15,<10,Pvt Ltd,1
5421,No relevent experience,>20,,,never
21140,Has relevent experience,13,50-99,Pvt Ltd,>4
21889,Has relevent experience,15,500-999,Pvt Ltd,>4
24359,Has relevent experience,5,,,1
3554,Has relevent experience,>20,100-500,Pvt Ltd,2
10559,Has relevent experience,3,50-99,Pvt Ltd,1
20985,Has relevent experience,16,,,2
3706,No relevent experience,19,,,1
17402,No relevent experience,3,,,
12158,Has relevent experience,9,10/49,Funded Startup,1
28990,No relevent experience,11,<10,Funded Startup,4
13045,Has relevent experience,18,500-999,Pvt Ltd,>4
1039,Has relevent experience,>20,,,>4
19080,Has relevent experience,12,500-999,Funded Startup,2
4859,Has relevent experience,5,100-500,Pvt Ltd,1
16194,Has relevent experience,17,100-500,Pvt Ltd,4
4936,Has relevent experience,6,10/49,Pvt Ltd,4
4152,Has relevent experience,4,500-999,Pvt Ltd,4
8840,Has relevent experience,15,10/49,Pvt Ltd,1
3701,Has relevent experience,>20,10/49,Pvt Ltd,>4
29448,No relevent experience,1,,,never
27869,Has relevent experience,4,1000-4999,Pvt Ltd,1
32675,Has relevent experience,>20,10/49,Pvt Ltd,2
6836,No relevent experience,2,,Public Sector,2
11317,Has relevent experience,>20,50-99,Funded Startup,1
15517,Has relevent experience,>20,1000-4999,Public Sector,>4
567,Has relevent experience,9,50-99,Pvt Ltd,1
9049,No relevent experience,9,50-99,,never
5741,No relevent experience,4,,,2
24983,Has relevent experience,7,1000-4999,Public Sector,1
9400,Has relevent experience,17,<10,Pvt Ltd,never
29813,Has relevent experience,>20,500-999,Pvt Ltd,>4
27221,Has relevent experience,>20,10/49,Pvt Ltd,1
25760,Has relevent experience,6,,,1
28318,Has relevent experience,4,<10,Pvt Ltd,2
24009,No relevent experience,20,10000+,Pvt Ltd,1
11108,Has relevent experience,12,50-99,Pvt Ltd,1
30628,Has relevent experience,10,10000+,Pvt Ltd,3
4755,Has relevent experience,1,,Pvt Ltd,never
8310,Has relevent experience,4,100-500,Pvt Ltd,2
25270,No relevent experience,4,10000+,Pvt Ltd,never
8260,No relevent experience,2,,,never
4558,No relevent experience,<1,,Pvt Ltd,never
21299,Has relevent experience,12,10000+,Pvt Ltd,2
6691,No relevent experience,9,,,4
10536,Has relevent experience,>20,,,1
23373,Has relevent experience,>20,10000+,Pvt Ltd,>4
19108,Has relevent experience,20,100-500,Pvt Ltd,>4
16187,Has relevent experience,>20,50-99,Pvt Ltd,1
3849,Has relevent experience,8,50-99,Pvt Ltd,1
5784,Has relevent experience,17,50-99,,>4
4740,No relevent experience,3,<10,,1
31502,Has relevent experience,>20,100-500,Pvt Ltd,3
12015,Has relevent experience,14,1000-4999,Pvt Ltd,1
13563,Has relevent experience,7,10/49,Pvt Ltd,2
14103,Has relevent experience,15,100-500,Pvt Ltd,>4
7165,Has relevent experience,3,10/49,Early Stage Startup,1
12627,No relevent experience,6,,,never
27792,No relevent experience,11,,,>4
3170,Has relevent experience,14,100-500,Pvt Ltd,1
28327,Has relevent experience,8,,,2
32566,No relevent experience,13,,,>4
18797,Has relevent experience,5,50-99,Pvt Ltd,1
26704,No relevent experience,2,,,never
19444,No relevent experience,5,,,1
27388,Has relevent experience,7,10000+,Pvt Ltd,1
28852,No relevent experience,6,,,never
30054,No relevent experience,5,,,never
7855,Has relevent experience,5,500-999,Pvt Ltd,4
26653,Has relevent experience,<1,50-99,Early Stage Startup,1
23340,Has relevent experience,3,10/49,,1
16371,Has relevent experience,2,<10,,1
8191,Has relevent experience,3,10/49,Pvt Ltd,1
15508,Has relevent experience,16,1000-4999,Pvt Ltd,never
31096,Has relevent experience,19,<10,Pvt Ltd,3
5814,Has relevent experience,7,50-99,Pvt Ltd,2
30092,Has relevent experience,18,100-500,Pvt Ltd,2
23410,Has relevent experience,5,5000-9999,Pvt Ltd,2
19532,Has relevent experience,>20,50-99,Pvt Ltd,4
18062,Has relevent experience,>20,100-500,Pvt Ltd,>4
32859,Has relevent experience,2,5000-9999,Pvt Ltd,never
16968,Has relevent experience,7,10000+,Pvt Ltd,1
15042,Has relevent experience,4,10000+,Pvt Ltd,1
14065,No relevent experience,2,500-999,Pvt Ltd,2
4144,Has relevent experience,6,<10,,2
11007,Has relevent experience,9,,,1
782,Has relevent experience,7,<10,NGO,1
32422,Has relevent experience,4,10/49,Early Stage Startup,1
5317,Has relevent experience,9,50-99,Funded Startup,2
13589,No relevent experience,9,,,1
31009,Has relevent experience,2,100-500,Pvt Ltd,1
19630,Has relevent experience,6,50-99,Pvt Ltd,4
14465,Has relevent experience,>20,<10,Pvt Ltd,never
14286,Has relevent experience,17,<10,Early Stage Startup,1
17103,No relevent experience,<1,,,1
9906,Has relevent experience,>20,1000-4999,Pvt Ltd,3
22280,Has relevent experience,15,500-999,Public Sector,>4
1164,Has relevent experience,3,100-500,Pvt Ltd,1
18184,Has relevent experience,12,1000-4999,Pvt Ltd,2
5808,Has relevent experience,6,,,1
32578,Has relevent experience,5,10/49,Pvt Ltd,1
26537,Has relevent experience,16,<10,Early Stage Startup,2
28917,No relevent experience,2,<10,Pvt Ltd,1
29741,Has relevent experience,10,10000+,Pvt Ltd,1
3968,No relevent experience,6,,Pvt Ltd,never
17213,No relevent experience,14,50-99,Pvt Ltd,>4
17987,Has relevent experience,7,,,1
2914,Has relevent experience,>20,,Pvt Ltd,3
25444,Has relevent experience,10,100-500,Pvt Ltd,1
29175,No relevent experience,>20,100-500,Pvt Ltd,1
10189,Has relevent experience,8,500-999,Pvt Ltd,2
23441,Has relevent experience,2,10000+,Pvt Ltd,
11480,Has relevent experience,8,50-99,,never
20261,Has relevent experience,19,10/49,,3
1,No relevent experience,2,,Pvt Ltd,never
855,Has relevent experience,11,500-999,,2
25438,Has relevent experience,12,1000-4999,Pvt Ltd,>4
15257,Has relevent experience,>20,,,4
30200,Has relevent experience,6,10000+,Pvt Ltd,1
29473,Has relevent experience,7,5000-9999,Public Sector,>4
25722,Has relevent experience,>20,50-99,Pvt Ltd,1
20402,Has relevent experience,3,50-99,Funded Startup,2
31681,No relevent experience,4,,,1
32507,No relevent experience,12,50-99,Pvt Ltd,1
15153,Has relevent experience,8,10000+,Pvt Ltd,1
4769,Has relevent experience,3,50-99,Funded Startup,1
24071,No relevent experience,2,,,1
29780,Has relevent experience,17,1000-4999,Pvt Ltd,2
18227,No relevent experience,<1,,,1
31146,Has relevent experience,3,10/49,Pvt Ltd,never
32667,Has relevent experience,14,,,2
22615,Has relevent experience,<1,<10,NGO,1
531,Has relevent experience,>20,1000-4999,Pvt Ltd,>4
7024,No relevent experience,6,,,never
3874,No relevent experience,2,<10,Pvt Ltd,1
33260,Has relevent experience,6,10/49,Pvt Ltd,1
23437,Has relevent experience,7,50-99,Pvt Ltd,2
7565,No relevent experience,8,,,>4
22257,Has relevent experience,11,100-500,Pvt Ltd,1
26211,Has relevent experience,6,500-999,Pvt Ltd,2
11624,No relevent experience,2,,,never
27360,Has relevent experience,>20,10000+,Pvt Ltd,>4
14214,Has relevent experience,18,10000+,Pvt Ltd,2
22054,Has relevent experience,5,,,1
29245,No relevent experience,,,,1
27876,Has relevent experience,18,,,1
988,Has relevent experience,11,10000+,Pvt Ltd,2
24078,Has relevent experience,13,50-99,,2
26074,Has relevent experience,14,1000-4999,Pvt Ltd,>4
5224,No relevent experience,>20,,,1
32271,Has relevent experience,2,50-99,Pvt Ltd,1
5924,Has relevent experience,>20,,,1
27103,Has relevent experience,12,10000+,Pvt Ltd,4
32028,Has relevent experience,>20,,Public Sector,>4
10280,No relevent experience,14,1000-4999,Public Sector,2
21911,Has relevent experience,5,10/49,Pvt Ltd,4
13488,Has relevent experience,11,1000-4999,Pvt Ltd,1
7113,Has relevent experience,>20,50-99,Pvt Ltd,1
12150,No relevent experience,16,50-99,Pvt Ltd,>4
2180,Has relevent experience,2,50-99,Pvt Ltd,1
27196,Has relevent experience,7,10/49,Pvt Ltd,4
4497,No relevent experience,2,,,never
11019,Has relevent experience,>20,1000-4999,Public Sector,>4
9798,No relevent experience,18,,,>4
24011,Has relevent experience,7,,,1
1430,No relevent experience,3,50-99,Public Sector,1
25748,Has relevent experience,>20,500-999,Pvt Ltd,>4
19616,Has relevent experience,6,,,>4
32743,No relevent experience,2,,,never
10864,Has relevent experience,9,500-999,Pvt Ltd,1
4809,No relevent experience,9,10000+,Pvt Ltd,4
9303,Has relevent experience,13,10/49,Pvt Ltd,>4
2185,Has relevent experience,18,100-500,Pvt Ltd,2
26447,Has relevent experience,7,100-500,Pvt Ltd,1
18329,No relevent experience,4,,,1
14366,Has relevent experience,13,50-99,Pvt Ltd,1
5937,Has relevent experience,8,100-500,Pvt Ltd,2
39,Has relevent experience,10,100-500,Pvt Ltd,1
33005,Has relevent experience,9,500-999,Pvt Ltd,1
12898,Has relevent experience,9,,,1
19331,No relevent experience,13,<10,Pvt Ltd,2
6918,Has relevent experience,>20,,Pvt Ltd,1
24876,Has relevent experience,4,500-999,Pvt Ltd,1
33335,Has relevent experience,14,1000-4999,Pvt Ltd,1
16890,Has relevent experience,2,,,2
15237,No relevent experience,4,,,1
30004,Has relevent experience,11,<10,Pvt Ltd,1
9944,Has relevent experience,16,50-99,Pvt Ltd,3
919,No relevent experience,8,,Pvt Ltd,never
17078,No relevent experience,7,,,2
6662,Has relevent experience,19,50-99,Public Sector,2
21375,No relevent experience,8,,,never
26598,Has relevent experience,19,100-500,NGO,1
24971,No relevent experience,10,50-99,Pvt Ltd,1
9768,No relevent experience,>20,,,>4
25197,Has relevent experience,15,50-99,Pvt Ltd,1
21630,Has relevent experience,2,10/49,Early Stage Startup,1
8109,Has relevent experience,11,10000+,Public Sector,1
29082,No relevent experience,7,500-999,Pvt Ltd,1
20639,Has relevent experience,11,50-99,Pvt Ltd,>4
33209,No relevent experience,2,100-500,NGO,1
26806,Has relevent experience,>20,,,2
28665,No relevent experience,6,50-99,Pvt Ltd,2
20961,No relevent experience,5,50-99,Pvt Ltd,2
19597,Has relevent experience,7,100-500,Pvt Ltd,4
3000,Has relevent experience,3,<10,Funded Startup,1
22926,Has relevent experience,9,50-99,Pvt Ltd,1
15379,Has relevent experience,>20,500-999,Pvt Ltd,>4
28576,Has relevent experience,3,10000+,Pvt Ltd,1
4211,Has relevent experience,>20,1000-4999,Public Sector,1
31260,No relevent experience,4,,,1
12076,Has relevent experience,11,<10,Pvt Ltd,>4
26565,Has relevent experience,13,100-500,Pvt Ltd,1
400,Has relevent experience,15,,,>4
5100,Has relevent experience,14,50-99,Early Stage Startup,2
15233,No relevent experience,4,,,1
20631,Has relevent experience,1,5000-9999,Pvt Ltd,1
18874,Has relevent experience,6,100-500,,1
14634,Has relevent experience,10,50-99,Pvt Ltd,>4
19424,Has relevent experience,>20,1000-4999,Public Sector,>4
21436,Has relevent experience,10,10/49,Funded Startup,1
30248,Has relevent experience,16,100-500,Pvt Ltd,>4
2989,Has relevent experience,15,100-500,Pvt Ltd,1
1550,Has relevent experience,5,,,1
8526,Has relevent experience,7,50-99,Early Stage Startup,1
19384,No relevent experience,3,100-500,Pvt Ltd,3
12767,Has relevent experience,18,100-500,Pvt Ltd,4
15609,Has relevent experience,12,10000+,Pvt Ltd,>4
15543,Has relevent experience,16,<10,Pvt Ltd,4
27712,Has relevent experience,9,1000-4999,Pvt Ltd,2
9244,No relevent experience,10,1000-4999,Pvt Ltd,never
10317,Has relevent experience,13,500-999,Pvt Ltd,1
3927,Has relevent experience,>20,10000+,Pvt Ltd,2
1134,Has relevent experience,12,10000+,Pvt Ltd,3
6785,Has relevent experience,4,500-999,Pvt Ltd,1
6528,Has relevent experience,18,10000+,Pvt Ltd,>4
15496,Has relevent experience,>20,100-500,Funded Startup,>4
27246,No relevent experience,<1,,Pvt Ltd,never
16439,No relevent experience,2,100-500,NGO,1
1335,Has relevent experience,6,10000+,Pvt Ltd,4
5900,Has relevent experience,9,50-99,Pvt Ltd,>4
16953,Has relevent experience,3,500-999,Pvt Ltd,1
6533,Has relevent experience,4,1000-4999,Pvt Ltd,1
18625,Has relevent experience,>20,50-99,Pvt Ltd,2
7428,No relevent experience,6,,,1
3840,No relevent experience,4,,,2
20324,Has relevent experience,4,,,
19658,Has relevent experience,9,10/49,Pvt Ltd,1
6595,Has relevent experience,6,50-99,Pvt Ltd,3
28150,No relevent experience,15,50-99,Pvt Ltd,3
27609,Has relevent experience,5,50-99,Pvt Ltd,1
16757,Has relevent experience,>20,,,1
5586,No relevent experience,3,,Pvt Ltd,never
33219,No relevent experience,6,10/49,Pvt Ltd,2
22129,Has relevent experience,10,10/49,Pvt Ltd,>4
17276,Has relevent experience,9,,,never
9409,Has relevent experience,4,50-99,Pvt Ltd,3
31945,Has relevent experience,19,10/49,Pvt Ltd,>4
11427,No relevent experience,5,,,1
22192,Has relevent experience,10,,,1
3344,Has relevent experience,4,50-99,Funded Startup,1
16491,Has relevent experience,>20,10000+,Pvt Ltd,>4
31244,Has relevent experience,6,50-99,Pvt Ltd,4
26737,No relevent experience,>20,50-99,Pvt Ltd,>4
6404,Has relevent experience,17,,Pvt Ltd,>4
7598,Has relevent experience,9,50-99,Public Sector,2
16192,Has relevent experience,15,100-500,Pvt Ltd,>4
31342,Has relevent experience,10,50-99,Pvt Ltd,2
24279,Has relevent experience,3,50-99,Early Stage Startup,1
27979,Has relevent experience,>20,100-500,Pvt Ltd,2
4227,Has relevent experience,15,50-99,Pvt Ltd,2
17231,Has relevent experience,>20,1000-4999,Pvt Ltd,1
20047,Has relevent experience,6,10000+,Pvt Ltd,1
4913,Has relevent experience,9,,,1
24144,Has relevent experience,3,5000-9999,Pvt Ltd,>4
19953,No relevent experience,8,,,4
4204,Has relevent experience,11,,,1
4758,No relevent experience,9,,,never
3834,Has relevent experience,>20,10000+,Pvt Ltd,3
31583,Has relevent experience,>20,500-999,Pvt Ltd,>4
26282,Has relevent experience,6,10/49,Pvt Ltd,2
18398,Has relevent experience,10,5000-9999,Pvt Ltd,1
12577,No relevent experience,>20,500-999,Public Sector,>4
24236,No relevent experience,1,10/49,Early Stage Startup,1
19425,Has relevent experience,8,50-99,Pvt Ltd,2
12376,Has relevent experience,5,50-99,Pvt Ltd,3
958,Has relevent experience,4,1000-4999,Pvt Ltd,1
20445,Has relevent experience,6,5000-9999,Pvt Ltd,1
26033,No relevent experience,3,,,never
24425,No relevent experience,1,,,never
15229,Has relevent experience,>20,5000-9999,Public Sector,4
3035,Has relevent experience,15,<10,Pvt Ltd,>4
11615,No relevent experience,<1,,,never
21589,No relevent experience,3,10000+,Pvt Ltd,1
11581,Has relevent experience,>20,50-99,Pvt Ltd,1
14330,No relevent experience,5,50-99,Pvt Ltd,never
4329,No relevent experience,>20,,,>4
8986,Has relevent experience,3,,,never
10760,No relevent experience,3,50-99,Pvt Ltd,1
22804,Has relevent experience,7,50-99,Pvt Ltd,1
17715,Has relevent experience,17,10000+,Pvt Ltd,1
15533,Has relevent experience,>20,,,>4
28625,Has relevent experience,11,100-500,Funded Startup,2
31908,Has relevent experience,4,,,1
7588,Has relevent experience,14,10000+,Pvt Ltd,1
23822,Has relevent experience,<1,<10,Pvt Ltd,>4
15747,No relevent experience,<1,,,never
4817,No relevent experience,2,10000+,Pvt Ltd,1
22977,Has relevent experience,18,<10,Pvt Ltd,1
8269,Has relevent experience,2,100-500,Pvt Ltd,2
9197,Has relevent experience,3,,,
24321,Has relevent experience,7,10000+,Public Sector,1
23411,No relevent experience,2,,,never
4461,Has relevent experience,8,10/49,Pvt Ltd,
12604,Has relevent experience,3,10/49,Early Stage Startup,1
18215,Has relevent experience,>20,10/49,Pvt Ltd,2
8457,No relevent experience,5,,,never
15074,Has relevent experience,6,50-99,Pvt Ltd,1
18716,Has relevent experience,10,10/49,Pvt Ltd,1
11702,Has relevent experience,3,50-99,Pvt Ltd,2
5526,No relevent experience,2,,Other,never
25647,No relevent experience,7,,,1
2438,No relevent experience,7,,,1
13646,Has relevent experience,3,50-99,Funded Startup,1
32036,No relevent experience,>20,,,1
13207,No relevent experience,2,,,2
8437,Has relevent experience,4,<10,Early Stage Startup,1
28451,Has relevent experience,1,1000-4999,Pvt Ltd,never
8115,No relevent experience,2,50-99,Pvt Ltd,1
19559,No relevent experience,5,100-500,Pvt Ltd,>4
4215,Has relevent experience,9,1000-4999,NGO,1
25521,Has relevent experience,10,500-999,Pvt Ltd,>4
1638,No relevent experience,10,10000+,Pvt Ltd,1
32183,Has relevent experience,5,,Pvt Ltd,1
20796,Has relevent experience,>20,,,>4
8297,Has relevent experience,14,500-999,Pvt Ltd,4
16297,Has relevent experience,>20,1000-4999,Pvt Ltd,1
29594,Has relevent experience,18,5000-9999,Pvt Ltd,>4
14206,Has relevent experience,13,,,1
13650,Has relevent experience,5,10/49,Early Stage Startup,1
21896,No relevent experience,1,,,1
27700,Has relevent experience,>20,50-99,Pvt Ltd,>4
23358,Has relevent experience,9,,,1
8370,No relevent experience,5,,Public Sector,1
12351,Has relevent experience,4,,,1
30541,Has relevent experience,>20,1000-4999,Pvt Ltd,>4
19964,No relevent experience,3,,,never
21162,Has relevent experience,3,100-500,NGO,>4
26382,Has relevent experience,>20,,,>4
25545,No relevent experience,15,50-99,Pvt Ltd,1
15917,Has relevent experience,5,,,never
7164,Has relevent experience,17,100-500,Pvt Ltd,>4
28585,Has relevent experience,5,500-999,Pvt Ltd,1
887,Has relevent experience,6,50-99,Pvt Ltd,never
6408,Has relevent experience,>20,<10,Pvt Ltd,1
20003,Has relevent experience,5,10/49,Pvt Ltd,1
3751,Has relevent experience,19,100-500,Pvt Ltd,>4
26051,Has relevent experience,19,50-99,Pvt Ltd,1
31159,Has relevent experience,8,50-99,Pvt Ltd,1
220,Has relevent experience,>20,10000+,Pvt Ltd,1
18946,No relevent experience,9,,,never
16817,Has relevent experience,7,100-500,Pvt Ltd,1
14036,Has relevent experience,8,50-99,Funded Startup,1
4150,No relevent experience,4,5000-9999,,1
23771,Has relevent experience,4,50-99,Pvt Ltd,1
22560,No relevent experience,3,,,2
19297,Has relevent experience,9,10000+,Pvt Ltd,1
21498,Has relevent experience,19,<10,Pvt Ltd,>4
28311,Has relevent experience,10,10000+,Public Sector,1
31440,Has relevent experience,12,100-500,Pvt Ltd,4
10787,Has relevent experience,13,100-500,,1
22087,Has relevent experience,>20,100-500,Pvt Ltd,>4
28185,Has relevent experience,4,100-500,Pvt Ltd,1
6660,Has relevent experience,7,1000-4999,Pvt Ltd,1
12690,Has relevent experience,14,50-99,Pvt Ltd,>4
10897,Has relevent experience,>20,,,4
2767,No relevent experience,15,1000-4999,NGO,1
6399,Has relevent experience,8,50-99,Pvt Ltd,3
22942,Has relevent experience,11,10000+,Pvt Ltd,>4
133,No relevent experience,5,,Pvt Ltd,never
14307,Has relevent experience,2,<10,Pvt Ltd,1
672,Has relevent experience,9,,,>4
20403,Has relevent experience,3,10000+,Pvt Ltd,1
7427,Has relevent experience,6,,,>4
25587,Has relevent experience,>20,10/49,Pvt Ltd,4
11040,Has relevent experience,16,5000-9999,Pvt Ltd,1
16354,Has relevent experience,5,10000+,Pvt Ltd,3
300,Has relevent experience,>20,50-99,Funded Startup,1
19124,Has relevent experience,>20,1000-4999,Other,>4
26810,No relevent experience,5,10/49,Pvt Ltd,1
12729,Has relevent experience,7,,,never
16487,Has relevent experience,10,,,never
22988,Has relevent experience,>20,100-500,Pvt Ltd,1
7633,No relevent experience,2,5000-9999,Pvt Ltd,2
16541,Has relevent experience,<1,50-99,Pvt Ltd,3
13683,Has relevent experience,5,50-99,Pvt Ltd,2
10872,No relevent experience,3,,,1
21655,Has relevent experience,5,50-99,Pvt Ltd,2
14349,Has relevent experience,>20,10000+,Pvt Ltd,>4
14647,Has relevent experience,11,10000+,Pvt Ltd,3
19264,Has relevent experience,>20,100-500,Pvt Ltd,3
28240,Has relevent experience,14,<10,Early Stage Startup,1
30297,No relevent experience,3,,,1
3111,Has relevent experience,16,100-500,NGO,1
26425,No relevent experience,4,,,never
20180,No relevent experience,1,,,
28362,Has relevent experience,19,10/49,Pvt Ltd,>4
23040,Has relevent experience,>20,1000-4999,Pvt Ltd,1
18516,No relevent experience,2,,,never
10423,Has relevent experience,10,,,1
24525,No relevent experience,2,,,never
7147,Has relevent experience,15,10000+,,1
10005,Has relevent experience,14,,,>4
11619,No relevent experience,3,500-999,NGO,1
16154,No relevent experience,2,,,never
13396,Has relevent experience,19,,,1
16962,No relevent experience,3,,Public Sector,1
31909,No relevent experience,10,,,1
7151,Has relevent experience,14,10000+,Public Sector,2
19006,Has relevent experience,10,5000-9999,Pvt Ltd,1
20067,Has relevent experience,>20,,,1
21759,Has relevent experience,>20,,,>4
22476,Has relevent experience,4,50-99,NGO,1
3102,Has relevent experience,18,10/49,Pvt Ltd,1
6018,Has relevent experience,11,50-99,Pvt Ltd,1
30303,Has relevent experience,10,10/49,Pvt Ltd,1
14190,No relevent experience,4,,,2
15714,Has relevent experience,9,10000+,Pvt Ltd,>4
7483,Has relevent experience,16,,,1
29623,Has relevent experience,1,,,1
17755,Has relevent experience,6,10000+,Pvt Ltd,1
7640,Has relevent experience,>20,50-99,Pvt Ltd,3
27870,No relevent experience,4,,,never
29042,No relevent experience,5,10000+,Pvt Ltd,1
22014,Has relevent experience,14,100-500,Pvt Ltd,1
3851,Has relevent experience,7,100-500,NGO,1
9518,Has relevent experience,>20,,,1
17723,Has relevent experience,<1,100-500,NGO,1
4284,Has relevent experience,>20,500-999,Pvt Ltd,>4
16579,Has relevent experience,16,100-500,Funded Startup,>4
12975,No relevent experience,5,,,never
30057,No relevent experience,>20,,,1
22442,No relevent experience,6,,,2
15717,No relevent experience,3,,,1
17380,No relevent experience,3,<10,Public Sector,1
17490,Has relevent experience,>20,<10,Pvt Ltd,>4
22880,Has relevent experience,17,,,1
31751,Has relevent experience,12,5000-9999,Pvt Ltd,1
27290,No relevent experience,16,1000-4999,Other,>4
30553,No relevent experience,4,,Pvt Ltd,never
16786,Has relevent experience,5,,Pvt Ltd,1
19689,Has relevent experience,5,100-500,Pvt Ltd,1
10337,No relevent experience,16,500-999,Pvt Ltd,2
21076,Has relevent experience,16,10000+,Pvt Ltd,>4
31434,Has relevent experience,>20,,,>4
1938,No relevent experience,12,,,
31815,Has relevent experience,8,10000+,Pvt Ltd,2
6455,No relevent experience,5,,,never
21719,Has relevent experience,4,500-999,Public Sector,1
7736,Has relevent experience,7,<10,Funded Startup,1
7714,Has relevent experience,6,10000+,,1
24529,Has relevent experience,19,50-99,Pvt Ltd,4
27591,No relevent experience,10,500-999,Pvt Ltd,3
22653,Has relevent experience,12,,,1
3227,No relevent experience,8,10000+,Pvt Ltd,2
24390,No relevent experience,3,,,1
21014,Has relevent experience,3,50-99,Funded Startup,1
13905,Has relevent experience,9,<10,Pvt Ltd,>4
6978,Has relevent experience,5,10000+,Pvt Ltd,3
4009,No relevent experience,4,,,never
25035,Has relevent experience,,,,2
18006,Has relevent experience,9,100-500,Pvt Ltd,>4
6959,No relevent experience,9,,,1
8883,Has relevent experience,14,100-500,Pvt Ltd,4
32831,No relevent experience,3,50-99,Funded Startup,1
999,Has relevent experience,10,500-999,Pvt Ltd,2
4925,Has relevent experience,9,100-500,NGO,never
29693,Has relevent experience,9,100-500,Pvt Ltd,>4
1774,Has relevent experience,9,500-999,Pvt Ltd,4
11312,Has relevent experience,9,50-99,Pvt Ltd,1
17387,Has relevent experience,9,10000+,,1
13116,Has relevent experience,9,50-99,Pvt Ltd,1
8099,Has relevent experience,7,50-99,Pvt Ltd,4
3863,Has relevent experience,3,100-500,Pvt Ltd,2
31569,Has relevent experience,>20,,Public Sector,1
25229,Has relevent experience,>20,<10,Pvt Ltd,3
16857,No relevent experience,12,5000-9999,Public Sector,2
28668,No relevent experience,10,,,1
17693,Has relevent experience,8,10/49,Early Stage Startup,2
21061,No relevent experience,<1,,,never
14612,Has relevent experience,4,1000-4999,Pvt Ltd,1
3641,Has relevent experience,>20,100-500,Pvt Ltd,3
28974,Has relevent experience,5,10/49,Pvt Ltd,2
5811,No relevent experience,7,<10,Public Sector,2
24256,No relevent experience,4,10/49,Public Sector,1
27094,Has relevent experience,20,50-99,Pvt Ltd,1
26148,No relevent experience,2,,,never
32488,Has relevent experience,5,50-99,Pvt Ltd,1
9379,Has relevent experience,19,,,1
12567,No relevent experience,5,<10,,>4
23208,No relevent experience,14,100-500,Pvt Ltd,>4
30946,Has relevent experience,>20,,,1
14289,Has relevent experience,>20,10000+,Pvt Ltd,2
19975,Has relevent experience,9,10000+,Pvt Ltd,>4
17492,Has relevent experience,12,,,>4
29311,Has relevent experience,10,50-99,Pvt Ltd,3
25849,Has relevent experience,14,1000-4999,Pvt Ltd,>4
10698,Has relevent experience,>20,10/49,Pvt Ltd,2
9078,Has relevent experience,4,,,1
30807,No relevent experience,7,,,never
7762,Has relevent experience,10,1000-4999,Pvt Ltd,3
31814,Has relevent experience,>20,<10,Pvt Ltd,>4
25170,Has relevent experience,1,100-500,Pvt Ltd,1
21452,No relevent experience,8,50-99,Public Sector,2
31986,Has relevent experience,5,,,1
9254,Has relevent experience,3,10/49,Pvt Ltd,1
13168,Has relevent experience,>20,100-500,Pvt Ltd,3
17080,No relevent experience,3,,,1
29187,Has relevent experience,7,,,2
24857,Has relevent experience,>20,,,>4
20857,No relevent experience,>20,<10,Public Sector,4
11269,Has relevent experience,>20,,,>4
10594,Has relevent experience,>20,50-99,Pvt Ltd,2
32205,Has relevent experience,3,<10,Pvt Ltd,1
582,No relevent experience,14,,,2
11315,No relevent experience,4,,,4
3322,Has relevent experience,10,50-99,Pvt Ltd,1
16608,No relevent experience,2,,,never
12164,Has relevent experience,11,10000+,Pvt Ltd,never
14748,Has relevent experience,>20,1000-4999,Pvt Ltd,>4
5653,Has relevent experience,5,,,1
17615,Has relevent experience,16,10/49,Pvt Ltd,1
18777,No relevent experience,11,10/49,Pvt Ltd,>4
3802,Has relevent experience,>20,,,1
24100,No relevent experience,10,1000-4999,Public Sector,2
29100,Has relevent experience,14,5000-9999,Pvt Ltd,4
19044,Has relevent experience,6,50-99,Pvt Ltd,4
29467,Has relevent experience,10,,,1
27332,Has relevent experience,14,,,1
1496,Has relevent experience,10,10/49,Funded Startup,1
25010,Has relevent experience,6,500-999,Pvt Ltd,never
28011,Has relevent experience,>20,5000-9999,Pvt Ltd,>4
25442,Has relevent experience,14,100-500,Pvt Ltd,>4
15122,Has relevent experience,17,1000-4999,Public Sector,1
8097,Has relevent experience,12,500-999,Pvt Ltd,>4
29206,Has relevent experience,11,50-99,Funded Startup,1
2654,Has relevent experience,4,<10,Pvt Ltd,1
29247,Has relevent experience,>20,1000-4999,Pvt Ltd,1
6626,No relevent experience,20,1000-4999,Public Sector,2
9026,Has relevent experience,6,50-99,Pvt Ltd,2
17943,Has relevent experience,13,500-999,Pvt Ltd,2
30029,Has relevent experience,>20,10000+,NGO,>4
32051,Has relevent experience,11,100-500,Pvt Ltd,>4
22659,No relevent experience,1,500-999,Pvt Ltd,1
31883,Has relevent experience,5,50-99,Pvt Ltd,3
22912,No relevent experience,2,,,never
5348,No relevent experience,9,,,1
11898,Has relevent experience,20,,,3
640,Has relevent experience,>20,100-500,Pvt Ltd,>4
4407,No relevent experience,3,100-500,Pvt Ltd,1
29054,No relevent experience,3,500-999,Pvt Ltd,never
14275,No relevent experience,4,10/49,Pvt Ltd,1
30003,Has relevent experience,12,1000-4999,Pvt Ltd,1
15848,Has relevent experience,4,50-99,NGO,1
13847,Has relevent experience,7,10/49,Pvt Ltd,>4
3182,Has relevent experience,3,50-99,Funded Startup,1
17029,Has relevent experience,2,50-99,Funded Startup,2
5628,Has relevent experience,4,500-999,,
27958,Has relevent experience,12,100-500,Pvt Ltd,4
24228,No relevent experience,2,,,never
24547,Has relevent experience,14,50-99,Pvt Ltd,4
3518,Has relevent experience,>20,,,>4
18245,Has relevent experience,1,10000+,Pvt Ltd,1
5245,No relevent experience,4,<10,Pvt Ltd,1
32166,Has relevent experience,>20,1000-4999,Pvt Ltd,1
1260,No relevent experience,5,,,4
17771,Has relevent experience,10,10000+,Pvt Ltd,1
3703,No relevent experience,>20,,,3
25357,Has relevent experience,<1,10000+,Pvt Ltd,>4
14949,Has relevent experience,7,10/49,NGO,1
18014,No relevent experience,<1,,,never
4631,Has relevent experience,9,100-500,Pvt Ltd,2
10488,Has relevent experience,<1,50-99,Funded Startup,1
22040,Has relevent experience,14,,,1
9313,Has relevent experience,4,50-99,Pvt Ltd,4
12981,No relevent experience,4,,,
24209,No relevent experience,2,<10,Pvt Ltd,1
29209,Has relevent experience,7,10000+,Public Sector,2
31396,Has relevent experience,15,5000-9999,Pvt Ltd,1
13936,Has relevent experience,>20,,,>4
3575,No relevent experience,3,10000+,Pvt Ltd,2
29317,Has relevent experience,4,50-99,Pvt Ltd,1
22565,Has relevent experience,16,100-500,Pvt Ltd,2
17645,Has relevent experience,12,50-99,,>4
19488,Has relevent experience,8,50-99,Early Stage Startup,1
5595,No relevent experience,8,5000-9999,Pvt Ltd,>4
11634,Has relevent experience,4,10/49,Pvt Ltd,1
4849,No relevent experience,8,,,1
8121,Has relevent experience,6,50-99,,2
29551,Has relevent experience,>20,50-99,Pvt Ltd,>4
1602,No relevent experience,4,,,1
31107,Has relevent experience,>20,,,>4
12088,Has relevent experience,11,50-99,Pvt Ltd,1
30050,No relevent experience,>20,10000+,Pvt Ltd,>4
16592,No relevent experience,18,5000-9999,Pvt Ltd,2
28399,No relevent experience,2,,,never
1248,No relevent experience,8,,,2
1200,Has relevent experience,>20,500-999,Pvt Ltd,>4
7488,Has relevent experience,10,10000+,Pvt Ltd,1
10025,Has relevent experience,10,10/49,Funded Startup,1
9319,Has relevent experience,>20,100-500,Pvt Ltd,>4
24736,No relevent experience,4,,,never
17399,Has relevent experience,>20,<10,Pvt Ltd,>4
31535,Has relevent experience,>20,1000-4999,Pvt Ltd,1
26531,Has relevent experience,<1,100-500,Pvt Ltd,
6363,Has relevent experience,5,10000+,Public Sector,1
16622,No relevent experience,2,,,never
6347,No relevent experience,>20,,,>4
4930,Has relevent experience,>20,100-500,Public Sector,4
25898,Has relevent experience,17,10000+,Pvt Ltd,1
637,Has relevent experience,15,,Pvt Ltd,1
23630,No relevent experience,<1,,,never
55,Has relevent experience,12,50-99,Funded Startup,4
28441,Has relevent experience,4,10/49,Pvt Ltd,4
16700,Has relevent experience,5,10/49,Funded Startup,1
16934,No relevent experience,>20,50-99,Pvt Ltd,1
15971,No relevent experience,8,50-99,Pvt Ltd,4
8084,Has relevent experience,2,<10,Early Stage Startup,1
8249,Has relevent experience,12,100-500,,1
16801,Has relevent experience,14,,Pvt Ltd,1
8784,No relevent experience,3,100-500,Pvt Ltd,2
27380,Has relevent experience,19,,,3
24379,Has relevent experience,6,10/49,Pvt Ltd,never
1192,No relevent experience,1,1000-4999,Pvt Ltd,never
12155,Has relevent experience,7,100-500,Pvt Ltd,2
17461,Has relevent experience,9,,,2
8933,No relevent experience,5,,,never
3403,Has relevent experience,15,<10,,1
2220,Has relevent experience,9,50-99,Pvt Ltd,>4
16896,No relevent experience,>20,50-99,Other,>4
10694,Has relevent experience,3,1000-4999,Pvt Ltd,1
19575,Has relevent experience,>20,50-99,Pvt Ltd,1
12243,No relevent experience,7,,,never
12061,Has relevent experience,4,10000+,Other,1
25940,Has relevent experience,10,10000+,Pvt Ltd,1
22671,Has relevent experience,9,500-999,Pvt Ltd,>4
12230,No relevent experience,18,10000+,Pvt Ltd,>4
10063,Has relevent experience,>20,100-500,Funded Startup,1
6135,Has relevent experience,10,50-99,Pvt Ltd,1
24119,Has relevent experience,11,,,1
15030,Has relevent experience,6,50-99,Pvt Ltd,1
29878,Has relevent experience,10,50-99,Pvt Ltd,1
2697,Has relevent experience,15,1000-4999,Pvt Ltd,>4
10591,Has relevent experience,4,500-999,Pvt Ltd,never
4060,Has relevent experience,19,<10,Pvt Ltd,>4
26786,Has relevent experience,1,<10,,1
22763,No relevent experience,5,,,never
28287,Has relevent experience,>20,,,1
28254,Has relevent experience,14,50-99,Pvt Ltd,4
2410,Has relevent experience,5,100-500,Pvt Ltd,1
15553,Has relevent experience,9,10000+,Pvt Ltd,2
11973,Has relevent experience,6,50-99,Funded Startup,1
22500,No relevent experience,5,,,never
5652,Has relevent experience,9,10/49,,1
1115,Has relevent experience,3,10000+,Pvt Ltd,2
32046,Has relevent experience,16,,,1
4786,Has relevent experience,9,50-99,Pvt Ltd,>4
12092,Has relevent experience,5,<10,Pvt Ltd,1
9240,Has relevent experience,10,50-99,Pvt Ltd,1
33249,No relevent experience,3,,,1
8798,Has relevent experience,15,,,1
17497,Has relevent experience,13,<10,Pvt Ltd,1
11245,Has relevent experience,17,5000-9999,Pvt Ltd,>4
9434,Has relevent experience,>20,5000-9999,Pvt Ltd,>4
31155,Has relevent experience,9,100-500,Pvt Ltd,1
125,Has relevent experience,7,100-500,Public Sector,2
1559,Has relevent experience,15,10000+,Pvt Ltd,>4
4011,Has relevent experience,3,1000-4999,,1
13579,Has relevent experience,6,100-500,Pvt Ltd,1
25793,Has relevent experience,8,100-500,Pvt Ltd,1
21722,Has relevent experience,15,50-99,,never
17043,No relevent experience,<1,,,3
17686,Has relevent experience,>20,1000-4999,Pvt Ltd,4
6037,Has relevent experience,16,500-999,Pvt Ltd,>4
12786,Has relevent experience,,10/49,NGO,
11289,Has relevent experience,8,100-500,Pvt Ltd,1
33175,Has relevent experience,8,10000+,Pvt Ltd,3
8741,Has relevent experience,>20,50-99,Pvt Ltd,2
9084,Has relevent experience,11,10/49,Pvt Ltd,1
20329,Has relevent experience,>20,50-99,Pvt Ltd,1
10946,Has relevent experience,7,10000+,Pvt Ltd,1
26404,Has relevent experience,6,,,1
31457,Has relevent experience,16,100-500,Pvt Ltd,2
12086,No relevent experience,2,,,never
11282,Has relevent experience,13,,,1
30181,No relevent experience,10,1000-4999,Pvt Ltd,4
14727,Has relevent experience,10,10/49,Pvt Ltd,1
13289,Has relevent experience,12,500-999,Pvt Ltd,2
24772,Has relevent experience,9,,,1
12095,Has relevent experience,10,100-500,Pvt Ltd,>4
5858,Has relevent experience,>20,,,2
10307,Has relevent experience,11,5000-9999,Pvt Ltd,2
6901,Has relevent experience,5,50-99,Pvt Ltd,1
6158,Has relevent experience,>20,,,1
3196,Has relevent experience,7,<10,Early Stage Startup,1
1479,No relevent experience,14,10/49,Pvt Ltd,>4
32387,Has relevent experience,2,50-99,Pvt Ltd,1
31488,Has relevent experience,>20,,,3
29569,Has relevent experience,10,100-500,Pvt Ltd,2
23131,Has relevent experience,10,,,4
22509,No relevent experience,4,,,1
10212,Has relevent experience,3,<10,Funded Startup,2
28998,Has relevent experience,11,50-99,Pvt Ltd,>4
23409,Has relevent experience,5,50-99,Pvt Ltd,1
24402,Has relevent experience,>20,10/49,Pvt Ltd,1
27134,Has relevent experience,7,,Pvt Ltd,1
23751,No relevent experience,1,,,
3219,Has relevent experience,11,10000+,Pvt Ltd,never
15707,Has relevent experience,9,,,2
30655,No relevent experience,<1,,,never
31518,No relevent experience,4,,Pvt Ltd,never
30189,No relevent experience,10,<10,Pvt Ltd,>4
23608,Has relevent experience,>20,100-500,Pvt Ltd,>4
21663,Has relevent experience,3,1000-4999,Pvt Ltd,2
18335,Has relevent experience,4,,,1
20765,No relevent experience,2,10/49,Early Stage Startup,1
14270,Has relevent experience,6,10000+,Pvt Ltd,1
17643,Has relevent experience,6,,,2
33375,Has relevent experience,16,50-99,Public Sector,1
20489,Has relevent experience,>20,50-99,Pvt Ltd,>4
32740,Has relevent experience,16,10/49,Funded Startup,1
26229,Has relevent experience,>20,5000-9999,Pvt Ltd,4
23828,No relevent experience,3,,,1
19052,Has relevent experience,5,5000-9999,Pvt Ltd,2
22288,Has relevent experience,14,,,1
32942,Has relevent experience,>20,10/49,Pvt Ltd,>4
1090,Has relevent experience,>20,50-99,Pvt Ltd,2
25881,No relevent experience,6,,,never
30665,Has relevent experience,11,10000+,Pvt Ltd,1
20204,Has relevent experience,>20,<10,Pvt Ltd,>4
5599,Has relevent experience,>20,1000-4999,Pvt Ltd,4
32848,No relevent experience,4,50-99,Pvt Ltd,1
28147,Has relevent experience,16,1000-4999,Other,>4
5918,No relevent experience,<1,,,never
27227,Has relevent experience,11,<10,Pvt Ltd,1
3941,Has relevent experience,15,50-99,Pvt Ltd,1
17360,Has relevent experience,>20,,,never
31135,Has relevent experience,5,10000+,Pvt Ltd,never
15957,Has relevent experience,6,<10,Public Sector,2
15059,Has relevent experience,12,500-999,Pvt Ltd,1
4358,Has relevent experience,>20,,,>4
15029,Has relevent experience,4,1000-4999,Pvt Ltd,1
3676,No relevent experience,15,5000-9999,NGO,>4
7367,Has relevent experience,6,50-99,Pvt Ltd,1
17831,No relevent experience,3,,,never
27345,No relevent experience,3,,,1
29924,Has relevent experience,13,100-500,Public Sector,2
8700,Has relevent experience,>20,,,>4
21201,Has relevent experience,>20,,,1
2847,Has relevent experience,>20,50-99,Pvt Ltd,>4
19584,Has relevent experience,>20,,,1
17881,Has relevent experience,>20,10000+,Pvt Ltd,1
18933,Has relevent experience,>20,,,>4
20099,Has relevent experience,16,100-500,Funded Startup,1
13012,Has relevent experience,3,10000+,Pvt Ltd,1
10468,Has relevent experience,5,50-99,Pvt Ltd,2
28856,No relevent experience,8,,,1
23404,Has relevent experience,11,,,1
3865,Has relevent experience,10,,Public Sector,3
780,No relevent experience,2,<10,Early Stage Startup,never
18594,Has relevent experience,>20,,,
7727,Has relevent experience,9,100-500,Pvt Ltd,1
24510,Has relevent experience,15,,,1
1800,Has relevent experience,3,50-99,Pvt Ltd,1
28621,Has relevent experience,11,10000+,Pvt Ltd,1
22877,Has relevent experience,>20,10000+,Pvt Ltd,>4
17822,No relevent experience,2,,,1
24095,Has relevent experience,>20,500-999,Public Sector,4
32706,Has relevent experience,11,1000-4999,Pvt Ltd,>4
5349,No relevent experience,6,10000+,Pvt Ltd,4
11794,Has relevent experience,17,,,2
27756,Has relevent experience,16,10000+,Public Sector,2
25289,Has relevent experience,14,500-999,Pvt Ltd,1
24610,Has relevent experience,5,50-99,Pvt Ltd,1
21463,Has relevent experience,15,,,never
24135,Has relevent experience,2,10/49,Pvt Ltd,1
28434,Has relevent experience,6,50-99,Funded Startup,1
11371,Has relevent experience,6,50-99,Pvt Ltd,4
1204,Has relevent experience,>20,,Public Sector,1
3140,Has relevent experience,5,500-999,,
8435,Has relevent experience,>20,,,>4
9736,No relevent experience,7,,,>4
30228,Has relevent experience,13,10/49,,2
4017,Has relevent experience,>20,10/49,Early Stage Startup,2
15154,Has relevent experience,11,50-99,Pvt Ltd,1
10764,Has relevent experience,12,500-999,Pvt Ltd,2
3630,Has relevent experience,11,<10,Pvt Ltd,1
713,Has relevent experience,8,10000+,Other,2
7551,Has relevent experience,3,<10,Funded Startup,1
3334,Has relevent experience,20,,,>4
23141,No relevent experience,9,10000+,Pvt Ltd,1
6380,Has relevent experience,11,10000+,Pvt Ltd,2
27653,No relevent experience,2,,,1
8323,Has relevent experience,20,100-500,Pvt Ltd,2
27027,Has relevent experience,15,10000+,Pvt Ltd,1
31044,Has relevent experience,10,1000-4999,Pvt Ltd,1
8177,Has relevent experience,6,,,1
10789,Has relevent experience,5,500-999,Pvt Ltd,1
979,No relevent experience,12,100-500,Pvt Ltd,1
26175,No relevent experience,>20,,,>4
9758,Has relevent experience,12,500-999,Pvt Ltd,1
15504,Has relevent experience,6,10/49,Pvt Ltd,1
14124,No relevent experience,3,,,
26184,Has relevent experience,6,1000-4999,Pvt Ltd,1
8108,Has relevent experience,6,50-99,Pvt Ltd,1
21063,No relevent experience,11,100-500,NGO,>4
18084,Has relevent experience,14,10000+,Pvt Ltd,3
24726,Has relevent experience,8,500-999,Public Sector,2
6844,No relevent experience,2,,,never
25369,Has relevent experience,>20,50-99,Pvt Ltd,
16390,Has relevent experience,4,,,never
8719,No relevent experience,3,<10,,never
24865,No relevent experience,3,,,1
25856,Has relevent experience,6,<10,Pvt Ltd,2
2651,Has relevent experience,14,100-500,Pvt Ltd,2
982,No relevent experience,3,,,
8877,Has relevent experience,6,50-99,Pvt Ltd,>4
800,Has relevent experience,10,10/49,Pvt Ltd,3
29191,No relevent experience,12,10000+,Public Sector,>4
8673,Has relevent experience,>20,10000+,Pvt Ltd,3
23598,No relevent experience,>20,500-999,Pvt Ltd,>4
12764,No relevent experience,4,50-99,Pvt Ltd,4
9158,Has relevent experience,,5000-9999,,1
2476,Has relevent experience,>20,1000-4999,Pvt Ltd,1
1087,Has relevent experience,19,500-999,Pvt Ltd,>4
28876,Has relevent experience,16,10000+,Pvt Ltd,>4
6038,Has relevent experience,17,100-500,Pvt Ltd,1
16382,No relevent experience,<1,10000+,Pvt Ltd,2
5128,No relevent experience,<1,,,never
30551,No relevent experience,4,,Pvt Ltd,never
25019,No relevent experience,1,10/49,,1
13608,Has relevent experience,6,1000-4999,Pvt Ltd,1
31055,No relevent experience,7,,,2
17088,No relevent experience,1,5000-9999,,never
33105,Has relevent experience,12,100-500,Pvt Ltd,1
4689,Has relevent experience,11,1000-4999,Pvt Ltd,3
3785,No relevent experience,17,100-500,NGO,>4
8747,Has relevent experience,6,1000-4999,Pvt Ltd,1
32626,Has relevent experience,,10/49,,1
27903,No relevent experience,3,,,never
28895,Has relevent experience,>20,10/49,Pvt Ltd,1
31617,Has relevent experience,18,100-500,Funded Startup,1
16764,Has relevent experience,>20,,,2
32504,Has relevent experience,1,50-99,Pvt Ltd,
11208,No relevent experience,<1,,,1
27039,Has relevent experience,4,50-99,Pvt Ltd,1
32228,Has relevent experience,>20,100-500,Funded Startup,3
2845,Has relevent experience,10,500-999,Pvt Ltd,1
16548,No relevent experience,<1,1000-4999,Public Sector,
15281,Has relevent experience,>20,,,>4
11454,Has relevent experience,>20,50-99,Pvt Ltd,1
31904,Has relevent experience,16,,,>4
20944,No relevent experience,5,,,1
9559,Has relevent experience,>20,50-99,Pvt Ltd,>4
7698,Has relevent experience,8,50-99,Funded Startup,1
6507,No relevent experience,3,,,never
20372,Has relevent experience,14,10/49,Pvt Ltd,1
9357,Has relevent experience,6,1000-4999,Pvt Ltd,1
29953,Has relevent experience,8,1000-4999,Pvt Ltd,>4
9943,Has relevent experience,15,10000+,Pvt Ltd,>4
8706,Has relevent experience,10,50-99,Pvt Ltd,>4
13245,Has relevent experience,17,<10,,>4
554,Has relevent experience,8,50-99,Pvt Ltd,2
12619,Has relevent experience,5,10/49,Public Sector,2
11419,Has relevent experience,>20,100-500,Public Sector,2
8362,No relevent experience,2,,,never
26264,No relevent experience,3,,Public Sector,never
23330,No relevent experience,1,50-99,Early Stage Startup,never
8575,No relevent experience,3,,,never
6949,No relevent experience,4,,,never
12141,No relevent experience,4,,,1
23900,Has relevent experience,>20,50-99,Pvt Ltd,>4
13,Has relevent experience,>20,1000-4999,Pvt Ltd,>4
15206,Has relevent experience,12,10000+,Pvt Ltd,1
30476,Has relevent experience,>20,10000+,Pvt Ltd,3
30765,Has relevent experience,<1,,Pvt Ltd,never
5635,Has relevent experience,10,100-500,Pvt Ltd,1
3444,Has relevent experience,14,10/49,Pvt Ltd,1
18123,Has relevent experience,9,10000+,Pvt Ltd,1
20605,Has relevent experience,14,50-99,,>4
12527,Has relevent experience,5,100-500,Pvt Ltd,1
29744,Has relevent experience,4,<10,Pvt Ltd,1
10913,No relevent experience,11,1000-4999,Pvt Ltd,1
31463,No relevent experience,1,,Pvt Ltd,never
25684,Has relevent experience,6,50-99,,1
5132,No relevent experience,7,,Pvt Ltd,never
15236,Has relevent experience,17,50-99,Pvt Ltd,1
25724,No relevent experience,14,10000+,NGO,>4
20589,No relevent experience,1,<10,Public Sector,never
12965,No relevent experience,1,10000+,Pvt Ltd,never
29037,Has relevent experience,>20,10000+,Pvt Ltd,>4
22741,Has relevent experience,>20,500-999,Pvt Ltd,4
24132,No relevent experience,4,10/49,,1
30815,Has relevent experience,>20,1000-4999,Pvt Ltd,>4
3318,Has relevent experience,>20,,,>4
22482,Has relevent experience,15,10000+,Pvt Ltd,1
20752,No relevent experience,2,10000+,Pvt Ltd,1
26223,Has relevent experience,<1,500-999,Public Sector,1
11523,No relevent experience,9,100-500,Pvt Ltd,1
12159,Has relevent experience,15,<10,,3
22110,Has relevent experience,>20,,,3
9277,Has relevent experience,4,50-99,Pvt Ltd,1
11870,Has relevent experience,6,,,2
29568,Has relevent experience,4,50-99,Funded Startup,1
715,Has relevent experience,8,100-500,Pvt Ltd,1
21814,Has relevent experience,10,5000-9999,,
20093,Has relevent experience,>20,50-99,Funded Startup,3
30239,Has relevent experience,11,10/49,Funded Startup,1
22307,Has relevent experience,>20,10000+,Pvt Ltd,>4
971,Has relevent experience,3,5000-9999,Pvt Ltd,2
12049,Has relevent experience,>20,50-99,Funded Startup,1
25669,Has relevent experience,>20,50-99,Pvt Ltd,2
19037,Has relevent experience,>20,100-500,Pvt Ltd,1
4278,No relevent experience,>20,,,>4
28246,Has relevent experience,6,5000-9999,,1
17294,Has relevent experience,4,10000+,Pvt Ltd,2
31779,Has relevent experience,6,,,
14482,Has relevent experience,11,50-99,Pvt Ltd,1
12837,Has relevent experience,10,,,1
9233,Has relevent experience,4,100-500,NGO,1
14372,Has relevent experience,>20,100-500,Pvt Ltd,>4
1280,Has relevent experience,4,1000-4999,Pvt Ltd,1
24421,No relevent experience,4,,,3
23980,No relevent experience,1,,,1
27029,Has relevent experience,>20,50-99,Pvt Ltd,1
2669,No relevent experience,<1,,Pvt Ltd,never
2299,Has relevent experience,,10/49,,
21445,No relevent experience,4,,Public Sector,
19849,Has relevent experience,13,50-99,Pvt Ltd,1
25343,No relevent experience,>20,10000+,Pvt Ltd,>4
86,Has relevent experience,17,100-500,Pvt Ltd,>4
12392,No relevent experience,>20,50-99,Pvt Ltd,>4
2548,Has relevent experience,10,100-500,Pvt Ltd,1
24672,Has relevent experience,14,1000-4999,Pvt Ltd,>4
21355,Has relevent experience,14,1000-4999,Pvt Ltd,2
5574,Has relevent experience,3,1000-4999,Pvt Ltd,2
11171,Has relevent experience,12,10/49,Pvt Ltd,4
29208,Has relevent experience,7,10000+,Pvt Ltd,2
21401,Has relevent experience,15,1000-4999,Pvt Ltd,>4
6690,Has relevent experience,17,,,1
4473,Has relevent experience,15,500-999,Funded Startup,2
11879,Has relevent experience,8,1000-4999,Pvt Ltd,1
32240,No relevent experience,<1,,,1
31499,No relevent experience,8,10/49,Early Stage Startup,never
32012,Has relevent experience,12,1000-4999,Pvt Ltd,4
12848,Has relevent experience,8,,Pvt Ltd,3
20503,Has relevent experience,6,5000-9999,Pvt Ltd,1
16825,Has relevent experience,>20,1000-4999,Pvt Ltd,>4
11562,Has relevent experience,10,,,4
24141,Has relevent experience,>20,50-99,Pvt Ltd,4
5343,Has relevent experience,>20,100-500,Pvt Ltd,1
20801,No relevent experience,4,,,never
29132,Has relevent experience,9,50-99,Pvt Ltd,1
2593,Has relevent experience,3,100-500,Pvt Ltd,1
24478,Has relevent experience,16,50-99,Pvt Ltd,1
19223,Has relevent experience,10,10000+,Pvt Ltd,1
23989,Has relevent experience,15,10000+,Pvt Ltd,1
2467,Has relevent experience,7,50-99,Funded Startup,1
15791,Has relevent experience,12,10000+,Pvt Ltd,>4
28839,No relevent experience,2,100-500,Pvt Ltd,2
30483,No relevent experience,5,,,1
14955,Has relevent experience,3,50-99,Pvt Ltd,1
5836,Has relevent experience,7,10/49,Pvt Ltd,3
30218,No relevent experience,2,50-99,,1
29777,Has relevent experience,5,10/49,Pvt Ltd,3
17220,Has relevent experience,7,10000+,Pvt Ltd,3
21450,Has relevent experience,5,10000+,Pvt Ltd,2
7216,Has relevent experience,4,50-99,Pvt Ltd,1
17785,Has relevent experience,10,100-500,Pvt Ltd,2
33275,Has relevent experience,9,,,1
26460,Has relevent experience,17,<10,Pvt Ltd,>4
10416,Has relevent experience,7,50-99,,1
32301,Has relevent experience,6,<10,Early Stage Startup,1
20968,No relevent experience,<1,,,never
157,Has relevent experience,5,10000+,Pvt Ltd,never
33022,No relevent experience,2,10/49,Pvt Ltd,2
14422,Has relevent experience,6,,,never
22393,Has relevent experience,8,1000-4999,Pvt Ltd,2
2044,Has relevent experience,10,50-99,Pvt Ltd,1
22722,Has relevent experience,>20,,,>4
32666,No relevent experience,5,,,>4
25330,Has relevent experience,>20,10000+,Pvt Ltd,2
26084,Has relevent experience,10,50-99,Pvt Ltd,1
22865,No relevent experience,5,1000-4999,Pvt Ltd,1
23209,No relevent experience,16,,,4
11260,Has relevent experience,>20,10000+,Pvt Ltd,>4
21467,Has relevent experience,6,10/49,Pvt Ltd,2
1224,No relevent experience,10,10000+,Public Sector,
3051,Has relevent experience,12,10/49,Pvt Ltd,>4
30206,Has relevent experience,8,10/49,Pvt Ltd,1
13240,No relevent experience,8,10000+,Pvt Ltd,1
23136,No relevent experience,5,1000-4999,Pvt Ltd,>4
26765,No relevent experience,11,10000+,Pvt Ltd,3
20535,Has relevent experience,9,50-99,Pvt Ltd,1
13974,Has relevent experience,>20,50-99,Pvt Ltd,1
19525,Has relevent experience,3,50-99,Pvt Ltd,2
26364,Has relevent experience,6,,,1
24663,No relevent experience,2,,,2
25145,Has relevent experience,13,,Pvt Ltd,1
3512,Has relevent experience,9,50-99,Pvt Ltd,2
32031,Has relevent experience,>20,,,>4
14314,Has relevent experience,>20,10000+,Pvt Ltd,>4
31938,Has relevent experience,17,50-99,Pvt Ltd,1
18914,No relevent experience,6,50-99,,1
28058,Has relevent experience,5,10000+,Pvt Ltd,4
3273,Has relevent experience,12,10000+,Pvt Ltd,>4
25419,Has relevent experience,>20,10000+,Pvt Ltd,>4
8463,Has relevent experience,5,100-500,Pvt Ltd,>4
6126,Has relevent experience,12,5000-9999,Pvt Ltd,1
21158,Has relevent experience,>20,,,3
25347,No relevent experience,<1,50-99,Pvt Ltd,1
11055,No relevent experience,6,,,never
26030,Has relevent experience,>20,10000+,Pvt Ltd,2
15323,Has relevent experience,11,,,2
6915,No relevent experience,17,100-500,NGO,>4
27293,Has relevent experience,13,<10,Funded Startup,4
32299,No relevent experience,3,,,never
4380,Has relevent experience,5,10000+,Pvt Ltd,1
721,Has relevent experience,15,50-99,,1
21903,Has relevent experience,>20,,,>4
29994,Has relevent experience,17,<10,Funded Startup,1
635,Has relevent experience,10,100-500,Pvt Ltd,3
13219,Has relevent experience,10,10/49,Funded Startup,1
13340,Has relevent experience,9,500-999,Public Sector,1
1511,Has relevent experience,4,10/49,Funded Startup,1
28072,Has relevent experience,5,,,1
33087,Has relevent experience,11,100-500,Pvt Ltd,1
27116,Has relevent experience,16,10000+,Pvt Ltd,4
25359,Has relevent experience,4,<10,Other,2
30361,Has relevent experience,8,500-999,Pvt Ltd,4
22637,No relevent experience,>20,10000+,Pvt Ltd,>4
15893,No relevent experience,>20,10000+,Pvt Ltd,2
9467,Has relevent experience,>20,10/49,Pvt Ltd,>4
24918,No relevent experience,5,10000+,,>4
28960,Has relevent experience,6,100-500,Funded Startup,1
5872,Has relevent experience,15,100-500,Pvt Ltd,>4
24849,Has relevent experience,1,,,1
7918,Has relevent experience,3,50-99,Pvt Ltd,never
4319,Has relevent experience,>20,100-500,Pvt Ltd,>4
1711,Has relevent experience,3,<10,Pvt Ltd,1
31936,Has relevent experience,16,100-500,Pvt Ltd,2
15967,No relevent experience,<1,,,never
19455,No relevent experience,<1,,,never
18991,No relevent experience,3,,,1
19537,Has relevent experience,3,10/49,,1
30315,No relevent experience,9,100-500,Public Sector,3
12982,Has relevent experience,15,10/49,Pvt Ltd,1
30524,Has relevent experience,16,50-99,Pvt Ltd,1
30346,Has relevent experience,15,50-99,Pvt Ltd,1
32948,Has relevent experience,>20,,,2
22023,No relevent experience,17,,,>4
993,Has relevent experience,17,,,2
11952,No relevent experience,5,,,never
5175,Has relevent experience,>20,10/49,Pvt Ltd,1
24967,No relevent experience,1,<10,Funded Startup,1
17622,Has relevent experience,13,10000+,Pvt Ltd,1
5742,Has relevent experience,>20,50-99,Pvt Ltd,>4
28711,Has relevent experience,10,,,1
32447,No relevent experience,12,<10,Public Sector,1
21600,Has relevent experience,12,<10,Funded Startup,1
7054,Has relevent experience,12,10/49,Pvt Ltd,3
29966,Has relevent experience,11,10000+,Pvt Ltd,>4
17910,No relevent experience,1,,,1
13941,Has relevent experience,7,500-999,Pvt Ltd,2
2095,No relevent experience,9,,,4
13978,No relevent experience,<1,,,1
12887,Has relevent experience,6,,,1
8166,Has relevent experience,14,100-500,NGO,1
31243,No relevent experience,10,,,>4
26217,No relevent experience,6,,,never
25148,Has relevent experience,14,5000-9999,Pvt Ltd,2
32476,Has relevent experience,>20,100-500,Pvt Ltd,>4
10945,Has relevent experience,>20,,,1
16044,No relevent experience,>20,10/49,Pvt Ltd,>4
10852,No relevent experience,2,5000-9999,Public Sector,1
1079,Has relevent experience,>20,1000-4999,Pvt Ltd,>4
31516,Has relevent experience,10,,,>4
24397,No relevent experience,3,50-99,Pvt Ltd,3
12066,Has relevent experience,4,100-500,Pvt Ltd,2
17208,Has relevent experience,13,5000-9999,Pvt Ltd,>4
33208,No relevent experience,4,,,1
5418,No relevent experience,10,100-500,Public Sector,1
24925,No relevent experience,>20,1000-4999,Public Sector,never
28358,Has relevent experience,6,100-500,Pvt Ltd,>4
25052,Has relevent experience,4,<10,Early Stage Startup,never
24543,Has relevent experience,7,10000+,Pvt Ltd,
10369,Has relevent experience,>20,500-999,Pvt Ltd,>4
26247,Has relevent experience,>20,100-500,,>4
15850,Has relevent experience,>20,50-99,Pvt Ltd,1
1732,No relevent experience,3,<10,Early Stage Startup,never
9505,Has relevent experience,7,,,1
15616,Has relevent experience,>20,100-500,Pvt Ltd,>4
26254,No relevent experience,5,10/49,Pvt Ltd,1
22162,Has relevent experience,7,,Pvt Ltd,2
25026,Has relevent experience,2,50-99,Pvt Ltd,1
30064,Has relevent experience,12,10000+,Pvt Ltd,never
9972,Has relevent experience,16,,,3
16122,Has relevent experience,19,10000+,Pvt Ltd,3
11599,Has relevent experience,9,1000-4999,Pvt Ltd,1
2025,No relevent experience,8,,,never
23102,Has relevent experience,>20,,,>4
19925,Has relevent experience,19,100-500,Funded Startup,1
17617,No relevent experience,12,,,1
2197,Has relevent experience,14,10/49,Pvt Ltd,>4
12762,Has relevent experience,5,<10,Early Stage Startup,1
5035,Has relevent experience,14,100-500,Pvt Ltd,1
7971,Has relevent experience,>20,100-500,Pvt Ltd,>4
2693,Has relevent experience,9,5000-9999,Pvt Ltd,1
27619,Has relevent experience,10,50-99,NGO,4
16265,Has relevent experience,14,1000-4999,Pvt Ltd,>4
24386,Has relevent experience,15,10/49,Pvt Ltd,1
6310,Has relevent experience,11,50-99,Pvt Ltd,1
22337,Has relevent experience,4,10000+,Pvt Ltd,2
26059,Has relevent experience,4,50-99,Pvt Ltd,1
2552,Has relevent experience,12,,,>4
21258,Has relevent experience,11,10/49,Early Stage Startup,1
7334,Has relevent experience,9,100-500,Pvt Ltd,3
1971,Has relevent experience,17,50-99,Early Stage Startup,>4
25719,Has relevent experience,2,<10,Early Stage Startup,1
19307,Has relevent experience,10,100-500,Pvt Ltd,2
25611,No relevent experience,2,,,never
24033,No relevent experience,5,50-99,,1
3143,Has relevent experience,17,50-99,Pvt Ltd,3
12090,No relevent experience,5,,,never
17004,Has relevent experience,7,<10,Pvt Ltd,1
26556,Has relevent experience,16,50-99,Pvt Ltd,>4
15834,No relevent experience,5,,,never
31743,No relevent experience,9,,,1
32071,No relevent experience,4,50-99,Pvt Ltd,1
32140,Has relevent experience,>20,5000-9999,Pvt Ltd,>4
16628,No relevent experience,4,,,1
13727,Has relevent experience,5,50-99,Pvt Ltd,1
27798,Has relevent experience,10,100-500,Pvt Ltd,1
12901,Has relevent experience,>20,10000+,Pvt Ltd,2
29153,Has relevent experience,>20,<10,Early Stage Startup,1
24330,Has relevent experience,8,,Pvt Ltd,1
30790,Has relevent experience,12,500-999,Pvt Ltd,2
27229,Has relevent experience,8,100-500,Funded Startup,2
29352,No relevent experience,2,,,1
25818,Has relevent experience,16,,,1
22109,Has relevent experience,9,10/49,Early Stage Startup,never
17032,No relevent experience,3,,,2
11603,No relevent experience,7,100-500,Funded Startup,1
6443,Has relevent experience,14,100-500,Public Sector,3
11268,Has relevent experience,4,,,never
13889,Has relevent experience,6,50-99,Funded Startup,1
20228,Has relevent experience,9,,,1
21768,Has relevent experience,12,10000+,Pvt Ltd,>4
13206,No relevent experience,3,,Pvt Ltd,1
10196,Has relevent experience,16,500-999,Pvt Ltd,3
26164,Has relevent experience,1,50-99,Pvt Ltd,1
1240,Has relevent experience,16,,,3
1806,Has relevent experience,9,,Pvt Ltd,never
20464,No relevent experience,>20,100-500,Pvt Ltd,>4
5043,Has relevent experience,18,,,1
12529,Has relevent experience,>20,<10,Public Sector,>4
7933,No relevent experience,3,,,1
30556,Has relevent experience,5,100-500,Pvt Ltd,1
2838,Has relevent experience,>20,<10,Pvt Ltd,1
26948,No relevent experience,4,100-500,Pvt Ltd,1
24169,Has relevent experience,14,<10,Pvt Ltd,>4
26496,Has relevent experience,>20,,,>4
21543,Has relevent experience,9,500-999,Pvt Ltd,1
30491,Has relevent experience,11,10/49,Pvt Ltd,4
11189,Has relevent experience,14,50-99,,>4
21233,No relevent experience,9,,,2
7631,Has relevent experience,9,,,>4
2160,No relevent experience,6,,,1
11616,Has relevent experience,11,,,never
12543,No relevent experience,15,1000-4999,Public Sector,>4
32164,Has relevent experience,3,100-500,Funded Startup,1
23512,Has relevent experience,>20,10000+,Pvt Ltd,>4
26352,Has relevent experience,7,500-999,Pvt Ltd,never
27533,Has relevent experience,>20,10000+,Pvt Ltd,2
7512,No relevent experience,2,,,never
2284,No relevent experience,4,10/49,Pvt Ltd,1
24064,Has relevent experience,13,,,1
17489,Has relevent experience,8,10/49,Pvt Ltd,1
7285,Has relevent experience,12,10/49,Funded Startup,2
18848,Has relevent experience,6,<10,Other,1
30026,Has relevent experience,>20,5000-9999,Pvt Ltd,>4
27804,Has relevent experience,>20,1000-4999,Pvt Ltd,>4
16092,Has relevent experience,>20,<10,Pvt Ltd,2
15471,No relevent experience,<1,,,never
3236,Has relevent experience,10,100-500,Pvt Ltd,4
9540,Has relevent experience,2,100-500,Pvt Ltd,1
8445,Has relevent experience,9,1000-4999,Pvt Ltd,>4
2719,Has relevent experience,11,50-99,Pvt Ltd,1
30188,No relevent experience,7,,,never
1073,Has relevent experience,14,<10,Early Stage Startup,4
14918,No relevent experience,3,10/49,Pvt Ltd,1
3467,Has relevent experience,13,100-500,Pvt Ltd,2
8443,Has relevent experience,16,,,1
15891,Has relevent experience,>20,10000+,Pvt Ltd,>4
26662,Has relevent experience,15,500-999,Pvt Ltd,>4
52,Has relevent experience,14,100-500,Pvt Ltd,3
22064,No relevent experience,5,,,never
20734,Has relevent experience,17,50-99,Funded Startup,2
5669,Has relevent experience,12,50-99,Pvt Ltd,1
9219,Has relevent experience,2,50-99,Pvt Ltd,2
1243,Has relevent experience,12,100-500,Pvt Ltd,2
27713,No relevent experience,16,,,never
4437,No relevent experience,1,,Pvt Ltd,never
31863,No relevent experience,5,,,2
17456,No relevent experience,5,,,1
24933,No relevent experience,10,500-999,Public Sector,4
23982,Has relevent experience,7,,,never
21273,No relevent experience,3,,,2
19062,Has relevent experience,>20,50-99,Funded Startup,2
5545,No relevent experience,14,1000-4999,Pvt Ltd,1
23950,Has relevent experience,5,50-99,Pvt Ltd,1
33109,Has relevent experience,7,10/49,Early Stage Startup,1
15825,Has relevent experience,>20,50-99,Pvt Ltd,>4
20336,Has relevent experience,17,,,1
26869,Has relevent experience,7,50-99,Early Stage Startup,2
9913,Has relevent experience,18,,,2
32978,No relevent experience,11,5000-9999,Pvt Ltd,1
29528,Has relevent experience,16,50-99,Funded Startup,1
7057,Has relevent experience,4,500-999,Public Sector,1
9611,No relevent experience,6,,,2
29876,Has relevent experience,>20,50-99,Other,>4
24206,Has relevent experience,5,10/49,,2
33362,Has relevent experience,16,10000+,Pvt Ltd,1
26579,No relevent experience,9,,,never
17488,No relevent experience,1,,,1
13048,Has relevent experience,6,50-99,Pvt Ltd,4
5950,Has relevent experience,2,500-999,Pvt Ltd,never
16029,No relevent experience,3,,,>4
22009,Has relevent experience,7,50-99,Early Stage Startup,1
22284,No relevent experience,2,,,
28651,Has relevent experience,14,<10,Early Stage Startup,1
25568,No relevent experience,5,,,never
15594,Has relevent experience,2,50-99,Funded Startup,1
11116,No relevent experience,>20,100-500,Pvt Ltd,4
23954,No relevent experience,4,,,never
30562,Has relevent experience,7,50-99,,1
32131,Has relevent experience,11,,,1
32416,Has relevent experience,2,100-500,Pvt Ltd,1
8703,Has relevent experience,7,100-500,Pvt Ltd,1
27906,Has relevent experience,>20,5000-9999,Pvt Ltd,1
13261,Has relevent experience,>20,10000+,Pvt Ltd,>4
32716,Has relevent experience,17,50-99,Pvt Ltd,1
7306,Has relevent experience,15,,,>4
23819,No relevent experience,3,,,1
31042,Has relevent experience,14,,,2
11671,No relevent experience,6,50-99,,1
28201,No relevent experience,11,,Public Sector,>4
119,Has relevent experience,9,10/49,,2
16818,Has relevent experience,3,50-99,Pvt Ltd,1
25632,Has relevent experience,9,,,4
9532,Has relevent experience,2,10/49,Pvt Ltd,2
18760,Has relevent experience,9,,,1
14323,Has relevent experience,>20,1000-4999,Pvt Ltd,>4
5044,No relevent experience,18,10/49,Pvt Ltd,4
33212,Has relevent experience,>20,,,>4
31851,Has relevent experience,11,10000+,Pvt Ltd,>4
4646,Has relevent experience,2,,,
16806,Has relevent experience,7,100-500,Pvt Ltd,2
29661,No relevent experience,<1,,,never
21079,Has relevent experience,8,,NGO,1
12647,No relevent experience,3,<10,Pvt Ltd,2
4929,Has relevent experience,<1,100-500,Pvt Ltd,1
25334,Has relevent experience,>20,50-99,Pvt Ltd,4
12661,Has relevent experience,19,,,>4
18952,No relevent experience,7,<10,Pvt Ltd,2
10771,Has relevent experience,20,10/49,Pvt Ltd,2
19971,Has relevent experience,>20,10/49,Pvt Ltd,3
4739,Has relevent experience,3,<10,Pvt Ltd,1
16565,Has relevent experience,5,50-99,Pvt Ltd,never
32120,Has relevent experience,15,100-500,Pvt Ltd,1
11182,Has relevent experience,11,50-99,Pvt Ltd,2
11810,Has relevent experience,8,,,2
1809,Has relevent experience,5,,,2
30204,No relevent experience,4,,,1
24440,No relevent experience,3,10/49,,1
24413,No relevent experience,8,,,never
30731,Has relevent experience,>20,10000+,Pvt Ltd,>4
13308,Has relevent experience,11,1000-4999,Pvt Ltd,1
2412,Has relevent experience,12,<10,Funded Startup,2
10004,Has relevent experience,12,,,1
19449,Has relevent experience,7,100-500,Pvt Ltd,4
22721,Has relevent experience,>20,,Pvt Ltd,>4
5324,Has relevent experience,14,10000+,Pvt Ltd,1
633,Has relevent experience,14,10/49,Pvt Ltd,2
32878,Has relevent experience,17,10000+,Pvt Ltd,3
4195,Has relevent experience,5,100-500,Public Sector,1
24785,No relevent experience,4,10000+,Public Sector,1
29778,No relevent experience,1,100-500,Pvt Ltd,1
18770,Has relevent experience,10,10000+,Pvt Ltd,2
29225,Has relevent experience,>20,5000-9999,Pvt Ltd,1
289,Has relevent experience,7,,,2
23015,Has relevent experience,4,<10,Pvt Ltd,2
13909,Has relevent experience,7,100-500,Pvt Ltd,>4
23888,No relevent experience,7,,,never
17996,No relevent experience,3,,,never
11313,Has relevent experience,>20,100-500,Pvt Ltd,>4
21119,No relevent experience,6,,,1
7283,Has relevent experience,10,,,1
5034,No relevent experience,<1,,,never
9814,Has relevent experience,4,10000+,NGO,1
11305,No relevent experience,6,,,1
9070,Has relevent experience,5,500-999,Pvt Ltd,2
23302,Has relevent experience,>20,,,>4
17469,No relevent experience,5,,,never
13084,Has relevent experience,10,100-500,Funded Startup,1
18823,Has relevent experience,8,10000+,Pvt Ltd,1
20593,Has relevent experience,14,1000-4999,Pvt Ltd,3
30436,No relevent experience,6,10000+,Pvt Ltd,1
32957,No relevent experience,4,1000-4999,Pvt Ltd,2
31993,No relevent experience,16,,,>4
15036,No relevent experience,3,,,never
6517,No relevent experience,3,100-500,NGO,never
15008,No relevent experience,1,,,1
8299,No relevent experience,10,10000+,Pvt Ltd,4
3401,Has relevent experience,4,50-99,,1
29053,No relevent experience,3,,,3
21517,Has relevent experience,11,10000+,Pvt Ltd,>4
7299,No relevent experience,1,,,never
19590,Has relevent experience,7,100-500,Pvt Ltd,2
33237,Has relevent experience,14,<10,Pvt Ltd,3
29857,Has relevent experience,>20,1000-4999,Pvt Ltd,>4
2403,Has relevent experience,>20,1000-4999,Pvt Ltd,2
14109,Has relevent experience,11,100-500,Pvt Ltd,1
2479,Has relevent experience,8,,,1
32448,Has relevent experience,11,100-500,Pvt Ltd,1
9905,Has relevent experience,15,100-500,Pvt Ltd,4
27781,No relevent experience,<1,,,never
14812,No relevent experience,19,500-999,Pvt Ltd,>4
18804,Has relevent experience,10,500-999,Pvt Ltd,1
6508,Has relevent experience,19,10000+,Pvt Ltd,>4
3409,Has relevent experience,>20,10/49,Funded Startup,2
10931,Has relevent experience,13,,,3
20672,Has relevent experience,14,,,1
30744,No relevent experience,<1,10/49,NGO,1
11874,No relevent experience,7,,,2
3720,Has relevent experience,>20,500-999,Pvt Ltd,2
8826,Has relevent experience,>20,,,>4
9923,No relevent experience,11,10/49,Pvt Ltd,4
32937,Has relevent experience,16,50-99,Pvt Ltd,>4
30134,No relevent experience,4,,,3
13708,No relevent experience,3,,,
18086,Has relevent experience,<1,50-99,Pvt Ltd,1
24223,Has relevent experience,7,500-999,Pvt Ltd,1
23712,No relevent experience,14,1000-4999,NGO,3
3292,Has relevent experience,5,50-99,Funded Startup,1
28306,Has relevent experience,>20,5000-9999,Public Sector,1
1934,No relevent experience,7,10/49,Funded Startup,2
32818,Has relevent experience,2,10/49,Pvt Ltd,1
32065,Has relevent experience,6,50-99,Pvt Ltd,1
30469,Has relevent experience,18,,,1
23154,Has relevent experience,>20,5000-9999,Pvt Ltd,>4
23487,Has relevent experience,>20,,,never
17737,Has relevent experience,4,50-99,Pvt Ltd,2
19629,No relevent experience,7,10/49,,1
15096,Has relevent experience,17,,,>4
67,Has relevent experience,10,<10,NGO,1
12894,Has relevent experience,4,50-99,Funded Startup,1
5267,Has relevent experience,11,10000+,Pvt Ltd,2
13093,No relevent experience,4,,,never
32611,No relevent experience,9,,,never
343,Has relevent experience,4,,,1
22084,No relevent experience,9,,,never
19214,Has relevent experience,3,50-99,Pvt Ltd,never
23398,Has relevent experience,15,50-99,Funded Startup,1
27503,Has relevent experience,9,1000-4999,Pvt Ltd,2
29444,No relevent experience,10,50-99,Public Sector,1
18277,Has relevent experience,>20,10000+,Pvt Ltd,>4
664,Has relevent experience,6,50-99,Pvt Ltd,4
21101,No relevent experience,2,,,1
20929,Has relevent experience,5,100-500,Pvt Ltd,2
28882,Has relevent experience,>20,,,1
10566,No relevent experience,15,10000+,Pvt Ltd,2
26717,Has relevent experience,16,10000+,Pvt Ltd,>4
23306,No relevent experience,7,,,never
26991,Has relevent experience,11,10/49,Early Stage Startup,1
10743,Has relevent experience,2,50-99,Pvt Ltd,1
20366,Has relevent experience,9,100-500,Pvt Ltd,1
25400,No relevent experience,2,,,never
23058,No relevent experience,2,,,1
6541,Has relevent experience,>20,,,>4
2243,Has relevent experience,1,50-99,Pvt Ltd,never
29656,Has relevent experience,3,,,never
28364,Has relevent experience,3,10/49,Pvt Ltd,1
18602,Has relevent experience,3,10/49,Pvt Ltd,1
1956,Has relevent experience,2,<10,Pvt Ltd,2
25537,Has relevent experience,>20,1000-4999,Pvt Ltd,2
9730,Has relevent experience,8,,,2
21221,Has relevent experience,15,10000+,Pvt Ltd,3
1911,Has relevent experience,6,<10,Pvt Ltd,2
12428,Has relevent experience,10,10000+,Pvt Ltd,2
14858,No relevent experience,<1,1000-4999,Pvt Ltd,
10451,No relevent experience,5,,,never
7291,Has relevent experience,>20,5000-9999,Pvt Ltd,4
888,No relevent experience,5,,,1
8961,No relevent experience,6,100-500,Pvt Ltd,2
30938,Has relevent experience,9,500-999,Funded Startup,2
31314,No relevent experience,2,<10,Early Stage Startup,2
1944,No relevent experience,4,<10,Early Stage Startup,1
25501,Has relevent experience,5,,,1
29458,No relevent experience,4,,,1
4241,No relevent experience,5,,,1
32998,No relevent experience,14,1000-4999,Pvt Ltd,>4
27914,No relevent experience,2,10/49,Pvt Ltd,1
15528,Has relevent experience,5,5000-9999,Pvt Ltd,2
31430,Has relevent experience,>20,10000+,Pvt Ltd,>4
4574,Has relevent experience,8,100-500,Pvt Ltd,>4
8603,No relevent experience,7,,,>4
29514,No relevent experience,4,,,1
10867,No relevent experience,2,,,never
21252,No relevent experience,5,,,3
9,Has relevent experience,>20,,,>4
23585,Has relevent experience,6,500-999,Pvt Ltd,>4
3940,Has relevent experience,7,50-99,Pvt Ltd,2
28426,Has relevent experience,>20,50-99,Pvt Ltd,1
31486,Has relevent experience,3,50-99,Pvt Ltd,2
18143,Has relevent experience,4,50-99,,2
18583,Has relevent experience,8,100-500,NGO,1
26290,No relevent experience,4,,,1
1119,Has relevent experience,19,100-500,Pvt Ltd,1
16002,Has relevent experience,8,50-99,Pvt Ltd,4
13676,Has relevent experience,8,100-500,Pvt Ltd,3
27859,No relevent experience,4,50-99,Funded Startup,1
15262,Has relevent experience,9,10/49,Funded Startup,2
21582,Has relevent experience,>20,,,>4
29141,Has relevent experience,14,<10,Pvt Ltd,1
13812,No relevent experience,>20,100-500,Public Sector,>4
25490,Has relevent experience,2,10/49,Pvt Ltd,never
2435,Has relevent experience,17,100-500,Pvt Ltd,1
18326,No relevent experience,2,,,2
32146,No relevent experience,8,1000-4999,Pvt Ltd,1
23320,No relevent experience,1,,,1
27777,Has relevent experience,4,10000+,Pvt Ltd,
15669,Has relevent experience,4,,,never
26348,Has relevent experience,13,50-99,Pvt Ltd,1
32176,No relevent experience,2,<10,Other,2
16257,Has relevent experience,16,,,3
15667,Has relevent experience,10,10000+,Pvt Ltd,1
25232,Has relevent experience,15,,,never
32684,Has relevent experience,11,,,1
19207,Has relevent experience,9,100-500,Funded Startup,4
3461,Has relevent experience,16,100-500,Pvt Ltd,>4
17573,Has relevent experience,13,100-500,Pvt Ltd,3
26299,No relevent experience,3,,,1
25172,No relevent experience,>20,10000+,Pvt Ltd,>4
13018,Has relevent experience,>20,10000+,Pvt Ltd,>4
13359,Has relevent experience,7,5000-9999,Pvt Ltd,>4
16609,Has relevent experience,9,50-99,Pvt Ltd,1
31682,Has relevent experience,6,50-99,Pvt Ltd,2
12073,Has relevent experience,2,100-500,Early Stage Startup,1
14219,Has relevent experience,13,50-99,Pvt Ltd,1
28966,No relevent experience,13,100-500,Funded Startup,1
4698,Has relevent experience,13,,,1
29801,No relevent experience,5,,,1
10467,Has relevent experience,>20,100-500,Public Sector,>4
29160,No relevent experience,5,,,1
18844,Has relevent experience,>20,500-999,Pvt Ltd,>4
21882,Has relevent experience,11,10000+,Pvt Ltd,1
21404,Has relevent experience,3,10000+,Pvt Ltd,1
32093,Has relevent experience,3,10/49,Funded Startup,1
11012,Has relevent experience,>20,,,never
30566,No relevent experience,<1,,,never
4430,Has relevent experience,13,<10,Pvt Ltd,2
8638,Has relevent experience,14,50-99,Funded Startup,3
16788,No relevent experience,<1,,,never
19574,Has relevent experience,8,10000+,,>4
16115,Has relevent experience,20,,,2
17863,Has relevent experience,>20,,,>4
17942,Has relevent experience,8,50-99,Pvt Ltd,2
21207,Has relevent experience,5,50-99,Pvt Ltd,2
19804,Has relevent experience,10,5000-9999,Pvt Ltd,1
3080,Has relevent experience,9,10000+,Pvt Ltd,4
18439,Has relevent experience,5,<10,Pvt Ltd,never
17564,Has relevent experience,14,1000-4999,Pvt Ltd,2
14094,Has relevent experience,11,<10,Pvt Ltd,1
29548,Has relevent experience,>20,10000+,Pvt Ltd,>4
1868,Has relevent experience,7,10/49,Pvt Ltd,1
1646,Has relevent experience,6,1000-4999,Pvt Ltd,1
12501,No relevent experience,15,5000-9999,Pvt Ltd,>4
33082,Has relevent experience,6,10/49,Pvt Ltd,1
22159,Has relevent experience,12,1000-4999,Pvt Ltd,1
20406,No relevent experience,1,,,never
4638,Has relevent experience,4,,,1
33084,Has relevent experience,15,50-99,Funded Startup,2
22267,Has relevent experience,>20,,,1
27486,No relevent experience,10,,,never
445,Has relevent experience,11,500-999,Pvt Ltd,>4
30337,No relevent experience,3,,,never
21311,No relevent experience,<1,10/49,Pvt Ltd,1
10964,No relevent experience,3,,,never
28510,Has relevent experience,5,1000-4999,Pvt Ltd,1
21481,No relevent experience,4,100-500,Pvt Ltd,3
9235,No relevent experience,3,,,1
11975,Has relevent experience,8,50-99,Pvt Ltd,>4
1871,Has relevent experience,3,50-99,Pvt Ltd,1
22483,Has relevent experience,5,10000+,Pvt Ltd,1
18031,Has relevent experience,>20,,,>4
28811,Has relevent experience,20,,,1
26049,No relevent experience,1,,,never
7523,No relevent experience,7,,,never
30321,No relevent experience,11,10000+,Pvt Ltd,1
10780,No relevent experience,2,,,never
6885,Has relevent experience,>20,10000+,Pvt Ltd,2
24855,Has relevent experience,10,100-500,Public Sector,1
15314,No relevent experience,5,100-500,Pvt Ltd,1
27500,Has relevent experience,15,100-500,Pvt Ltd,2
7936,Has relevent experience,8,10000+,Pvt Ltd,2
21405,Has relevent experience,3,,,1
22432,Has relevent experience,10,5000-9999,Pvt Ltd,>4
7781,No relevent experience,7,,,1
20524,Has relevent experience,10,1000-4999,Pvt Ltd,1
24615,No relevent experience,17,100-500,NGO,4
20455,No relevent experience,9,,,1
31515,Has relevent experience,>20,10/49,Pvt Ltd,>4
10315,Has relevent experience,14,10000+,Pvt Ltd,1
22588,Has relevent experience,>20,100-500,Pvt Ltd,1
24086,No relevent experience,10,,,1
6725,Has relevent experience,4,50-99,Pvt Ltd,4
20820,Has relevent experience,16,100-500,Pvt Ltd,>4
23250,Has relevent experience,12,10000+,Pvt Ltd,4
7935,Has relevent experience,<1,,,1
13568,Has relevent experience,2,500-999,Pvt Ltd,2
1477,Has relevent experience,>20,10000+,Pvt Ltd,1
9019,Has relevent experience,4,10/49,Pvt Ltd,3
19257,No relevent experience,18,,,>4
738,Has relevent experience,10,10000+,Public Sector,>4
30620,Has relevent experience,10,1000-4999,Pvt Ltd,2
25836,Has relevent experience,16,<10,Pvt Ltd,1
16506,Has relevent experience,13,1000-4999,Pvt Ltd,2
9520,Has relevent experience,10,<10,Pvt Ltd,1
19010,Has relevent experience,6,5000-9999,,1
5668,No relevent experience,1,,,never
6516,Has relevent experience,6,500-999,Pvt Ltd,never
2473,Has relevent experience,19,100-500,NGO,2
2388,Has relevent experience,4,,,1
24139,Has relevent experience,6,500-999,Pvt Ltd,2
11535,Has relevent experience,3,10000+,Pvt Ltd,2
27407,Has relevent experience,11,10000+,Pvt Ltd,1
30612,No relevent experience,7,,,never
3430,No relevent experience,2,,,never
8236,No relevent experience,5,,,never
21060,No relevent experience,8,500-999,Pvt Ltd,1
29272,Has relevent experience,5,10000+,Pvt Ltd,1
2301,Has relevent experience,8,50-99,Pvt Ltd,1
14054,No relevent experience,>20,<10,Pvt Ltd,never
31081,Has relevent experience,2,,,1
22286,No relevent experience,19,,,2
19853,Has relevent experience,5,1000-4999,,never
20537,Has relevent experience,>20,,,>4
23893,No relevent experience,14,,,1
8680,Has relevent experience,19,500-999,Pvt Ltd,2
28168,Has relevent experience,5,100-500,Pvt Ltd,2
7366,No relevent experience,2,,,never
19079,Has relevent experience,13,50-99,Pvt Ltd,2
32362,Has relevent experience,>20,,,3
4992,No relevent experience,7,100-500,Pvt Ltd,never
7756,Has relevent experience,2,<10,Early Stage Startup,
28425,Has relevent experience,15,50-99,Funded Startup,2
21942,No relevent experience,3,,,1
24185,Has relevent experience,1,10/49,Pvt Ltd,1
8051,Has relevent experience,11,500-999,Pvt Ltd,>4
19665,Has relevent experience,8,10000+,Pvt Ltd,1
16433,Has relevent experience,8,10000+,Pvt Ltd,>4
31306,Has relevent experience,>20,100-500,Public Sector,>4
24168,Has relevent experience,17,100-500,Pvt Ltd,1
14724,Has relevent experience,5,1000-4999,Pvt Ltd,never
29365,Has relevent experience,>20,50-99,Pvt Ltd,>4
12847,Has relevent experience,10,100-500,Pvt Ltd,1
21118,Has relevent experience,11,<10,Funded Startup,2
8629,No relevent experience,2,10/49,Early Stage Startup,1
3664,No relevent experience,>20,1000-4999,Pvt Ltd,1
27637,Has relevent experience,>20,500-999,Public Sector,3
1878,Has relevent experience,>20,,,>4
1169,Has relevent experience,12,500-999,Public Sector,never
21862,Has relevent experience,,50-99,NGO,1
20500,Has relevent experience,3,50-99,Pvt Ltd,2
15734,Has relevent experience,>20,,Public Sector,4
4336,Has relevent experience,10,10000+,Pvt Ltd,1
14479,Has relevent experience,8,100-500,Pvt Ltd,1
19474,No relevent experience,2,,,1
15954,Has relevent experience,15,10000+,Pvt Ltd,1
3655,Has relevent experience,8,50-99,Pvt Ltd,never
18725,Has relevent experience,10,,Pvt Ltd,1
32769,Has relevent experience,6,<10,Early Stage Startup,1
18365,Has relevent experience,15,50-99,Funded Startup,4
6616,Has relevent experience,4,10/49,Pvt Ltd,1
29608,Has relevent experience,>20,500-999,,1
23813,Has relevent experience,20,5000-9999,Pvt Ltd,>4
24992,Has relevent experience,8,100-500,,1
23460,Has relevent experience,6,,,never
27217,No relevent experience,7,5000-9999,Pvt Ltd,2
229,No relevent experience,14,5000-9999,Public Sector,>4
32169,Has relevent experience,15,50-99,Funded Startup,1
28618,Has relevent experience,5,500-999,Pvt Ltd,1
12534,Has relevent experience,4,500-999,Pvt Ltd,1
31453,Has relevent experience,4,100-500,Pvt Ltd,4
15625,Has relevent experience,9,5000-9999,,1
12414,Has relevent experience,1,50-99,Pvt Ltd,1
32454,Has relevent experience,19,100-500,Pvt Ltd,1
16783,Has relevent experience,9,10000+,Public Sector,1
23314,Has relevent experience,11,10/49,Pvt Ltd,1
14811,Has relevent experience,16,10000+,Pvt Ltd,1
17516,Has relevent experience,>20,1000-4999,Pvt Ltd,1
2179,Has relevent experience,11,50-99,Pvt Ltd,1
5480,No relevent experience,2,,Pvt Ltd,never
5432,No relevent experience,<1,,,2
6712,No relevent experience,15,5000-9999,Pvt Ltd,1
5939,Has relevent experience,>20,,,2
18504,Has relevent experience,5,100-500,Pvt Ltd,4
24871,Has relevent experience,2,1000-4999,Pvt Ltd,1
1339,No relevent experience,3,,,>4
14590,Has relevent experience,5,50-99,Pvt Ltd,3
20051,Has relevent experience,16,50-99,Pvt Ltd,2
25065,Has relevent experience,4,500-999,Pvt Ltd,2
18994,Has relevent experience,18,1000-4999,Pvt Ltd,1
30820,Has relevent experience,8,,,2
2012,Has relevent experience,20,10000+,Pvt Ltd,>4
6124,Has relevent experience,5,50-99,Pvt Ltd,1
30830,Has relevent experience,>20,10000+,Pvt Ltd,>4
11753,Has relevent experience,5,,,never
20501,No relevent experience,>20,50-99,NGO,>4
15779,Has relevent experience,11,,,1
3627,Has relevent experience,6,,,1
21456,No relevent experience,3,,,never
6708,Has relevent experience,5,50-99,Pvt Ltd,1
15179,No relevent experience,5,,,never
14138,Has relevent experience,19,100-500,Public Sector,>4
5894,Has relevent experience,5,10000+,Pvt Ltd,2
18479,Has relevent experience,6,10000+,Pvt Ltd,2
29313,Has relevent experience,12,10/49,Pvt Ltd,>4
33195,Has relevent experience,>20,,,>4
1775,Has relevent experience,10,100-500,Pvt Ltd,>4
30392,No relevent experience,2,,,1
17279,Has relevent experience,7,,,1
14457,Has relevent experience,>20,50-99,Pvt Ltd,never
28873,Has relevent experience,2,100-500,NGO,1
1750,No relevent experience,15,50-99,Pvt Ltd,3
25095,Has relevent experience,>20,50-99,Pvt Ltd,3
10379,Has relevent experience,2,100-500,Pvt Ltd,1
28077,No relevent experience,7,1000-4999,NGO,4
24123,Has relevent experience,7,10000+,Pvt Ltd,1
23694,No relevent experience,3,10000+,Pvt Ltd,3
7074,Has relevent experience,5,<10,Pvt Ltd,1
14469,Has relevent experience,5,100-500,Pvt Ltd,1
8157,No relevent experience,15,,,>4
11531,No relevent experience,>20,5000-9999,Pvt Ltd,1
17223,No relevent experience,1,,,
10381,Has relevent experience,19,10000+,Pvt Ltd,
27340,Has relevent experience,18,50-99,Pvt Ltd,>4
31805,Has relevent experience,17,50-99,Pvt Ltd,1
27913,Has relevent experience,8,50-99,Pvt Ltd,3
1258,Has relevent experience,1,100-500,Pvt Ltd,1
13502,No relevent experience,3,1000-4999,Pvt Ltd,>4
3899,Has relevent experience,>20,,,never
16045,Has relevent experience,16,50-99,,2
26721,No relevent experience,10,,,never
13421,No relevent experience,9,,,never
32382,Has relevent experience,2,5000-9999,Pvt Ltd,1
4092,Has relevent experience,4,10000+,Pvt Ltd,2
1730,Has relevent experience,7,10000+,Pvt Ltd,4
6747,Has relevent experience,<1,50-99,Pvt Ltd,3
24029,Has relevent experience,6,100-500,,never
1566,Has relevent experience,5,5000-9999,Pvt Ltd,2
32047,Has relevent experience,4,50-99,Public Sector,2
3483,No relevent experience,3,500-999,Public Sector,1
16974,Has relevent experience,3,,,2
26399,Has relevent experience,7,,,2
17805,Has relevent experience,>20,500-999,Pvt Ltd,>4
29051,Has relevent experience,18,100-500,Pvt Ltd,never
25005,No relevent experience,5,,,never
26815,No relevent experience,9,,,1
4577,Has relevent experience,6,10/49,,
9380,No relevent experience,9,,,1
3061,Has relevent experience,9,50-99,Pvt Ltd,2
23367,Has relevent experience,8,1000-4999,Pvt Ltd,1
15239,Has relevent experience,12,50-99,Pvt Ltd,>4
15207,No relevent experience,7,,,1
20553,Has relevent experience,6,100-500,Other,1
7101,No relevent experience,4,,,1
211,Has relevent experience,17,,Pvt Ltd,1
32514,Has relevent experience,6,50-99,Pvt Ltd,1
31705,Has relevent experience,15,,,>4
13921,Has relevent experience,15,10000+,Pvt Ltd,>4
7704,Has relevent experience,8,500-999,Pvt Ltd,3
1931,Has relevent experience,>20,,,1
6563,Has relevent experience,3,100-500,Pvt Ltd,>4
351,No relevent experience,19,10/49,Pvt Ltd,>4
3662,Has relevent experience,>20,,,2
25236,Has relevent experience,5,10/49,Pvt Ltd,2
2208,Has relevent experience,2,50-99,Pvt Ltd,1
19144,Has relevent experience,11,,,1
16789,Has relevent experience,12,10000+,Pvt Ltd,3
8597,Has relevent experience,5,50-99,Pvt Ltd,never
6230,No relevent experience,<1,,,4
28289,Has relevent experience,>20,10000+,Pvt Ltd,4
20521,Has relevent experience,12,50-99,Pvt Ltd,1
26637,No relevent experience,13,50-99,NGO,2
10827,No relevent experience,4,<10,Early Stage Startup,1
25096,Has relevent experience,9,50-99,Pvt Ltd,1
32400,No relevent experience,4,,,1
7764,Has relevent experience,>20,<10,Pvt Ltd,>4
11266,Has relevent experience,18,<10,Early Stage Startup,4
20926,No relevent experience,7,,,1
720,No relevent experience,13,,,1
13804,Has relevent experience,7,100-500,Pvt Ltd,1
18774,Has relevent experience,15,,,1
8555,Has relevent experience,10,50-99,Pvt Ltd,1
8832,Has relevent experience,20,,,>4
11038,No relevent experience,9,,,never
20692,Has relevent experience,4,10/49,Pvt Ltd,2
14738,Has relevent experience,4,5000-9999,Pvt Ltd,never
21261,No relevent experience,6,,Public Sector,1
16740,Has relevent experience,9,1000-4999,Pvt Ltd,2
18637,No relevent experience,3,5000-9999,Public Sector,1
7468,No relevent experience,2,,,never
17729,No relevent experience,6,,,1
22825,Has relevent experience,>20,10000+,Pvt Ltd,1
23972,Has relevent experience,19,1000-4999,Pvt Ltd,>4
1177,Has relevent experience,2,50-99,Pvt Ltd,1
21711,Has relevent experience,17,1000-4999,Pvt Ltd,>4
10336,Has relevent experience,17,,,1
4420,No relevent experience,3,<10,Pvt Ltd,1
28803,Has relevent experience,>20,50-99,Pvt Ltd,1
10045,Has relevent experience,7,500-999,Pvt Ltd,1
4044,Has relevent experience,13,100-500,Pvt Ltd,1
30314,Has relevent experience,6,,,1
2646,No relevent experience,>20,<10,Pvt Ltd,>4
16416,No relevent experience,6,10000+,Pvt Ltd,2
2678,No relevent experience,>20,50-99,Pvt Ltd,
19078,Has relevent experience,5,500-999,Pvt Ltd,2
26999,No relevent experience,3,<10,Early Stage Startup,1
30261,Has relevent experience,>20,100-500,Funded Startup,2
17108,Has relevent experience,6,10/49,Pvt Ltd,1
10274,Has relevent experience,12,,,2
31320,Has relevent experience,9,50-99,Pvt Ltd,1
20603,Has relevent experience,14,1000-4999,Public Sector,1
19122,Has relevent experience,15,10000+,Pvt Ltd,>4
25215,Has relevent experience,6,10000+,,2
30327,No relevent experience,14,,,never
3836,Has relevent experience,>20,10000+,Pvt Ltd,>4
14988,Has relevent experience,>20,,,2
32072,Has relevent experience,6,50-99,Pvt Ltd,never
31115,Has relevent experience,7,10/49,Funded Startup,1
30376,No relevent experience,2,,,never
25409,No relevent experience,14,<10,Pvt Ltd,1
27960,Has relevent experience,6,1000-4999,Pvt Ltd,1
19799,Has relevent experience,>20,50-99,Funded Startup,1
15235,Has relevent experience,>20,,Pvt Ltd,1
25199,No relevent experience,12,,,2
26499,Has relevent experience,>20,,,>4
13454,Has relevent experience,5,10/49,NGO,1
14702,Has relevent experience,1,50-99,Pvt Ltd,1
19493,No relevent experience,1,5000-9999,Pvt Ltd,1
15265,Has relevent experience,>20,50-99,Pvt Ltd,>4
5694,No relevent experience,2,<10,Pvt Ltd,never
27000,Has relevent experience,12,50-99,Funded Startup,1
3876,Has relevent experience,7,5000-9999,,3
30212,Has relevent experience,>20,,,1
16685,Has relevent experience,5,,,never
27204,Has relevent experience,3,,,3
31482,Has relevent experience,2,50-99,Early Stage Startup,1
21567,Has relevent experience,11,50-99,Pvt Ltd,>4
14257,No relevent experience,13,10/49,NGO,1
3604,Has relevent experience,16,,,>4
11178,Has relevent experience,4,,,1
6572,Has relevent experience,>20,500-999,Pvt Ltd,4
21112,Has relevent experience,7,50-99,Public Sector,1
22184,Has relevent experience,>20,10000+,Pvt Ltd,>4
22528,Has relevent experience,16,,,>4
33253,Has relevent experience,18,,,>4
30066,Has relevent experience,3,,,1
30117,Has relevent experience,10,1000-4999,Pvt Ltd,1
24443,Has relevent experience,6,100-500,Pvt Ltd,4
7304,Has relevent experience,>20,,,never
30614,Has relevent experience,12,1000-4999,Pvt Ltd,1
497,Has relevent experience,>20,100-500,Funded Startup,3
6401,Has relevent experience,>20,10000+,Pvt Ltd,2
31421,No relevent experience,>20,100-500,Pvt Ltd,>4
14842,Has relevent experience,>20,10/49,Pvt Ltd,2
30902,Has relevent experience,>20,50-99,Pvt Ltd,1
23842,Has relevent experience,15,50-99,Pvt Ltd,3
13225,Has relevent experience,18,50-99,Pvt Ltd,>4
21914,No relevent experience,6,100-500,NGO,>4
2242,No relevent experience,3,,Pvt Ltd,never
13085,No relevent experience,7,,,1
3079,Has relevent experience,8,100-500,Pvt Ltd,1
23590,Has relevent experience,5,,,4
28386,No relevent experience,>20,<10,Early Stage Startup,>4
8924,Has relevent experience,4,50-99,Pvt Ltd,1
18283,No relevent experience,2,10000+,Public Sector,1
6801,Has relevent experience,4,50-99,Pvt Ltd,1
18351,No relevent experience,3,,,1
6877,Has relevent experience,10,50-99,Pvt Ltd,1
32397,Has relevent experience,20,10000+,Pvt Ltd,1
10152,Has relevent experience,9,50-99,,1
23917,No relevent experience,3,,,never
12862,No relevent experience,8,,Public Sector,1
17245,Has relevent experience,10,<10,Pvt Ltd,2
6994,Has relevent experience,8,,,3
20469,Has relevent experience,5,50-99,Pvt Ltd,>4
1981,Has relevent experience,18,,,1
33043,Has relevent experience,11,50-99,Pvt Ltd,>4
21006,Has relevent experience,17,100-500,Pvt Ltd,2
26349,Has relevent experience,>20,,,1
19069,Has relevent experience,7,10000+,Pvt Ltd,3
26317,Has relevent experience,14,10000+,Pvt Ltd,2
28660,Has relevent experience,5,10000+,Pvt Ltd,1
21546,No relevent experience,2,500-999,Pvt Ltd,1
11226,No relevent experience,3,10/49,NGO,1
17077,No relevent experience,,,,never
30738,Has relevent experience,5,500-999,Pvt Ltd,>4
17388,No relevent experience,6,,,never
4896,Has relevent experience,2,50-99,Pvt Ltd,1
11482,Has relevent experience,14,50-99,Pvt Ltd,4
30164,Has relevent experience,16,5000-9999,Public Sector,>4
6374,Has relevent experience,14,<10,Pvt Ltd,1
24882,Has relevent experience,12,10000+,Pvt Ltd,1
29181,Has relevent experience,16,,,1
19470,Has relevent experience,>20,,,3
27394,Has relevent experience,16,1000-4999,Public Sector,1
20685,No relevent experience,9,,,never
6394,Has relevent experience,7,500-999,Pvt Ltd,2
23543,Has relevent experience,>20,,,1
30949,Has relevent experience,20,100-500,Public Sector,1
6023,Has relevent experience,15,,Pvt Ltd,>4
1769,Has relevent experience,>20,<10,Pvt Ltd,>4
29449,No relevent experience,<1,,,1
17966,No relevent experience,3,,,
14441,Has relevent experience,6,50-99,Early Stage Startup,2
33060,No relevent experience,3,10/49,Funded Startup,1
6625,Has relevent experience,8,1000-4999,Pvt Ltd,>4
10182,Has relevent experience,5,500-999,Pvt Ltd,2
21106,Has relevent experience,7,100-500,Pvt Ltd,1
12700,Has relevent experience,8,100-500,Pvt Ltd,1
29577,Has relevent experience,9,,,1
15374,No relevent experience,5,10/49,,never
31734,Has relevent experience,2,10/49,Early Stage Startup,1
11988,No relevent experience,4,,,never
16471,Has relevent experience,1,<10,Pvt Ltd,1
27422,No relevent experience,8,1000-4999,Pvt Ltd,1
26961,Has relevent experience,6,100-500,Pvt Ltd,1
14225,Has relevent experience,>20,50-99,Pvt Ltd,>4
15607,Has relevent experience,17,1000-4999,Pvt Ltd,4
8378,No relevent experience,3,,,never
14635,No relevent experience,19,,,>4
215,Has relevent experience,14,<10,Pvt Ltd,2
7305,Has relevent experience,10,,,>4
28729,No relevent experience,3,10000+,NGO,1
12193,Has relevent experience,>20,10000+,Pvt Ltd,1
3695,Has relevent experience,5,50-99,Pvt Ltd,1
17023,Has relevent experience,>20,100-500,Pvt Ltd,1
14903,No relevent experience,4,,,never
4260,No relevent experience,4,,Pvt Ltd,never
29787,No relevent experience,11,,,never
26153,No relevent experience,1,1000-4999,,1
17005,No relevent experience,>20,1000-4999,Pvt Ltd,>4
29398,Has relevent experience,6,,,>4
30251,Has relevent experience,>20,50-99,Pvt Ltd,1
22963,Has relevent experience,>20,100-500,Pvt Ltd,>4
27194,Has relevent experience,14,100-500,Pvt Ltd,1
16405,Has relevent experience,5,100-500,Funded Startup,>4
16094,Has relevent experience,15,50-99,Pvt Ltd,3
7435,Has relevent experience,>20,10000+,Pvt Ltd,>4
24852,Has relevent experience,2,100-500,Pvt Ltd,1
18523,No relevent experience,1,10000+,Pvt Ltd,never
15915,Has relevent experience,10,50-99,Pvt Ltd,>4
22375,Has relevent experience,>20,,,1
27838,No relevent experience,>20,10000+,Pvt Ltd,>4
6808,Has relevent experience,<1,,,1
3022,Has relevent experience,3,50-99,Pvt Ltd,1
31832,No relevent experience,10,5000-9999,Pvt Ltd,1
6020,Has relevent experience,20,,,4
25566,Has relevent experience,17,100-500,Pvt Ltd,2
11669,Has relevent experience,19,50-99,Pvt Ltd,4
2223,Has relevent experience,>20,10000+,Pvt Ltd,2
16684,No relevent experience,2,,,1
3966,No relevent experience,6,,,1
18039,Has relevent experience,9,500-999,Pvt Ltd,1
3825,Has relevent experience,>20,100-500,Pvt Ltd,2
15806,No relevent experience,3,,Public Sector,never
6606,Has relevent experience,6,10000+,Pvt Ltd,1
25447,Has relevent experience,>20,1000-4999,Pvt Ltd,>4
4390,Has relevent experience,6,10000+,Pvt Ltd,2
3230,Has relevent experience,12,50-99,Pvt Ltd,1
16368,No relevent experience,4,,,2
6803,Has relevent experience,10,10000+,Pvt Ltd,1
25824,No relevent experience,1,,,never
32932,Has relevent experience,>20,1000-4999,Pvt Ltd,>4
17873,Has relevent experience,9,100-500,Pvt Ltd,2
10791,Has relevent experience,>20,,,1
18131,No relevent experience,6,100-500,Public Sector,
15133,No relevent experience,3,,,1
15038,Has relevent experience,8,1000-4999,Pvt Ltd,3
21334,Has relevent experience,4,10/49,Pvt Ltd,never
1281,Has relevent experience,6,10/49,Early Stage Startup,1
1229,Has relevent experience,9,100-500,Pvt Ltd,1
2225,Has relevent experience,12,10/49,Pvt Ltd,3
11622,No relevent experience,6,,,
12539,No relevent experience,<1,<10,,>4
6953,Has relevent experience,18,,,2
23428,No relevent experience,7,,,never
3458,Has relevent experience,>20,,,>4
12211,No relevent experience,1,,,never
935,Has relevent experience,5,10/49,,2
7887,No relevent experience,4,10/49,Pvt Ltd,2
1940,Has relevent experience,>20,100-500,Pvt Ltd,1
27018,Has relevent experience,8,<10,Pvt Ltd,3
8441,Has relevent experience,2,<10,Pvt Ltd,2
18750,Has relevent experience,12,10/49,Early Stage Startup,>4
20996,No relevent experience,<1,,,never
15889,Has relevent experience,6,500-999,Public Sector,1
549,Has relevent experience,8,10000+,Public Sector,1
3365,Has relevent experience,>20,1000-4999,Pvt Ltd,>4
9651,No relevent experience,3,,Public Sector,1
20668,Has relevent experience,11,100-500,Pvt Ltd,>4
18072,No relevent experience,8,10000+,,1
15549,Has relevent experience,10,500-999,Pvt Ltd,1
25191,Has relevent experience,16,10/49,Pvt Ltd,1
28798,Has relevent experience,12,500-999,Pvt Ltd,>4
20520,Has relevent experience,8,50-99,Public Sector,2
23672,Has relevent experience,6,,,1
22620,Has relevent experience,8,50-99,Pvt Ltd,>4
19765,Has relevent experience,11,100-500,Pvt Ltd,1
5603,Has relevent experience,4,,,
11398,No relevent experience,2,,,never
7782,Has relevent experience,17,10/49,Funded Startup,3
13750,Has relevent experience,5,10/49,Early Stage Startup,1
33047,Has relevent experience,>20,10000+,Pvt Ltd,>4
17191,No relevent experience,4,,,never
155,No relevent experience,5,,Pvt Ltd,never
13167,Has relevent experience,5,500-999,Pvt Ltd,1
21319,No relevent experience,1,100-500,Pvt Ltd,1
9212,Has relevent experience,3,100-500,Pvt Ltd,3
251,Has relevent experience,9,50-99,Pvt Ltd,1
32313,Has relevent experience,10,100-500,Public Sector,3
11385,No relevent experience,2,,,1
29754,Has relevent experience,7,10/49,Funded Startup,1
7386,No relevent experience,14,,,1
31398,Has relevent experience,14,,,4
24576,Has relevent experience,>20,50-99,Pvt Ltd,4
5756,Has relevent experience,<1,500-999,Pvt Ltd,2
23834,No relevent experience,2,,,1
